[23:59:20.148][INFO]: Successfully identified and loaded plugin botania:default
[23:59:20.151][INFO]: Successfully identified and loaded plugin jeitweaker:default
[23:59:20.158][INFO]: Successfully identified and loaded plugin crafttweaker:builtin
[23:59:20.159][INFO]: Successfully identified and loaded plugin crafttweaker:builtin_forge
[23:59:20.162][INFO]: Successfully identified and loaded plugin mekanism:crt_plugin
[23:59:20.893][INFO]: The following mods have explicit CraftTweaker support through the default plugin:
[23:59:20.894][INFO]: - 'botania' at version '1.18.2-435'
[23:59:20.894][INFO]: - 'crafttweaker' at version '9.1.213'
[23:59:20.894][INFO]: - 'createtweaker' at version '2.0.0.20'
[23:59:20.894][INFO]: - 'initialinventory' at version '6.0.8'
[23:59:20.894][INFO]: - 'jeitweaker' at version '3.0.0.9'
[23:59:20.894][INFO]: - 'mekanism' at version '10.2.5'
[23:59:20.894][INFO]: - 'thermal' at version '9.2.2'
[23:59:20.894][INFO]: - 'thermal_foundation' at version '9.2.2'
[23:59:29.604][INFO]: Started loading scripts for loader 'mekanismcontent'
[23:59:29.829][INFO]: Compiling and executing scripts
[23:59:30.262][INFO]: Successfully initialized modules [mods, crafttweaker, expansions]
[23:59:30.264][INFO]: Loading file 'MekanismCustom.zs' with priority 0
[23:59:30.266][ERROR]: Error while compiling scripts: 
org.openzen.zencode.shared.CompileException: MekanismCustom.zs:10:0: Could not find type crafttweaker.api.util.MCResourceLocation
	at TRANSFORMER/crafttweaker@9.1.213/org.openzen.zenscript.parser.ParsedFile.loadImports(ParsedFile.java:337)
	at TRANSFORMER/crafttweaker@9.1.213/org.openzen.zenscript.parser.ParsedFile.compileCode(ParsedFile.java:303)
	at TRANSFORMER/crafttweaker@9.1.213/org.openzen.zenscript.parser.ParsedFile.compileSyntaxToSemantic(ParsedFile.java:126)
	at TRANSFORMER/crafttweaker@9.1.213/org.openzen.zencode.java.ScriptingEngine.createScriptedModule(ScriptingEngine.java:134)
	at TRANSFORMER/crafttweaker@9.1.213/com.blamejared.crafttweaker.impl.script.scriptrun.runner.ScriptRunner.runScripts(ScriptRunner.java:86)
	at TRANSFORMER/crafttweaker@9.1.213/com.blamejared.crafttweaker.impl.script.scriptrun.runner.ScriptRunner.run(ScriptRunner.java:69)
	at TRANSFORMER/crafttweaker@9.1.213/com.blamejared.crafttweaker.impl.script.scriptrun.DecoratedRunKind$DecoratedScriptRunner.run(DecoratedRunKind.java:27)
	at TRANSFORMER/crafttweaker@9.1.213/com.blamejared.crafttweaker.impl.script.scriptrun.ScriptRun.executeRun(ScriptRun.java:88)
	at TRANSFORMER/crafttweaker@9.1.213/com.blamejared.crafttweaker.impl.script.scriptrun.ScriptRun.execute(ScriptRun.java:54)
	at TRANSFORMER/mekanism@10.2.5/mekanism.common.integration.crafttweaker.content.CrTContentUtils.registerCrTGases(CrTContentUtils.java:101)
	at MC-BOOTSTRAP/eventbus@5.0.3/net.minecraftforge.eventbus.EventBus.doCastFilter(EventBus.java:247)
	at MC-BOOTSTRAP/eventbus@5.0.3/net.minecraftforge.eventbus.EventBus.lambda$addListener$11(EventBus.java:239)
	at MC-BOOTSTRAP/eventbus@5.0.3/net.minecraftforge.eventbus.EventBus.post(EventBus.java:302)
	at MC-BOOTSTRAP/eventbus@5.0.3/net.minecraftforge.eventbus.EventBus.post(EventBus.java:283)
	at LAYER PLUGIN/javafmllanguage@1.18.2-40.3.11/net.minecraftforge.fml.javafmlmod.FMLModContainer.acceptEvent(FMLModContainer.java:106)
	at LAYER PLUGIN/fmlcore@1.18.2-40.3.11/net.minecraftforge.fml.ModContainer.lambda$buildTransitionHandler$5(ModContainer.java:125)
	at java.base/java.util.concurrent.CompletableFuture$AsyncRun.run(CompletableFuture.java:1804)
	at LAYER PLUGIN/fmlcore@1.18.2-40.3.11/net.minecraftforge.fml.ModWorkManager$SyncExecutor.driveOne(ModWorkManager.java:42)
	at LAYER PLUGIN/fmlcore@1.18.2-40.3.11/net.minecraftforge.fml.ModWorkManager$DrivenExecutor.drive(ModWorkManager.java:26)
	at LAYER PLUGIN/fmlcore@1.18.2-40.3.11/net.minecraftforge.fml.ModLoader.waitForTransition(ModLoader.java:202)
	at LAYER PLUGIN/fmlcore@1.18.2-40.3.11/net.minecraftforge.fml.ModLoader.lambda$dispatchAndHandleError$21(ModLoader.java:187)
	at java.base/java.util.Optional.ifPresent(Optional.java:178)
	at LAYER PLUGIN/fmlcore@1.18.2-40.3.11/net.minecraftforge.fml.ModLoader.dispatchAndHandleError(ModLoader.java:187)
	at LAYER PLUGIN/fmlcore@1.18.2-40.3.11/net.minecraftforge.fml.ModLoader.lambda$gatherAndInitializeMods$11(ModLoader.java:164)
	at java.base/java.lang.Iterable.forEach(Iterable.java:75)
	at LAYER PLUGIN/fmlcore@1.18.2-40.3.11/net.minecraftforge.fml.ModLoader.gatherAndInitializeMods(ModLoader.java:164)
	at TRANSFORMER/forge@40.3.11/net.minecraftforge.server.loading.ServerModLoader.load(ServerModLoader.java:32)
	at TRANSFORMER/minecraft@1.18.2/net.minecraft.server.Main.main(Main.java:112)
	at java.base/jdk.internal.reflect.DirectMethodHandleAccessor.invoke(DirectMethodHandleAccessor.java:103)
	at java.base/java.lang.reflect.Method.invoke(Method.java:580)
	at MC-BOOTSTRAP/fmlloader@1.18.2-40.3.11/net.minecraftforge.fml.loading.targets.CommonServerLaunchHandler.lambda$launchService$0(CommonServerLaunchHandler.java:32)
	at MC-BOOTSTRAP/cpw.mods.modlauncher@9.1.3/cpw.mods.modlauncher.LaunchServiceHandlerDecorator.launch(LaunchServiceHandlerDecorator.java:37)
	at MC-BOOTSTRAP/cpw.mods.modlauncher@9.1.3/cpw.mods.modlauncher.LaunchServiceHandler.launch(LaunchServiceHandler.java:53)
	at MC-BOOTSTRAP/cpw.mods.modlauncher@9.1.3/cpw.mods.modlauncher.LaunchServiceHandler.launch(LaunchServiceHandler.java:71)
	at MC-BOOTSTRAP/cpw.mods.modlauncher@9.1.3/cpw.mods.modlauncher.Launcher.run(Launcher.java:106)
	at MC-BOOTSTRAP/cpw.mods.modlauncher@9.1.3/cpw.mods.modlauncher.Launcher.main(Launcher.java:77)
	at MC-BOOTSTRAP/cpw.mods.modlauncher@9.1.3/cpw.mods.modlauncher.BootstrapLaunchConsumer.accept(BootstrapLaunchConsumer.java:26)
	at MC-BOOTSTRAP/cpw.mods.modlauncher@9.1.3/cpw.mods.modlauncher.BootstrapLaunchConsumer.accept(BootstrapLaunchConsumer.java:23)
	at cpw.mods.bootstraplauncher@1.0.0/cpw.mods.bootstraplauncher.BootstrapLauncher.main(BootstrapLauncher.java:149)
[23:59:30.330][INFO]: Queueing Infuse Type 'crafttweaker:the_vault_larimar' for registration.
[23:59:30.330][INFO]: Queueing Infuse Type 'crafttweaker:the_vault_echo' for registration.
[23:59:30.330][INFO]: Queueing Slurry 'crafttweaker:the_vault_clean_chromatic_iron_slurry' for registration.
[23:59:30.330][INFO]: Queueing Slurry 'crafttweaker:the_vault_dirty_chromatic_iron_slurry' for registration.
[23:59:30.330][INFO]: Execution for loader 'mekanismcontent' completed successfully
[23:59:30.330][INFO]: Registering 0 custom gases.
[23:59:30.337][INFO]: Registering 2 custom infuse types.
[23:59:30.337][INFO]: Registered Infuse Type: 'crafttweaker:the_vault_echo'.
[23:59:30.337][INFO]: Registered Infuse Type: 'crafttweaker:the_vault_larimar'.
[23:59:30.345][INFO]: Registering 0 custom pigments.
[23:59:30.349][INFO]: Registering 0 custom robit skins.
[23:59:30.352][INFO]: Registering 2 custom slurries.
[23:59:30.352][INFO]: Registered Slurry: 'crafttweaker:the_vault_dirty_chromatic_iron_slurry'.
[23:59:30.352][INFO]: Registered Slurry: 'crafttweaker:the_vault_clean_chromatic_iron_slurry'.
[23:59:32.190][INFO]: Started loading scripts for loader 'initialize'
[23:59:32.223][INFO]: Compiling and executing scripts
[23:59:32.224][INFO]: Successfully initialized modules [crafttweaker, expansions]
[23:59:32.237][INFO]: Execution for loader 'initialize' completed successfully
[23:59:58.237][INFO]: Started loading scripts for loader 'tags'
[23:59:58.268][INFO]: Compiling and executing scripts
[23:59:58.273][INFO]: Successfully initialized modules [crafttweaker, expansions]
[23:59:58.286][INFO]: Execution for loader 'tags' completed successfully
[23:59:59.994][INFO]: Started loading scripts for loader 'crafttweaker'
[00:00:00.022][INFO]: Compiling and executing scripts
[00:00:00.168][INFO]: Successfully initialized modules [mods, crafttweaker, expansions]
[00:00:00.169][INFO]: Loading file '00_remove_recipes.zs' with priority 0
[00:00:00.199][INFO]: Loading file 'Backpacks.zs' with priority 0
[00:00:00.201][INFO]: Loading file 'Botania.zs' with priority 0
[00:00:00.206][INFO]: Loading file 'Botany_Pots.zs' with priority 0
[00:00:00.207][INFO]: Loading file 'BuildingGadgets.zs' with priority 0
[00:00:00.207][INFO]: Loading file 'Cagerium.zs' with priority 0
[00:00:00.210][INFO]: Loading file 'CollosalChests.zs' with priority 0
[00:00:00.217][INFO]: Loading file 'Compressium.zs' with priority 0
[00:00:00.219][INFO]: Loading file 'Cooking.zs' with priority 0
[00:00:00.219][INFO]: Loading file 'Create.zs' with priority 0
[00:00:00.227][INFO]: Loading file 'Creeperpower.zs' with priority 0
[00:00:00.228][INFO]: Loading file 'DarkUtilities.zs' with priority 0
[00:00:00.229][INFO]: Loading file 'Drawers.zs' with priority 0
[00:00:00.233][INFO]: Loading file 'Ecologics.zs' with priority 0
[00:00:00.233][INFO]: Loading file 'Elevatorid.zs' with priority 0
[00:00:00.233][INFO]: Loading file 'Flux.zs' with priority 0
[00:00:00.234][INFO]: Loading file 'GodTags.zs' with priority 0
[00:00:00.235][INFO]: Loading file 'Macaw.zs' with priority 0
[00:00:00.236][INFO]: Loading file 'Mekanism.zs' with priority 0
[00:00:00.241][INFO]: Loading file 'MiningGadgets.zs' with priority 0
[00:00:00.242][INFO]: Loading file 'Pipez.zs' with priority 0
[00:00:00.244][INFO]: Loading file 'Powah.zs' with priority 0
[00:00:00.247][INFO]: Loading file 'Quark.zs' with priority 0
[00:00:00.248][INFO]: Loading file 'RFTools.zs' with priority 0
[00:00:00.248][INFO]: Loading file 'RefinedStorage.zs' with priority 0
[00:00:00.251][INFO]: Loading file 'Routers.zs' with priority 0
[00:00:00.253][INFO]: Loading file 'SimpleStorage.zs' with priority 0
[00:00:00.254][INFO]: Loading file 'Snad.zs' with priority 0
[00:00:00.255][INFO]: Loading file 'Tags.zs' with priority 0
[00:00:00.256][INFO]: Loading file 'Thermal.zs' with priority 0
[00:00:00.259][INFO]: Loading file 'Torchmaster.zs' with priority 0
[00:00:00.260][INFO]: Loading file 'Traders.zs' with priority 0
[00:00:00.261][INFO]: Loading file 'Vanilla.zs' with priority 0
[00:00:00.265][INFO]: Loading file 'Waystones.zs' with priority 0
[00:00:00.266][INFO]: Loading file 'Xnet.zs' with priority 0
[00:00:00.266][INFO]: Loading file 'ae2.zs' with priority 0
[00:00:00.286][INFO]: Loading file 'alexsmobs.zs' with priority 0
[00:00:00.286][INFO]: Loading file 'iron_generators_furnaces.zs' with priority 0
[00:00:00.289][INFO]: Loading file 'jeiInformation.zs' with priority 0
[00:00:00.289][INFO]: Loading file 'mushroomEvents.zs' with priority 0
[00:00:00.290][INFO]: Loading file 'raw_smelting.zs' with priority 0
[00:00:00.291][INFO]: Loading file 'simple_lights.zs' with priority 0
[00:00:00.858][INFO]: Registering loot modifier with name 'crafttweaker:no_loot'
[00:00:00.860][INFO]: Removing "minecraft:crafting" recipes with modid: "alexsmobs"
[00:00:00.866][INFO]: Removing 'crafting' recipes with output: 'com.blamejared.crafttweaker.api.item.MCItemStack@d91b8320'
[00:00:00.878][INFO]: Removing 'crafting' recipes with output: 'com.blamejared.crafttweaker.api.item.MCItemStack@9efcd6f3'
[00:00:00.883][INFO]: Removing 'crafting' recipes with output: 'com.blamejared.crafttweaker.api.item.MCItemStack@ad8dc1e1'
[00:00:00.887][INFO]: Removing 'crafting' recipes with output: 'com.blamejared.crafttweaker.api.item.MCItemStack@c4fca8cc'
[00:00:00.889][INFO]: Removing 'crafting' recipes with output: 'com.blamejared.crafttweaker.api.item.MCItemStack@2e42b2d6'
[00:00:00.892][INFO]: Removing 'crafting' recipes with output: 'com.blamejared.crafttweaker.api.item.MCItemStack@bb7e1ea5'
[00:00:00.894][INFO]: Removing 'crafting' recipes with output: 'com.blamejared.crafttweaker.api.item.MCItemStack@a0a24488'
[00:00:00.896][INFO]: Removing 'crafting' recipes with output: 'com.blamejared.crafttweaker.api.item.MCItemStack@3c4f36aa'
[00:00:00.897][INFO]: Removing 'crafting' recipes with output: 'com.blamejared.crafttweaker.api.item.MCItemStack@ea5e9c27'
[00:00:00.899][INFO]: Removing 'crafting' recipes with output: 'com.blamejared.crafttweaker.api.item.MCItemStack@a163212e'
[00:00:00.901][INFO]: Removing 'ae2:inscriber' recipes with output: 'com.blamejared.crafttweaker.api.item.MCItemStack@550e445e'
[00:00:00.901][INFO]: Removing 'ae2:inscriber' recipes with output: 'com.blamejared.crafttweaker.api.item.MCItemStack@e3fcd268'
[00:00:00.901][INFO]: Removing 'ae2:inscriber' recipes with output: 'com.blamejared.crafttweaker.api.item.MCItemStack@f332e551'
[00:00:00.901][INFO]: Removing 'ae2:inscriber' recipes with output: 'com.blamejared.crafttweaker.api.item.MCItemStack@e8bfed1f'
[00:00:00.901][INFO]: Removing 'ae2:inscriber' recipes with output: 'com.blamejared.crafttweaker.api.item.MCItemStack@196105e6'
[00:00:00.901][INFO]: Removing 'ae2:inscriber' recipes with output: 'com.blamejared.crafttweaker.api.item.MCItemStack@3bbf3874'
[00:00:00.901][INFO]: Removing 'crafting' recipes with output: 'com.blamejared.crafttweaker.api.item.MCItemStack@ea518a1a'
[00:00:00.903][INFO]: Removing 'crafting' recipes with output: 'com.blamejared.crafttweaker.api.item.MCItemStack@4bfc931'
[00:00:00.905][INFO]: Removing 'crafting' recipes with output: 'com.blamejared.crafttweaker.api.item.MCItemStack@ce3c5821'
[00:00:00.908][INFO]: Removing 'crafting' recipes with output: 'com.blamejared.crafttweaker.api.item.MCItemStack@b7b9ba86'
[00:00:00.910][INFO]: Removing 'crafting' recipes with output: 'com.blamejared.crafttweaker.api.item.MCItemStack@59476bdb'
[00:00:00.912][INFO]: Removing 'crafting' recipes with output: 'com.blamejared.crafttweaker.api.item.MCItemStack@21e15973'
[00:00:00.913][INFO]: Removing 'crafting' recipes with output: 'com.blamejared.crafttweaker.api.item.MCItemStack@731e5a41'
[00:00:00.915][INFO]: Removing 'crafting' recipes with output: 'com.blamejared.crafttweaker.api.item.MCItemStack@b1877809'
[00:00:00.918][INFO]: Removing 'crafting' recipes with output: 'com.blamejared.crafttweaker.api.item.MCItemStack@d340f2b2'
[00:00:00.921][INFO]: Removing 'crafting' recipes with output: 'com.blamejared.crafttweaker.api.item.MCItemStack@4200ee42'
[00:00:00.923][INFO]: Removing 'crafting' recipes with output: 'com.blamejared.crafttweaker.api.item.MCItemStack@b6f7eca9'
[00:00:00.926][INFO]: Removing 'crafting' recipes with output: 'com.blamejared.crafttweaker.api.item.MCItemStack@cd304dff'
[00:00:00.928][INFO]: Removing 'crafting' recipes with output: 'com.blamejared.crafttweaker.api.item.MCItemStack@6e247aec'
[00:00:00.930][INFO]: Removing 'crafting' recipes with output: 'com.blamejared.crafttweaker.api.item.MCItemStack@e4a24946'
[00:00:00.932][INFO]: Removing 'crafting' recipes with output: 'com.blamejared.crafttweaker.api.item.MCItemStack@efae4017'
[00:00:00.935][INFO]: Removing 'crafting' recipes with output: 'com.blamejared.crafttweaker.api.item.MCItemStack@2efc7e67'
[00:00:00.939][INFO]: Removing 'crafting' recipes with output: 'com.blamejared.crafttweaker.api.item.MCItemStack@a7905d59'
[00:00:00.942][INFO]: Removing 'crafting' recipes with output: 'com.blamejared.crafttweaker.api.item.MCItemStack@ded00207'
[00:00:00.945][INFO]: Removing 'crafting' recipes with output: 'com.blamejared.crafttweaker.api.item.MCItemStack@f40b8587'
[00:00:00.947][INFO]: Removing 'crafting' recipes with output: 'com.blamejared.crafttweaker.api.item.MCItemStack@1bc84f93'
[00:00:00.949][INFO]: Removing 'crafting' recipes with output: 'com.blamejared.crafttweaker.api.item.MCItemStack@6afe33e7'
[00:00:00.951][INFO]: Removing 'crafting' recipes with output: 'com.blamejared.crafttweaker.api.item.MCItemStack@494ba7c6'
[00:00:00.953][INFO]: Removing 'crafting' recipes with output: 'com.blamejared.crafttweaker.api.item.MCItemStack@6c2e1079'
[00:00:00.955][INFO]: Removing 'crafting' recipes with output: 'com.blamejared.crafttweaker.api.item.MCItemStack@db744a58'
[00:00:00.958][INFO]: Removing 'crafting' recipes with output: 'com.blamejared.crafttweaker.api.item.MCItemStack@62c8956'
[00:00:00.960][INFO]: Removing 'crafting' recipes with output: 'com.blamejared.crafttweaker.api.item.MCItemStack@dbcd4de'
[00:00:00.962][INFO]: Removing 'crafting' recipes with output: 'com.blamejared.crafttweaker.api.item.MCItemStack@201ec7fa'
[00:00:00.964][INFO]: Removing 'crafting' recipes with output: 'com.blamejared.crafttweaker.api.item.MCItemStack@66b9092'
[00:00:00.966][INFO]: Removing 'crafting' recipes with output: 'com.blamejared.crafttweaker.api.item.MCItemStack@d1c9af0e'
[00:00:00.968][INFO]: Removing 'crafting' recipes with output: 'com.blamejared.crafttweaker.api.item.MCItemStack@32e38946'
[00:00:00.970][INFO]: Removing 'crafting' recipes with output: 'com.blamejared.crafttweaker.api.item.MCItemStack@26efe7a2'
[00:00:00.971][INFO]: Removing 'crafting' recipes with output: 'com.blamejared.crafttweaker.api.item.MCItemStack@ff45baa'
[00:00:00.973][INFO]: Removing 'crafting' recipes with output: 'com.blamejared.crafttweaker.api.item.MCItemStack@1acb8abd'
[00:00:00.974][INFO]: Removing 'crafting' recipes with output: 'com.blamejared.crafttweaker.api.item.MCItemStack@8bd379d5'
[00:00:00.976][INFO]: Removing 'crafting' recipes with output: 'com.blamejared.crafttweaker.api.item.MCItemStack@ff099c93'
[00:00:00.977][INFO]: Removing 'crafting' recipes with output: 'com.blamejared.crafttweaker.api.item.MCItemStack@7cbdc3fb'
[00:00:00.979][INFO]: Removing 'crafting' recipes with output: 'com.blamejared.crafttweaker.api.item.MCItemStack@97d6acb2'
[00:00:00.980][INFO]: Removing 'crafting' recipes with output: 'com.blamejared.crafttweaker.api.item.MCItemStack@e6395b0'
[00:00:00.982][INFO]: Removing 'crafting' recipes with output: 'com.blamejared.crafttweaker.api.item.MCItemStack@8bb701bc'
[00:00:00.983][INFO]: Removing 'crafting' recipes with output: 'com.blamejared.crafttweaker.api.item.MCItemStack@31e13d14'
[00:00:00.985][INFO]: Removing 'crafting' recipes with output: 'com.blamejared.crafttweaker.api.item.MCItemStack@d0243407'
[00:00:00.988][INFO]: Removing 'crafting' recipes with output: 'com.blamejared.crafttweaker.api.item.MCItemStack@fc08aff3'
[00:00:00.990][INFO]: Removing 'crafting' recipes with output: 'com.blamejared.crafttweaker.api.item.MCItemStack@63e9fa2c'
[00:00:00.993][INFO]: Removing 'crafting' recipes with output: 'com.blamejared.crafttweaker.api.item.MCItemStack@5618baea'
[00:00:00.996][INFO]: Removing 'crafting' recipes with output: 'com.blamejared.crafttweaker.api.item.MCItemStack@26c3e35f'
[00:00:00.998][INFO]: Removing 'crafting' recipes with output: 'com.blamejared.crafttweaker.api.item.MCItemStack@94d8aec5'
[00:00:01.001][INFO]: Removing 'crafting' recipes with output: 'com.blamejared.crafttweaker.api.item.MCItemStack@e3fd8e54'
[00:00:01.003][INFO]: Removing 'crafting' recipes with output: 'com.blamejared.crafttweaker.api.item.MCItemStack@c48cc82c'
[00:00:01.006][INFO]: Removing 'crafting' recipes with output: 'com.blamejared.crafttweaker.api.item.MCItemStack@650c0eef'
[00:00:01.008][INFO]: Removing 'crafting' recipes with output: 'com.blamejared.crafttweaker.api.item.MCItemStack@861bb189'
[00:00:01.011][INFO]: Removing 'crafting' recipes with output: 'com.blamejared.crafttweaker.api.item.MCItemStack@f6f9ff2f'
[00:00:01.013][INFO]: Removing 'crafting' recipes with output: 'com.blamejared.crafttweaker.api.item.MCItemStack@bd58f987'
[00:00:01.016][INFO]: Removing 'crafting' recipes with output: 'com.blamejared.crafttweaker.api.item.MCItemStack@ebe05a3f'
[00:00:01.018][INFO]: Removing 'crafting' recipes with output: 'com.blamejared.crafttweaker.api.item.MCItemStack@7248283f'
[00:00:01.020][INFO]: Removing 'crafting' recipes with output: 'com.blamejared.crafttweaker.api.item.MCItemStack@8fbea84c'
[00:00:01.022][INFO]: Removing 'crafting' recipes with output: 'com.blamejared.crafttweaker.api.item.MCItemStack@4733ab6d'
[00:00:01.025][INFO]: Removing 'crafting' recipes with output: 'com.blamejared.crafttweaker.api.item.MCItemStack@7df19ac0'
[00:00:01.027][INFO]: Removing 'crafting' recipes with output: 'com.blamejared.crafttweaker.api.item.MCItemStack@af4a708f'
[00:00:01.030][INFO]: Removing 'crafting' recipes with output: 'com.blamejared.crafttweaker.api.item.MCItemStack@f9910cbb'
[00:00:01.032][INFO]: Removing 'crafting' recipes with output: 'com.blamejared.crafttweaker.api.item.MCItemStack@60f58ed8'
[00:00:01.035][INFO]: Removing 'crafting' recipes with output: 'com.blamejared.crafttweaker.api.item.MCItemStack@4b3f51ca'
[00:00:01.037][INFO]: Removing 'crafting' recipes with output: 'com.blamejared.crafttweaker.api.item.MCItemStack@a9c4d02d'
[00:00:01.039][INFO]: Removing 'crafting' recipes with output: 'com.blamejared.crafttweaker.api.item.MCItemStack@4a5a9f1'
[00:00:01.040][INFO]: Removing 'crafting' recipes with output: 'com.blamejared.crafttweaker.api.item.MCItemStack@6c312c41'
[00:00:01.042][INFO]: Removing 'crafting' recipes with output: 'com.blamejared.crafttweaker.api.item.MCItemStack@68011f6f'
[00:00:01.043][INFO]: Removing 'crafting' recipes with output: 'com.blamejared.crafttweaker.api.item.MCItemStack@31451772'
[00:00:01.045][INFO]: Removing 'crafting' recipes with output: 'com.blamejared.crafttweaker.api.item.MCItemStack@4f3c86e4'
[00:00:01.047][INFO]: Removing 'crafting' recipes with output: 'com.blamejared.crafttweaker.api.item.MCItemStack@b455046f'
[00:00:01.049][INFO]: Removing 'crafting' recipes with output: 'com.blamejared.crafttweaker.api.item.MCItemStack@97b0a265'
[00:00:01.052][INFO]: Removing 'crafting' recipes with output: 'com.blamejared.crafttweaker.api.item.MCItemStack@4ca9c72f'
[00:00:01.054][INFO]: Removing 'crafting' recipes with output: 'com.blamejared.crafttweaker.api.item.MCItemStack@f69afc43'
[00:00:01.057][INFO]: Removing 'crafting' recipes with output: 'com.blamejared.crafttweaker.api.item.MCItemStack@71096cd8'
[00:00:01.059][INFO]: Removing 'crafting' recipes with output: 'com.blamejared.crafttweaker.api.item.MCItemStack@b8c4b2c7'
[00:00:01.062][INFO]: Removing 'crafting' recipes with output: 'com.blamejared.crafttweaker.api.item.MCItemStack@71096cd8'
[00:00:01.064][INFO]: Removing 'crafting' recipes with output: 'com.blamejared.crafttweaker.api.item.MCItemStack@e029cadc'
[00:00:01.066][INFO]: Removing 'crafting' recipes with output: 'com.blamejared.crafttweaker.api.item.MCItemStack@b143b7cb'
[00:00:01.068][INFO]: Removing 'botania:brew' recipes that match a custom condition
[00:00:01.068][INFO]: Removing 'botania:brew' recipes that match a custom condition
[00:00:01.068][INFO]: Removing 'botania:brew' recipes that match a custom condition
[00:00:01.068][INFO]: Removing 'botania:brew' recipes that match a custom condition
[00:00:01.069][INFO]: Removing 'botania:brew' recipes that match a custom condition
[00:00:01.069][INFO]: Removing 'botania:brew' recipes that match a custom condition
[00:00:01.069][INFO]: Removing 'botania:brew' recipes that match a custom condition
[00:00:01.069][INFO]: Removing 'botania:brew' recipes that match a custom condition
[00:00:01.069][INFO]: Removing 'botania:brew' recipes that match a custom condition
[00:00:01.069][INFO]: Removing 'botania:brew' recipes that match a custom condition
[00:00:01.069][INFO]: Removing 'botania:elven_trade' recipes that match a custom condition
[00:00:01.070][INFO]: Removing 'botania:elven_trade' recipes that match a custom condition
[00:00:01.070][INFO]: Removing 'botania:elven_trade' recipes that match a custom condition
[00:00:01.070][INFO]: Removing 'botania:elven_trade' recipes that match a custom condition
[00:00:01.070][INFO]: Removing 'botania:elven_trade' recipes that match a custom condition
[00:00:01.070][INFO]: Removing 'botania:elven_trade' recipes that match a custom condition
[00:00:01.070][INFO]: Removing 'botania:petal_apothecary' recipes with output: 'com.blamejared.crafttweaker.api.item.MCItemStack@929afeaf'
[00:00:01.070][INFO]: Removing 'botania:terra_plate' recipes with output: 'com.blamejared.crafttweaker.api.item.MCItemStack@d9e5430c'
[00:00:01.071][INFO]: Removing 'botania:mana_infusion' recipes with output: 'com.blamejared.crafttweaker.api.item.MCItemStack@c45d134b'
[00:00:01.071][INFO]: Removing 'botania:mana_infusion' recipes with output: 'com.blamejared.crafttweaker.api.item.MCItemStack@d293cbae'
[00:00:01.071][INFO]: Removing 'botania:mana_infusion' recipes with output: 'com.blamejared.crafttweaker.api.item.MCItemStack@7fc2911a'
[00:00:01.071][INFO]: Removing 'botania:mana_infusion' recipes with output: 'com.blamejared.crafttweaker.api.item.MCItemStack@ea0f69e9'
[00:00:01.071][INFO]: Removing 'botania:mana_infusion' recipes with output: 'com.blamejared.crafttweaker.api.item.MCItemStack@c8e11711'
[00:00:01.071][INFO]: Removing 'botania:mana_infusion' recipes with output: 'com.blamejared.crafttweaker.api.item.MCItemStack@d8fd11be'
[00:00:01.071][INFO]: Removing 'botania:runic_altar' recipes with output: 'com.blamejared.crafttweaker.api.item.MCItemStack@dffe5354'
[00:00:01.071][INFO]: Removing 'botania:runic_altar' recipes with output: 'com.blamejared.crafttweaker.api.item.MCItemStack@93bbd0e8'
[00:00:01.071][INFO]: Removing 'botania:runic_altar' recipes with output: 'com.blamejared.crafttweaker.api.item.MCItemStack@c4fb74e6'
[00:00:01.071][INFO]: Removing 'botania:runic_altar' recipes with output: 'com.blamejared.crafttweaker.api.item.MCItemStack@d7b8d813'
[00:00:01.071][INFO]: Removing 'botania:runic_altar' recipes with output: 'com.blamejared.crafttweaker.api.item.MCItemStack@9fdf0fa4'
[00:00:01.071][INFO]: Removing 'botania:petal_apothecary' recipes with output: 'com.blamejared.crafttweaker.api.item.MCItemStack@27d9528'
[00:00:01.072][INFO]: Removing 'crafting' recipes with output: 'com.blamejared.crafttweaker.api.item.MCItemStack@6f58e52c'
[00:00:01.073][INFO]: Removing 'crafting' recipes with output: 'com.blamejared.crafttweaker.api.item.MCItemStack@d34ac692'
[00:00:01.074][INFO]: Removing 'crafting' recipes with output: 'com.blamejared.crafttweaker.api.item.MCItemStack@e26fa84'
[00:00:01.075][INFO]: Removing 'crafting' recipes with output: 'com.blamejared.crafttweaker.api.item.MCItemStack@4d895268'
[00:00:01.076][INFO]: Removing 'crafting' recipes with output: 'com.blamejared.crafttweaker.api.item.MCItemStack@83c7cdb9'
[00:00:01.077][INFO]: Removing 'crafting' recipes with output: 'com.blamejared.crafttweaker.api.item.MCItemStack@4513d36e'
[00:00:01.078][INFO]: Removing 'crafting' recipes with output: 'com.blamejared.crafttweaker.api.item.MCItemStack@a82c997e'
[00:00:01.079][INFO]: Removing 'crafting' recipes with output: 'com.blamejared.crafttweaker.api.item.MCItemStack@3b179989'
[00:00:01.079][INFO]: Removing 'crafting' recipes with output: 'com.blamejared.crafttweaker.api.item.MCItemStack@3631c1dd'
[00:00:01.080][INFO]: Removing 'crafting' recipes with output: 'com.blamejared.crafttweaker.api.item.MCItemStack@50f430a9'
[00:00:01.085][INFO]: Removing 'crafting' recipes with output: 'com.blamejared.crafttweaker.api.item.MCItemStack@ce007a7e'
[00:00:01.087][INFO]: Removing 'crafting' recipes with output: 'com.blamejared.crafttweaker.api.item.MCItemStack@938e9d4'
[00:00:01.089][INFO]: Removing 'crafting' recipes with output: 'com.blamejared.crafttweaker.api.item.MCItemStack@7bbfadac'
[00:00:01.090][INFO]: Removing 'crafting' recipes with output: 'com.blamejared.crafttweaker.api.item.MCItemStack@555fde57'
[00:00:01.092][INFO]: Removing 'crafting' recipes with output: 'com.blamejared.crafttweaker.api.item.MCItemStack@762fcd8c'
[00:00:01.094][INFO]: Removing 'crafting' recipes with output: 'com.blamejared.crafttweaker.api.item.MCItemStack@546e4df1'
[00:00:01.095][INFO]: Removing 'crafting' recipes with output: 'com.blamejared.crafttweaker.api.item.MCItemStack@28a2ba1c'
[00:00:01.097][INFO]: Removing 'crafting' recipes with output: 'com.blamejared.crafttweaker.api.item.MCItemStack@9a7e368a'
[00:00:01.098][INFO]: Removing 'crafting' recipes with output: 'com.blamejared.crafttweaker.api.item.MCItemStack@2e73c770'
[00:00:01.100][INFO]: Removing 'crafting' recipes with output: 'com.blamejared.crafttweaker.api.item.MCItemStack@ebb7d9b3'
[00:00:01.101][INFO]: Removing 'crafting' recipes with output: 'com.blamejared.crafttweaker.api.item.MCItemStack@73c6deea'
[00:00:01.103][INFO]: Removing 'crafting' recipes with output: 'com.blamejared.crafttweaker.api.item.MCItemStack@79753a0f'
[00:00:01.105][INFO]: Removing 'crafting' recipes with output: 'com.blamejared.crafttweaker.api.item.MCItemStack@56d1052c'
[00:00:01.106][INFO]: Removing 'crafting' recipes with output: 'com.blamejared.crafttweaker.api.item.MCItemStack@4d4c2c83'
[00:00:01.108][INFO]: Removing 'crafting' recipes with output: 'com.blamejared.crafttweaker.api.item.MCItemStack@73397dd4'
[00:00:01.109][INFO]: Removing 'crafting' recipes with output: 'com.blamejared.crafttweaker.api.item.MCItemStack@4740d9dc'
[00:00:01.111][INFO]: Removing 'crafting' recipes with output: 'com.blamejared.crafttweaker.api.item.MCItemStack@7e93823b'
[00:00:01.112][INFO]: Removing 'crafting' recipes with output: 'com.blamejared.crafttweaker.api.item.MCItemStack@b39b691a'
[00:00:01.114][INFO]: Removing 'crafting' recipes with output: 'com.blamejared.crafttweaker.api.item.MCItemStack@388d4856'
[00:00:01.116][INFO]: Removing 'crafting' recipes with output: 'com.blamejared.crafttweaker.api.item.MCItemStack@61759338'
[00:00:01.118][INFO]: Removing 'crafting' recipes with output: 'com.blamejared.crafttweaker.api.item.MCItemStack@f5ad2e87'
[00:00:01.119][INFO]: Removing 'crafting' recipes with output: 'com.blamejared.crafttweaker.api.item.MCItemStack@1e23dacd'
[00:00:01.121][INFO]: Removing 'crafting' recipes with output: 'com.blamejared.crafttweaker.api.item.MCItemStack@72d97dd1'
[00:00:01.122][INFO]: Removing 'crafting' recipes with output: 'com.blamejared.crafttweaker.api.item.MCItemStack@72a59c07'
[00:00:01.124][INFO]: Removing 'crafting' recipes with output: 'com.blamejared.crafttweaker.api.item.MCItemStack@16ee5ef9'
[00:00:01.126][INFO]: Removing 'crafting' recipes with output: 'com.blamejared.crafttweaker.api.item.MCItemStack@f2187b6e'
[00:00:01.127][INFO]: Removing 'crafting' recipes with output: 'com.blamejared.crafttweaker.api.item.MCItemStack@7b078a40'
[00:00:01.129][INFO]: Removing 'crafting' recipes with output: 'com.blamejared.crafttweaker.api.item.MCItemStack@9c2d581a'
[00:00:01.130][INFO]: Removing 'crafting' recipes with output: 'com.blamejared.crafttweaker.api.item.MCItemStack@ac64e2bc'
[00:00:01.132][INFO]: Removing 'crafting' recipes with output: 'com.blamejared.crafttweaker.api.item.MCItemStack@ab4506a'
[00:00:01.133][INFO]: Removing 'crafting' recipes with output: 'com.blamejared.crafttweaker.api.item.MCItemStack@a9ba1ed6'
[00:00:01.135][INFO]: Removing 'crafting' recipes with output: 'com.blamejared.crafttweaker.api.item.MCItemStack@6067901e'
[00:00:01.137][INFO]: Removing 'crafting' recipes with output: 'com.blamejared.crafttweaker.api.item.MCItemStack@a22219fa'
[00:00:01.138][INFO]: Removing 'crafting' recipes with output: 'com.blamejared.crafttweaker.api.item.MCItemStack@2b98d488'
[00:00:01.140][INFO]: Removing 'crafting' recipes with output: 'com.blamejared.crafttweaker.api.item.MCItemStack@b9358a92'
[00:00:01.142][INFO]: Removing 'crafting' recipes with output: 'com.blamejared.crafttweaker.api.item.MCItemStack@65de9ef1'
[00:00:01.144][INFO]: Removing 'crafting' recipes with output: 'com.blamejared.crafttweaker.api.item.MCItemStack@8d029b92'
[00:00:01.145][INFO]: Removing 'crafting' recipes with output: 'com.blamejared.crafttweaker.api.item.MCItemStack@78e6b0d7'
[00:00:01.147][INFO]: Removing 'crafting' recipes with output: 'com.blamejared.crafttweaker.api.item.MCItemStack@f5b87a9d'
[00:00:01.148][INFO]: Removing 'crafting' recipes with output: 'com.blamejared.crafttweaker.api.item.MCItemStack@f954d885'
[00:00:01.150][INFO]: Removing 'crafting' recipes with output: 'com.blamejared.crafttweaker.api.item.MCItemStack@f31eef92'
[00:00:01.152][INFO]: Removing 'crafting' recipes with output: 'com.blamejared.crafttweaker.api.item.MCItemStack@d0e6e22'
[00:00:01.153][INFO]: Removing 'crafting' recipes with output: 'com.blamejared.crafttweaker.api.item.MCItemStack@37b00b65'
[00:00:01.155][INFO]: Removing 'crafting' recipes with output: 'com.blamejared.crafttweaker.api.item.MCItemStack@1daff9d4'
[00:00:01.156][INFO]: Removing 'crafting' recipes with output: 'com.blamejared.crafttweaker.api.item.MCItemStack@71662945'
[00:00:01.158][INFO]: Removing 'crafting' recipes with output: 'com.blamejared.crafttweaker.api.item.MCItemStack@cabf3c3'
[00:00:01.159][INFO]: Removing 'crafting' recipes with output: 'com.blamejared.crafttweaker.api.item.MCItemStack@1dc15a8d'
[00:00:01.161][INFO]: Removing 'crafting' recipes with output: 'com.blamejared.crafttweaker.api.item.MCItemStack@b7f4db90'
[00:00:01.162][INFO]: Removing 'crafting' recipes with output: 'com.blamejared.crafttweaker.api.item.MCItemStack@c93203aa'
[00:00:01.164][INFO]: Removing 'crafting' recipes with output: 'com.blamejared.crafttweaker.api.item.MCItemStack@f4de70c7'
[00:00:01.165][INFO]: Removing 'crafting' recipes with output: 'com.blamejared.crafttweaker.api.item.MCItemStack@b614245f'
[00:00:01.167][INFO]: Removing 'crafting' recipes with output: 'com.blamejared.crafttweaker.api.item.MCItemStack@37d14820'
[00:00:01.168][INFO]: Removing 'crafting' recipes with output: 'com.blamejared.crafttweaker.api.item.MCItemStack@853c5c17'
[00:00:01.170][INFO]: Removing 'crafting' recipes with output: 'com.blamejared.crafttweaker.api.item.MCItemStack@975aaca1'
[00:00:01.171][INFO]: Removing 'crafting' recipes with output: 'com.blamejared.crafttweaker.api.item.MCItemStack@b3e2d40a'
[00:00:01.173][INFO]: Removing 'crafting' recipes with output: 'com.blamejared.crafttweaker.api.item.MCItemStack@2e746547'
[00:00:01.174][INFO]: Removing 'crafting' recipes with output: 'com.blamejared.crafttweaker.api.item.MCItemStack@fe79e503'
[00:00:01.176][INFO]: Removing 'crafting' recipes with output: 'com.blamejared.crafttweaker.api.item.MCItemStack@4df8b685'
[00:00:01.177][INFO]: Removing 'crafting' recipes with output: 'com.blamejared.crafttweaker.api.item.MCItemStack@c2cfdf7a'
[00:00:01.179][INFO]: Removing 'crafting' recipes with output: 'com.blamejared.crafttweaker.api.item.MCItemStack@23357195'
[00:00:01.180][INFO]: Removing 'crafting' recipes with output: 'com.blamejared.crafttweaker.api.item.MCItemStack@ab24ba51'
[00:00:01.182][INFO]: Removing 'crafting' recipes with output: 'com.blamejared.crafttweaker.api.item.MCItemStack@fe73bf88'
[00:00:01.184][INFO]: Removing 'crafting' recipes with output: 'com.blamejared.crafttweaker.api.item.MCItemStack@86a1e43c'
[00:00:01.186][INFO]: Removing 'crafting' recipes with output: 'com.blamejared.crafttweaker.api.item.MCItemStack@9e24a8af'
[00:00:01.188][INFO]: Removing 'crafting' recipes with output: 'com.blamejared.crafttweaker.api.item.MCItemStack@6b5319bb'
[00:00:01.190][INFO]: Removing 'crafting' recipes with output: 'com.blamejared.crafttweaker.api.item.MCItemStack@c5dc5031'
[00:00:01.192][INFO]: Removing 'crafting' recipes with output: 'com.blamejared.crafttweaker.api.item.MCItemStack@a7fff550'
[00:00:01.194][INFO]: Removing 'crafting' recipes with output: 'com.blamejared.crafttweaker.api.item.MCItemStack@6191317e'
[00:00:01.195][INFO]: Removing 'crafting' recipes with output: 'com.blamejared.crafttweaker.api.item.MCItemStack@37987e9'
[00:00:01.197][INFO]: Removing 'crafting' recipes with output: 'com.blamejared.crafttweaker.api.item.MCItemStack@228330d4'
[00:00:01.200][INFO]: Removing 'crafting' recipes with output: 'com.blamejared.crafttweaker.api.item.MCItemStack@b94d41fb'
[00:00:01.203][INFO]: Removing 'crafting' recipes with output: 'com.blamejared.crafttweaker.api.item.MCItemStack@41400669'
[00:00:01.206][INFO]: Removing 'crafting' recipes with output: 'com.blamejared.crafttweaker.api.item.MCItemStack@68194a35'
[00:00:01.209][INFO]: Removing 'crafting' recipes with output: 'com.blamejared.crafttweaker.api.item.MCItemStack@a5ab2e40'
[00:00:01.213][INFO]: Removing 'crafting' recipes with output: 'com.blamejared.crafttweaker.api.item.MCItemStack@bd61b711'
[00:00:01.216][INFO]: Removing 'crafting' recipes with output: 'com.blamejared.crafttweaker.api.item.MCItemStack@cbc23fd6'
[00:00:01.220][INFO]: Removing 'crafting' recipes with output: 'com.blamejared.crafttweaker.api.item.MCItemStack@473ef677'
[00:00:01.222][INFO]: Removing 'crafting' recipes with output: 'com.blamejared.crafttweaker.api.item.MCItemStack@d688f723'
[00:00:01.225][INFO]: Removing 'crafting' recipes with output: 'com.blamejared.crafttweaker.api.item.MCItemStack@e5b8070b'
[00:00:01.228][INFO]: Removing 'crafting' recipes with output: 'com.blamejared.crafttweaker.api.item.MCItemStack@fd01a70b'
[00:00:01.231][INFO]: Removing 'crafting' recipes with output: 'com.blamejared.crafttweaker.api.item.MCItemStack@fa6ebb8a'
[00:00:01.234][INFO]: Removing 'crafting' recipes with output: 'com.blamejared.crafttweaker.api.item.MCItemStack@3c91895a'
[00:00:01.236][INFO]: Removing 'crafting' recipes with output: 'com.blamejared.crafttweaker.api.item.MCItemStack@c8e11711'
[00:00:01.238][INFO]: Removing 'crafting' recipes with output: 'com.blamejared.crafttweaker.api.item.MCItemStack@a110d114'
[00:00:01.240][INFO]: Removing 'crafting' recipes with output: 'com.blamejared.crafttweaker.api.item.MCItemStack@d181f10f'
[00:00:01.242][INFO]: Removing 'crafting' recipes with output: 'com.blamejared.crafttweaker.api.item.MCItemStack@d293cbae'
[00:00:01.244][INFO]: Removing 'crafting' recipes with output: 'com.blamejared.crafttweaker.api.item.MCItemStack@759f8846'
[00:00:01.246][INFO]: Removing 'crafting' recipes with output: 'com.blamejared.crafttweaker.api.item.MCItemStack@3f9edd9e'
[00:00:01.247][INFO]: Removing 'crafting' recipes with output: 'com.blamejared.crafttweaker.api.item.MCItemStack@c570e465'
[00:00:01.249][INFO]: Removing 'crafting' recipes with output: 'com.blamejared.crafttweaker.api.item.MCItemStack@2d713994'
[00:00:01.251][INFO]: Removing 'crafting' recipes with output: 'com.blamejared.crafttweaker.api.item.MCItemStack@587a2c21'
[00:00:01.253][INFO]: Removing 'crafting' recipes with output: 'com.blamejared.crafttweaker.api.item.MCItemStack@a3a35649'
[00:00:01.255][INFO]: Removing 'crafting' recipes with output: 'com.blamejared.crafttweaker.api.item.MCItemStack@560e90a3'
[00:00:01.256][INFO]: Removing 'crafting' recipes with output: 'com.blamejared.crafttweaker.api.item.MCItemStack@6efb4658'
[00:00:01.258][INFO]: Removing 'crafting' recipes with output: 'com.blamejared.crafttweaker.api.item.MCItemStack@e07e2291'
[00:00:01.260][INFO]: Removing 'crafting' recipes with output: 'com.blamejared.crafttweaker.api.item.MCItemStack@36e70a83'
[00:00:01.262][INFO]: Removing 'crafting' recipes with output: 'com.blamejared.crafttweaker.api.item.MCItemStack@9026770c'
[00:00:01.263][INFO]: Removing 'crafting' recipes with output: 'com.blamejared.crafttweaker.api.item.MCItemStack@ea8fb964'
[00:00:01.265][INFO]: Removing 'crafting' recipes with output: 'com.blamejared.crafttweaker.api.item.MCItemStack@d0ab7d26'
[00:00:01.267][INFO]: Removing 'crafting' recipes with output: 'com.blamejared.crafttweaker.api.item.MCItemStack@4ba08018'
[00:00:01.269][INFO]: Removing 'crafting' recipes with output: 'com.blamejared.crafttweaker.api.item.MCItemStack@789d75a'
[00:00:01.271][INFO]: Removing 'crafting' recipes with output: 'com.blamejared.crafttweaker.api.item.MCItemStack@60595460'
[00:00:01.272][INFO]: Removing 'crafting' recipes with output: 'com.blamejared.crafttweaker.api.item.MCItemStack@d5a751f0'
[00:00:01.274][INFO]: Removing 'crafting' recipes with output: 'com.blamejared.crafttweaker.api.item.MCItemStack@ae7fce0e'
[00:00:01.276][INFO]: Removing 'crafting' recipes with output: 'com.blamejared.crafttweaker.api.item.MCItemStack@678eb2c8'
[00:00:01.278][INFO]: Removing 'crafting' recipes with output: 'com.blamejared.crafttweaker.api.item.MCItemStack@573a66a7'
[00:00:01.279][INFO]: Removing 'crafting' recipes with output: 'com.blamejared.crafttweaker.api.item.MCItemStack@745634b2'
[00:00:01.281][INFO]: Removing 'crafting' recipes with output: 'com.blamejared.crafttweaker.api.item.MCItemStack@7a3825d7'
[00:00:01.283][INFO]: Removing 'crafting' recipes with output: 'com.blamejared.crafttweaker.api.item.MCItemStack@9e2dfc1b'
[00:00:01.285][INFO]: Removing 'crafting' recipes with output: 'com.blamejared.crafttweaker.api.item.MCItemStack@5036a4e0'
[00:00:01.286][INFO]: Removing 'crafting' recipes with output: 'com.blamejared.crafttweaker.api.item.MCItemStack@79e67faf'
[00:00:01.288][INFO]: Removing 'crafting' recipes with output: 'com.blamejared.crafttweaker.api.item.MCItemStack@7d315d82'
[00:00:01.290][INFO]: Removing 'crafting' recipes with output: 'com.blamejared.crafttweaker.api.item.MCItemStack@b81d910b'
[00:00:01.291][INFO]: Removing 'crafting' recipes with output: 'com.blamejared.crafttweaker.api.item.MCItemStack@95700743'
[00:00:01.293][INFO]: Removing 'crafting' recipes with output: 'com.blamejared.crafttweaker.api.item.MCItemStack@5be3c71c'
[00:00:01.295][INFO]: Removing 'crafting' recipes with output: 'com.blamejared.crafttweaker.api.item.MCItemStack@6538a96d'
[00:00:01.296][INFO]: Removing 'crafting' recipes with output: 'com.blamejared.crafttweaker.api.item.MCItemStack@161ec4c9'
[00:00:01.298][INFO]: Removing 'crafting' recipes with output: 'com.blamejared.crafttweaker.api.item.MCItemStack@721937d7'
[00:00:01.300][INFO]: Removing 'crafting' recipes with output: 'com.blamejared.crafttweaker.api.item.MCItemStack@5231945e'
[00:00:01.301][INFO]: Removing 'crafting' recipes with output: 'com.blamejared.crafttweaker.api.item.MCItemStack@a5d2091'
[00:00:01.303][INFO]: Removing 'crafting' recipes with output: 'com.blamejared.crafttweaker.api.item.MCItemStack@fadad3d2'
[00:00:01.305][INFO]: Removing 'crafting' recipes with output: 'com.blamejared.crafttweaker.api.item.MCItemStack@dea33e23'
[00:00:01.306][INFO]: Removing 'crafting' recipes with output: 'com.blamejared.crafttweaker.api.item.MCItemStack@940c7a7b'
[00:00:01.308][INFO]: Removing 'crafting' recipes with output: 'com.blamejared.crafttweaker.api.item.MCItemStack@4bbba1ee'
[00:00:01.310][INFO]: Removing 'crafting' recipes with output: 'com.blamejared.crafttweaker.api.item.MCItemStack@8eb842a'
[00:00:01.311][INFO]: Removing 'crafting' recipes with output: 'com.blamejared.crafttweaker.api.item.MCItemStack@7e9a44a5'
[00:00:01.313][INFO]: Removing 'crafting' recipes with output: 'com.blamejared.crafttweaker.api.item.MCItemStack@ffa9c204'
[00:00:01.315][INFO]: Removing 'crafting' recipes with output: 'com.blamejared.crafttweaker.api.item.MCItemStack@b7bf85f1'
[00:00:01.316][INFO]: Removing 'crafting' recipes with output: 'com.blamejared.crafttweaker.api.item.MCItemStack@2cdcee1b'
[00:00:01.318][INFO]: Removing 'crafting' recipes with output: 'com.blamejared.crafttweaker.api.item.MCItemStack@440f3298'
[00:00:01.320][INFO]: Removing 'crafting' recipes with output: 'com.blamejared.crafttweaker.api.item.MCItemStack@6faecab9'
[00:00:01.321][INFO]: Removing 'crafting' recipes with output: 'com.blamejared.crafttweaker.api.item.MCItemStack@ea07c90c'
[00:00:01.323][INFO]: Removing 'crafting' recipes with output: 'com.blamejared.crafttweaker.api.item.MCItemStack@d639cf76'
[00:00:01.324][INFO]: Removing 'crafting' recipes with output: 'com.blamejared.crafttweaker.api.item.MCItemStack@83e436ad'
[00:00:01.325][INFO]: Removing 'crafting' recipes with output: 'com.blamejared.crafttweaker.api.item.MCItemStack@7e6f4f8c'
[00:00:01.326][INFO]: Removing 'crafting' recipes with output: 'com.blamejared.crafttweaker.api.item.MCItemStack@19ed818e'
[00:00:01.327][INFO]: Removing 'crafting' recipes with output: 'com.blamejared.crafttweaker.api.item.MCItemStack@5e7a931f'
[00:00:01.328][INFO]: Removing 'crafting' recipes with output: 'com.blamejared.crafttweaker.api.item.MCItemStack@958fa1c4'
[00:00:01.329][INFO]: Removing 'crafting' recipes with output: 'com.blamejared.crafttweaker.api.item.MCItemStack@4cf4a425'
[00:00:01.330][INFO]: Removing 'crafting' recipes with output: 'com.blamejared.crafttweaker.api.item.MCItemStack@e1c192a'
[00:00:01.331][INFO]: Removing 'crafting' recipes with output: 'com.blamejared.crafttweaker.api.item.MCItemStack@4771735c'
[00:00:01.331][INFO]: Removing 'crafting' recipes with output: 'com.blamejared.crafttweaker.api.item.MCItemStack@cb1e6097'
[00:00:01.332][INFO]: Removing 'crafting' recipes with output: 'com.blamejared.crafttweaker.api.item.MCItemStack@3e4da9'
[00:00:01.333][INFO]: Removing 'crafting' recipes with output: 'com.blamejared.crafttweaker.api.item.MCItemStack@f402c596'
[00:00:01.334][INFO]: Removing 'crafting' recipes with output: 'com.blamejared.crafttweaker.api.item.MCItemStack@ac6ea33c'
[00:00:01.335][INFO]: Removing 'crafting' recipes with output: 'com.blamejared.crafttweaker.api.item.MCItemStack@8df29ae8'
[00:00:01.335][INFO]: Removing 'crafting' recipes with output: 'com.blamejared.crafttweaker.api.item.MCItemStack@390c57fe'
[00:00:01.336][INFO]: Removing 'crafting' recipes with output: 'com.blamejared.crafttweaker.api.item.MCItemStack@107291b5'
[00:00:01.337][INFO]: Removing 'crafting' recipes with output: 'com.blamejared.crafttweaker.api.item.MCItemStack@ad9cbc70'
[00:00:01.338][INFO]: Removing 'crafting' recipes with output: 'com.blamejared.crafttweaker.api.item.MCItemStack@4a1062df'
[00:00:01.339][INFO]: Removing 'crafting' recipes with output: 'com.blamejared.crafttweaker.api.item.MCItemStack@7a1ff7aa'
[00:00:01.339][INFO]: Removing 'crafting' recipes with output: 'com.blamejared.crafttweaker.api.item.MCItemStack@a81f00e1'
[00:00:01.340][INFO]: Removing 'crafting' recipes with output: 'com.blamejared.crafttweaker.api.item.MCItemStack@5a37f587'
[00:00:01.341][INFO]: Removing 'crafting' recipes with output: 'com.blamejared.crafttweaker.api.item.MCItemStack@ba963e57'
[00:00:01.342][INFO]: Removing 'crafting' recipes with output: 'com.blamejared.crafttweaker.api.item.MCItemStack@7eed1383'
[00:00:01.343][INFO]: Removing 'crafting' recipes with output: 'com.blamejared.crafttweaker.api.item.MCItemStack@fcc7c9d7'
[00:00:01.343][INFO]: Removing 'crafting' recipes with output: 'com.blamejared.crafttweaker.api.item.MCItemStack@2d8a9efd'
[00:00:01.345][INFO]: Removing 'minecraft:crafting' recipe(s) with name(s): '[storagedrawers:add_upgrade]'
[00:00:01.345][INFO]: Removing "minecraft:crafting" recipes with modid: "pipez"
[00:00:01.347][INFO]: Removing 'crafting' recipes with output: 'com.blamejared.crafttweaker.api.item.MCItemStack@5a54ca13'
[00:00:01.347][INFO]: Removing 'crafting' recipes with output: 'com.blamejared.crafttweaker.api.item.MCItemStack@fbd9de2'
[00:00:01.348][INFO]: Removing 'crafting' recipes with output: 'com.blamejared.crafttweaker.api.item.MCItemStack@33bc761'
[00:00:01.349][INFO]: Removing 'crafting' recipes with output: 'com.blamejared.crafttweaker.api.item.MCItemStack@f7bca471'
[00:00:01.350][INFO]: Removing 'crafting' recipes with output: 'com.blamejared.crafttweaker.api.item.MCItemStack@5a54ca13'
[00:00:01.351][INFO]: Removing 'crafting' recipes with output: 'com.blamejared.crafttweaker.api.item.MCItemStack@fbd9de2'
[00:00:01.352][INFO]: Removing 'crafting' recipes with output: 'com.blamejared.crafttweaker.api.item.MCItemStack@33bc761'
[00:00:01.353][INFO]: Removing 'crafting' recipes with output: 'com.blamejared.crafttweaker.api.item.MCItemStack@f7bca471'
[00:00:01.353][INFO]: Removing 'crafting' recipes with output: 'com.blamejared.crafttweaker.api.item.MCItemStack@9fa16fff'
[00:00:01.354][INFO]: Removing 'crafting' recipes with output: 'com.blamejared.crafttweaker.api.item.MCItemStack@58af73d4'
[00:00:01.355][INFO]: Removing 'crafting' recipes with output: 'com.blamejared.crafttweaker.api.item.MCItemStack@f364882b'
[00:00:01.356][INFO]: Removing 'crafting' recipes with output: 'com.blamejared.crafttweaker.api.item.MCItemStack@5a1a9342'
[00:00:01.356][INFO]: Removing 'crafting' recipes with output: 'com.blamejared.crafttweaker.api.item.MCItemStack@683c2ae'
[00:00:01.357][INFO]: Removing 'crafting' recipes with output: 'com.blamejared.crafttweaker.api.item.MCItemStack@38281980'
[00:00:01.358][INFO]: Removing 'crafting' recipes with output: 'com.blamejared.crafttweaker.api.item.MCItemStack@1bb0bb11'
[00:00:01.359][INFO]: Removing 'crafting' recipes with output: 'com.blamejared.crafttweaker.api.item.MCItemStack@a494fb94'
[00:00:01.359][INFO]: Removing 'crafting' recipes with output: 'com.blamejared.crafttweaker.api.item.MCItemStack@8be3251c'
[00:00:01.360][INFO]: Removing 'crafting' recipes with output: 'com.blamejared.crafttweaker.api.item.MCItemStack@24eda620'
[00:00:01.361][INFO]: Removing 'crafting' recipes with output: 'com.blamejared.crafttweaker.api.item.MCItemStack@747b8886'
[00:00:01.362][INFO]: Removing 'crafting' recipes with output: 'com.blamejared.crafttweaker.api.item.MCItemStack@dfb80660'
[00:00:01.363][INFO]: Removing 'crafting' recipes with output: 'com.blamejared.crafttweaker.api.item.MCItemStack@2953ed71'
[00:00:01.363][INFO]: Removing 'crafting' recipes with output: 'com.blamejared.crafttweaker.api.item.MCItemStack@44852d7e'
[00:00:01.364][INFO]: Removing 'crafting' recipes with output: 'com.blamejared.crafttweaker.api.item.MCItemStack@5908fef8'
[00:00:01.365][INFO]: Removing 'crafting' recipes with output: 'com.blamejared.crafttweaker.api.item.MCItemStack@38bf41e4'
[00:00:01.366][INFO]: Removing 'crafting' recipes with output: 'com.blamejared.crafttweaker.api.item.MCItemStack@5851e88b'
[00:00:01.366][INFO]: Removing 'crafting' recipes with output: 'com.blamejared.crafttweaker.api.item.MCItemStack@b5b730dc'
[00:00:01.367][INFO]: Removing 'crafting' recipes with output: 'com.blamejared.crafttweaker.api.item.MCItemStack@e9af2614'
[00:00:01.368][INFO]: Removing 'crafting' recipes with output: 'com.blamejared.crafttweaker.api.item.MCItemStack@34db5100'
[00:00:01.369][INFO]: Removing 'crafting' recipes with output: 'com.blamejared.crafttweaker.api.item.MCItemStack@6506852b'
[00:00:01.369][INFO]: Removing 'crafting' recipes with output: 'com.blamejared.crafttweaker.api.item.MCItemStack@f74551c9'
[00:00:01.370][INFO]: Removing 'crafting' recipes with output: 'com.blamejared.crafttweaker.api.item.MCItemStack@9c3c59c9'
[00:00:01.371][INFO]: Removing 'crafting' recipes with output: 'com.blamejared.crafttweaker.api.item.MCItemStack@a5ff5321'
[00:00:01.372][INFO]: Removing 'crafting' recipes with output: 'com.blamejared.crafttweaker.api.item.MCItemStack@db418ad5'
[00:00:01.372][INFO]: Removing 'crafting' recipes with output: 'com.blamejared.crafttweaker.api.item.MCItemStack@8470d9a6'
[00:00:01.373][INFO]: Removing 'crafting' recipes with output: 'com.blamejared.crafttweaker.api.item.MCItemStack@b1fe3789'
[00:00:01.374][INFO]: Removing 'crafting' recipes with output: 'com.blamejared.crafttweaker.api.item.MCItemStack@b36af851'
[00:00:01.375][INFO]: Removing 'crafting' recipes with output: 'com.blamejared.crafttweaker.api.item.MCItemStack@5fa6b289'
[00:00:01.375][INFO]: Removing 'crafting' recipes with output: 'com.blamejared.crafttweaker.api.item.MCItemStack@6331e460'
[00:00:01.376][INFO]: Removing 'crafting' recipes with output: 'com.blamejared.crafttweaker.api.item.MCItemStack@26076de1'
[00:00:01.377][INFO]: Removing 'crafting' recipes with output: 'com.blamejared.crafttweaker.api.item.MCItemStack@5bebec11'
[00:00:01.378][INFO]: Removing 'crafting' recipes with output: 'com.blamejared.crafttweaker.api.item.MCItemStack@902a9117'
[00:00:01.379][INFO]: Removing 'crafting' recipes with output: 'com.blamejared.crafttweaker.api.item.MCItemStack@cc3cf4c1'
[00:00:01.379][INFO]: Removing 'crafting' recipes with output: 'com.blamejared.crafttweaker.api.item.MCItemStack@932b50bb'
[00:00:01.380][INFO]: Removing 'crafting' recipes with output: 'com.blamejared.crafttweaker.api.item.MCItemStack@9c8dce9d'
[00:00:01.381][INFO]: Removing 'crafting' recipes with output: 'com.blamejared.crafttweaker.api.item.MCItemStack@a1a62143'
[00:00:01.382][INFO]: Removing 'crafting' recipes with output: 'com.blamejared.crafttweaker.api.item.MCItemStack@d755280e'
[00:00:01.382][INFO]: Removing 'crafting' recipes with output: 'com.blamejared.crafttweaker.api.item.MCItemStack@e7147c92'
[00:00:01.383][INFO]: Removing 'crafting' recipes with output: 'com.blamejared.crafttweaker.api.item.MCItemStack@58b98289'
[00:00:01.384][INFO]: Removing 'crafting' recipes with output: 'com.blamejared.crafttweaker.api.item.MCItemStack@c363d217'
[00:00:01.385][INFO]: Removing 'crafting' recipes with output: 'com.blamejared.crafttweaker.api.item.MCItemStack@426efc28'
[00:00:01.386][INFO]: Removing 'crafting' recipes with output: 'com.blamejared.crafttweaker.api.item.MCItemStack@dc0765de'
[00:00:01.386][INFO]: Removing 'crafting' recipes with output: 'com.blamejared.crafttweaker.api.item.MCItemStack@ba6f1868'
[00:00:01.387][INFO]: Removing 'mekanism:metallurgic_infusing' recipe(s) with name(s): '[mekanism:metallurgic_infusing/alloy/infused]'
[00:00:01.387][INFO]: Removing 'mekanism:metallurgic_infusing' recipe(s) with name(s): '[mekanism:metallurgic_infusing/alloy/reinforced]'
[00:00:01.387][INFO]: Removing 'mekanism:metallurgic_infusing' recipe(s) with name(s): '[mekanism:metallurgic_infusing/alloy/atomic]'
[00:00:01.387][INFO]: Removing 'mekanism:metallurgic_infusing' recipe(s) with name(s): '[mekanism:control_circuit/basic]'
[00:00:01.387][INFO]: Removing 'crafting' recipes with output: 'com.blamejared.crafttweaker.api.item.MCItemStack@f30c42b2'
[00:00:01.388][INFO]: Removing 'crafting' recipes with output: 'com.blamejared.crafttweaker.api.item.MCItemStack@c34cbfa7'
[00:00:01.389][INFO]: Removing 'crafting' recipes with output: 'com.blamejared.crafttweaker.api.item.MCItemStack@60c741fa'
[00:00:01.390][INFO]: Removing 'crafting' recipes with output: 'com.blamejared.crafttweaker.api.item.MCItemStack@2cdc4896'
[00:00:01.390][INFO]: Removing 'crafting' recipes with output: 'com.blamejared.crafttweaker.api.item.MCItemStack@58978a9d'
[00:00:01.391][INFO]: Removing 'crafting' recipes with output: 'com.blamejared.crafttweaker.api.item.MCItemStack@a50715a9'
[00:00:01.392][INFO]: Removing 'crafting' recipes with output: 'com.blamejared.crafttweaker.api.item.MCItemStack@bb2d631b'
[00:00:01.393][INFO]: Removing 'crafting' recipes with output: 'com.blamejared.crafttweaker.api.item.MCItemStack@4c2443c2'
[00:00:01.393][INFO]: Removing 'crafting' recipes with output: 'com.blamejared.crafttweaker.api.item.MCItemStack@18389a74'
[00:00:01.394][INFO]: Removing 'crafting' recipes with output: 'com.blamejared.crafttweaker.api.item.MCItemStack@6bd1844f'
[00:00:01.395][INFO]: Removing 'crafting' recipes with output: 'com.blamejared.crafttweaker.api.item.MCItemStack@6d6b9e89'
[00:00:01.396][INFO]: Removing 'crafting' recipes with output: 'com.blamejared.crafttweaker.api.item.MCItemStack@27187c4b'
[00:00:01.397][INFO]: Removing 'crafting' recipes with output: 'com.blamejared.crafttweaker.api.item.MCItemStack@6948e590'
[00:00:01.397][INFO]: Removing 'crafting' recipes with output: 'com.blamejared.crafttweaker.api.item.MCItemStack@525220f'
[00:00:01.398][INFO]: Removing 'crafting' recipes with output: 'com.blamejared.crafttweaker.api.item.MCItemStack@1ecb9577'
[00:00:01.399][INFO]: Removing 'crafting' recipes with output: 'com.blamejared.crafttweaker.api.item.MCItemStack@5536f089'
[00:00:01.400][INFO]: Removing 'crafting' recipes with output: 'com.blamejared.crafttweaker.api.item.MCItemStack@1fdad695'
[00:00:01.400][INFO]: Removing 'crafting' recipes with output: 'com.blamejared.crafttweaker.api.item.MCItemStack@a8945f95'
[00:00:01.401][INFO]: Removing 'crafting' recipes with output: 'com.blamejared.crafttweaker.api.item.MCItemStack@b0b4b71d'
[00:00:01.402][INFO]: Removing 'crafting' recipes with output: 'com.blamejared.crafttweaker.api.item.MCItemStack@f473eccc'
[00:00:01.403][INFO]: Removing 'crafting' recipes with output: 'com.blamejared.crafttweaker.api.item.MCItemStack@96ecf208'
[00:00:01.403][INFO]: Removing 'crafting' recipes with output: 'com.blamejared.crafttweaker.api.item.MCItemStack@1fdad695'
[00:00:01.404][INFO]: Removing 'crafting' recipes with output: 'com.blamejared.crafttweaker.api.item.MCItemStack@773c5db3'
[00:00:01.405][INFO]: Removing 'crafting' recipes with output: 'com.blamejared.crafttweaker.api.item.MCItemStack@5c22da0'
[00:00:01.406][INFO]: Removing 'crafting' recipes with output: 'com.blamejared.crafttweaker.api.item.MCItemStack@5c565d82'
[00:00:01.406][INFO]: Removing 'crafting' recipes with output: 'com.blamejared.crafttweaker.api.item.MCItemStack@2283e78f'
[00:00:01.407][INFO]: Removing 'crafting' recipes with output: 'com.blamejared.crafttweaker.api.item.MCItemStack@575b9bd'
[00:00:01.408][INFO]: Removing 'crafting' recipes with output: 'com.blamejared.crafttweaker.api.item.MCItemStack@a64787a6'
[00:00:01.409][INFO]: Removing 'crafting' recipes with output: 'com.blamejared.crafttweaker.api.item.MCItemStack@93c3cd3d'
[00:00:01.410][INFO]: Removing 'crafting' recipes with output: 'com.blamejared.crafttweaker.api.item.MCItemStack@9004dd78'
[00:00:01.411][INFO]: Removing 'crafting' recipes with output: 'com.blamejared.crafttweaker.api.item.MCItemStack@f9cc7c53'
[00:00:01.412][INFO]: Removing 'crafting' recipes with output: 'com.blamejared.crafttweaker.api.item.MCItemStack@c0feeb29'
[00:00:01.413][INFO]: Removing 'crafting' recipes with output: 'com.blamejared.crafttweaker.api.item.MCItemStack@79262a51'
[00:00:01.413][INFO]: Removing 'crafting' recipes with output: 'com.blamejared.crafttweaker.api.item.MCItemStack@d4da6048'
[00:00:01.414][INFO]: Removing 'crafting' recipes with output: 'com.blamejared.crafttweaker.api.item.MCItemStack@349422fe'
[00:00:01.415][INFO]: Removing 'crafting' recipes with output: 'com.blamejared.crafttweaker.api.item.MCItemStack@f234df6a'
[00:00:01.416][INFO]: Removing 'crafting' recipes with output: 'com.blamejared.crafttweaker.api.item.MCItemStack@b5e8d78f'
[00:00:01.417][INFO]: Removing 'crafting' recipes with output: 'com.blamejared.crafttweaker.api.item.MCItemStack@a6c9b2d9'
[00:00:01.418][INFO]: Removing 'crafting' recipes with output: 'com.blamejared.crafttweaker.api.item.MCItemStack@559f4ec0'
[00:00:01.418][INFO]: Removing 'crafting' recipes with output: 'com.blamejared.crafttweaker.api.item.MCItemStack@ef50c23a'
[00:00:01.419][INFO]: Removing 'crafting' recipes with output: 'com.blamejared.crafttweaker.api.item.MCItemStack@fb83bda1'
[00:00:01.420][INFO]: Removing 'crafting' recipes with output: 'com.blamejared.crafttweaker.api.item.MCItemStack@2b5e0eb6'
[00:00:01.421][INFO]: Removing 'crafting' recipes with output: 'com.blamejared.crafttweaker.api.item.MCItemStack@1e11a5b7'
[00:00:01.422][INFO]: Removing 'crafting' recipes with output: 'com.blamejared.crafttweaker.api.item.MCItemStack@42d44073'
[00:00:01.423][INFO]: Removing 'crafting' recipes with output: 'com.blamejared.crafttweaker.api.item.MCItemStack@40b9b306'
[00:00:01.423][INFO]: Removing 'crafting' recipes with output: 'com.blamejared.crafttweaker.api.item.MCItemStack@b8198f8c'
[00:00:01.424][INFO]: Removing 'crafting' recipes with output: 'com.blamejared.crafttweaker.api.item.MCItemStack@6757d3e0'
[00:00:01.425][INFO]: Removing 'crafting' recipes with output: 'com.blamejared.crafttweaker.api.item.MCItemStack@c2355000'
[00:00:01.426][INFO]: Removing 'crafting' recipes with output: 'com.blamejared.crafttweaker.api.item.MCItemStack@f348faa3'
[00:00:01.426][INFO]: Removing 'crafting' recipes with output: 'com.blamejared.crafttweaker.api.item.MCItemStack@d736f727'
[00:00:01.427][INFO]: Removing 'crafting' recipes with output: 'com.blamejared.crafttweaker.api.item.MCItemStack@dbf6f383'
[00:00:01.428][INFO]: Removing 'crafting' recipes with output: 'com.blamejared.crafttweaker.api.item.MCItemStack@c2f93f17'
[00:00:01.429][INFO]: Removing 'crafting' recipes with output: 'com.blamejared.crafttweaker.api.item.MCItemStack@5e1f7f99'
[00:00:01.429][INFO]: Removing 'crafting' recipes with output: 'com.blamejared.crafttweaker.api.item.MCItemStack@e7eddb35'
[00:00:01.430][INFO]: Removing 'crafting' recipes with output: 'com.blamejared.crafttweaker.api.item.MCItemStack@cbcf094f'
[00:00:01.431][INFO]: Removing 'crafting' recipes with output: 'com.blamejared.crafttweaker.api.item.MCItemStack@ee78b961'
[00:00:01.432][INFO]: Removing 'crafting' recipes with output: 'com.blamejared.crafttweaker.api.item.MCItemStack@dd71ff15'
[00:00:01.432][INFO]: Removing 'crafting' recipes with output: 'com.blamejared.crafttweaker.api.item.MCItemStack@56e0e3cb'
[00:00:01.433][INFO]: Removing 'crafting' recipes with output: 'com.blamejared.crafttweaker.api.item.MCItemStack@f2ea15df'
[00:00:01.434][INFO]: Removing 'crafting' recipes with output: 'com.blamejared.crafttweaker.api.item.MCItemStack@96bd684e'
[00:00:01.435][INFO]: Removing 'crafting' recipes with output: 'com.blamejared.crafttweaker.api.item.MCItemStack@2ec4084a'
[00:00:01.436][INFO]: Removing 'crafting' recipes with output: 'com.blamejared.crafttweaker.api.item.MCItemStack@aaab2edf'
[00:00:01.437][INFO]: Removing 'crafting' recipes with output: 'com.blamejared.crafttweaker.api.item.MCItemStack@4faf7a81'
[00:00:01.438][INFO]: Removing 'crafting' recipes with output: 'com.blamejared.crafttweaker.api.item.MCItemStack@6a6cae84'
[00:00:01.439][INFO]: Removing 'crafting' recipes with output: 'com.blamejared.crafttweaker.api.item.MCItemStack@4e239275'
[00:00:01.440][INFO]: Removing 'crafting' recipes with output: 'com.blamejared.crafttweaker.api.item.MCItemStack@82d15cf8'
[00:00:01.441][INFO]: Removing 'crafting' recipes with output: 'com.blamejared.crafttweaker.api.item.MCItemStack@aa53361e'
[00:00:01.443][INFO]: Removing 'smelting' recipes with output: 'com.blamejared.crafttweaker.api.item.MCItemStack@62a1e3e9'
[00:00:01.443][INFO]: Removing 'smelting' recipes with output: 'com.blamejared.crafttweaker.api.item.MCItemStack@c2a00bee'
[00:00:01.443][INFO]: Removing 'smelting' recipes with output: 'com.blamejared.crafttweaker.api.item.MCItemStack@6900b19e'
[00:00:01.443][INFO]: Removing 'crafting' recipes with output: 'com.blamejared.crafttweaker.api.item.MCItemStack@4301b4d6'
[00:00:01.444][INFO]: Removing 'crafting' recipes with output: 'com.blamejared.crafttweaker.api.item.MCItemStack@eaba24ab'
[00:00:01.445][INFO]: Removing 'crafting' recipes with output: 'com.blamejared.crafttweaker.api.item.MCItemStack@f88e18e5'
[00:00:01.446][INFO]: Removing 'crafting' recipes with output: 'com.blamejared.crafttweaker.api.item.MCItemStack@b71acf09'
[00:00:01.447][INFO]: Removing 'crafting' recipes with output: 'com.blamejared.crafttweaker.api.item.MCItemStack@ea674e0'
[00:00:01.448][INFO]: Removing 'crafting' recipes with output: 'com.blamejared.crafttweaker.api.item.MCItemStack@59043f23'
[00:00:01.449][INFO]: Removing 'crafting' recipes with output: 'com.blamejared.crafttweaker.api.item.MCItemStack@66f68b7a'
[00:00:01.450][INFO]: Removing 'crafting' recipes with output: 'com.blamejared.crafttweaker.api.item.MCItemStack@b51eca54'
[00:00:01.451][INFO]: Removing 'crafting' recipes with output: 'com.blamejared.crafttweaker.api.item.MCItemStack@65f4fe1c'
[00:00:01.452][INFO]: Removing 'crafting' recipes with output: 'com.blamejared.crafttweaker.api.item.MCItemStack@3e715a0b'
[00:00:01.453][INFO]: Removing 'crafting' recipes with output: 'com.blamejared.crafttweaker.api.item.MCItemStack@b833e33f'
[00:00:01.453][INFO]: Removing 'crafting' recipes with output: 'com.blamejared.crafttweaker.api.item.MCItemStack@5553e56'
[00:00:01.454][INFO]: Removing 'crafting' recipes with output: 'com.blamejared.crafttweaker.api.item.MCItemStack@ea47103e'
[00:00:01.455][INFO]: Removing 'crafting' recipes with output: 'com.blamejared.crafttweaker.api.item.MCItemStack@5207d29f'
[00:00:01.456][INFO]: Removing 'crafting' recipes with output: 'com.blamejared.crafttweaker.api.item.MCItemStack@6247cdee'
[00:00:01.456][INFO]: Removing 'crafting' recipes with output: 'com.blamejared.crafttweaker.api.item.MCItemStack@a4a88ccd'
[00:00:01.457][INFO]: Removing 'crafting' recipes with output: 'com.blamejared.crafttweaker.api.item.MCItemStack@f9c550cd'
[00:00:01.458][INFO]: Removing 'crafting' recipes with output: 'com.blamejared.crafttweaker.api.item.MCItemStack@89a0806a'
[00:00:01.459][INFO]: Removing 'crafting' recipes with output: 'com.blamejared.crafttweaker.api.item.MCItemStack@62a1e3e9'
[00:00:01.460][INFO]: Removing 'crafting' recipes with output: 'com.blamejared.crafttweaker.api.item.MCItemStack@c2a00bee'
[00:00:01.460][INFO]: Removing 'crafting' recipes with output: 'com.blamejared.crafttweaker.api.item.MCItemStack@6900b19e'
[00:00:01.461][INFO]: Removing 'crafting' recipes with output: 'com.blamejared.crafttweaker.api.item.MCItemStack@81ea2768'
[00:00:01.462][INFO]: Removing 'crafting' recipes with output: 'com.blamejared.crafttweaker.api.item.MCItemStack@c4a8ce3f'
[00:00:01.463][INFO]: Removing 'crafting' recipes with output: 'com.blamejared.crafttweaker.api.item.MCItemStack@b94ef439'
[00:00:01.463][INFO]: Removing 'crafting' recipes with output: 'com.blamejared.crafttweaker.api.item.MCItemStack@3b4165be'
[00:00:01.464][INFO]: Removing 'crafting' recipes with output: 'com.blamejared.crafttweaker.api.item.MCItemStack@62ff9bd3'
[00:00:01.466][INFO]: Removing 'crafting' recipes with output: 'com.blamejared.crafttweaker.api.ingredient.type.TagIngredient@2c95862e'
[00:00:01.509][INFO]: Removing 'crafting' recipes with output: 'com.blamejared.crafttweaker.api.ingredient.type.TagIngredient@5b5cafec'
[00:00:01.545][INFO]: Removing 'crafting' recipes with output: 'com.blamejared.crafttweaker.api.ingredient.type.TagIngredient@17c6caf3'
[00:00:01.573][INFO]: Removing 'crafting' recipes with output: 'com.blamejared.crafttweaker.api.item.MCItemStack@8d63f280'
[00:00:01.576][INFO]: Removing 'crafting' recipes with output: 'com.blamejared.crafttweaker.api.item.MCItemStack@853ec716'
[00:00:01.578][INFO]: Removing 'crafting' recipes with output: 'com.blamejared.crafttweaker.api.item.MCItemStack@5031cae5'
[00:00:01.581][INFO]: Removing 'crafting' recipes with output: 'com.blamejared.crafttweaker.api.item.MCItemStack@fed23ef2'
[00:00:01.583][INFO]: Removing 'crafting' recipes with output: 'com.blamejared.crafttweaker.api.item.MCItemStack@1c2a0668'
[00:00:01.585][INFO]: Removing 'crafting' recipes with output: 'com.blamejared.crafttweaker.api.item.MCItemStack@86542dd2'
[00:00:01.587][INFO]: Removing 'crafting' recipes with output: 'com.blamejared.crafttweaker.api.item.MCItemStack@ac8dec1'
[00:00:01.588][INFO]: Removing 'crafting' recipes with output: 'com.blamejared.crafttweaker.api.ingredient.type.TagIngredient@4c580b8'
[00:00:01.615][INFO]: Removing 'crafting' recipes with output: 'com.blamejared.crafttweaker.api.item.MCItemStack@2d2408ad'
[00:00:01.616][INFO]: Removing 'crafting' recipes with output: 'com.blamejared.crafttweaker.api.item.MCItemStack@e1269543'
[00:00:01.618][INFO]: Removing 'crafting' recipes with output: 'com.blamejared.crafttweaker.api.item.MCItemStack@cab13e37'
[00:00:01.619][INFO]: Removing 'crafting' recipes with output: 'com.blamejared.crafttweaker.api.ingredient.type.TagIngredient@357942ae'
[00:00:01.645][INFO]: Removing 'crafting' recipes with output: 'com.blamejared.crafttweaker.api.item.MCItemStack@67f5a6df'
[00:00:01.647][INFO]: Removing 'crafting' recipes with output: 'com.blamejared.crafttweaker.api.item.MCItemStack@7c10aeb7'
[00:00:01.648][INFO]: Removing 'crafting' recipes with output: 'com.blamejared.crafttweaker.api.item.MCItemStack@8e07f735'
[00:00:01.649][INFO]: Removing 'crafting' recipes with output: 'com.blamejared.crafttweaker.api.item.MCItemStack@d4bfe70'
[00:00:01.650][INFO]: Removing "minecraft:crafting" recipes with modid: "irongenerators"
[00:00:01.651][INFO]: Removing 'crafting' recipes with output: 'com.blamejared.crafttweaker.api.item.MCItemStack@b362e642'
[00:00:01.652][INFO]: Removing 'crafting' recipes with output: 'com.blamejared.crafttweaker.api.item.MCItemStack@59723bf7'
[00:00:01.653][INFO]: Removing 'crafting' recipes with output: 'com.blamejared.crafttweaker.api.item.MCItemStack@58e3e3e0'
[00:00:01.654][INFO]: Removing 'crafting' recipes with output: 'com.blamejared.crafttweaker.api.item.MCItemStack@5bbefb40'
[00:00:01.655][INFO]: Removing 'crafting' recipes with output: 'com.blamejared.crafttweaker.api.item.MCItemStack@dc5c62d'
[00:00:01.655][INFO]: Removing 'crafting' recipes with output: 'com.blamejared.crafttweaker.api.item.MCItemStack@1371cb64'
[00:00:01.656][INFO]: Removing 'crafting' recipes with output: 'com.blamejared.crafttweaker.api.item.MCItemStack@4f76ab96'
[00:00:01.657][INFO]: Removing 'crafting' recipes with output: 'com.blamejared.crafttweaker.api.item.MCItemStack@c54ce927'
[00:00:01.658][INFO]: Removing 'crafting' recipes with output: 'com.blamejared.crafttweaker.api.item.MCItemStack@12e4047a'
[00:00:01.659][INFO]: Removing 'crafting' recipes with output: 'com.blamejared.crafttweaker.api.item.MCItemStack@27d4c7a0'
[00:00:01.660][INFO]: Removing 'crafting' recipes with output: 'com.blamejared.crafttweaker.api.item.MCItemStack@a74fe76b'
[00:00:01.661][INFO]: Removing 'crafting' recipes with output: 'com.blamejared.crafttweaker.api.item.MCItemStack@4705e131'
[00:00:01.661][INFO]: Removing 'crafting' recipes with output: 'com.blamejared.crafttweaker.api.item.MCItemStack@6f204653'
[00:00:01.663][INFO]: Removing 'crafting' recipes with output: 'com.blamejared.crafttweaker.api.item.MCItemStack@232cb6eb'
[00:00:01.663][INFO]: Removing 'crafting' recipes with output: 'com.blamejared.crafttweaker.api.item.MCItemStack@7230188f'
[00:00:01.664][INFO]: Removing 'crafting' recipes with output: 'com.blamejared.crafttweaker.api.item.MCItemStack@adea3817'
[00:00:01.665][INFO]: Removing 'crafting' recipes with output: 'com.blamejared.crafttweaker.api.item.MCItemStack@13b1a9d6'
[00:00:01.666][INFO]: Removing 'crafting' recipes with output: 'com.blamejared.crafttweaker.api.item.MCItemStack@cebbbce2'
[00:00:01.667][INFO]: Removing 'crafting' recipes with output: 'com.blamejared.crafttweaker.api.item.MCItemStack@c0ae25e8'
[00:00:01.668][INFO]: Removing 'crafting' recipes with output: 'com.blamejared.crafttweaker.api.item.MCItemStack@5ba260f5'
[00:00:01.669][INFO]: Removing 'crafting' recipes with output: 'com.blamejared.crafttweaker.api.item.MCItemStack@22e99981'
[00:00:01.669][INFO]: Removing 'crafting' recipes with output: 'com.blamejared.crafttweaker.api.item.MCItemStack@6a591ca7'
[00:00:01.670][INFO]: Removing 'crafting' recipes with output: 'com.blamejared.crafttweaker.api.item.MCItemStack@600357c3'
[00:00:01.671][INFO]: Removing 'crafting' recipes with output: 'com.blamejared.crafttweaker.api.item.MCItemStack@feb23be5'
[00:00:01.672][INFO]: Removing 'crafting' recipes with output: 'com.blamejared.crafttweaker.api.item.MCItemStack@f181a0f3'
[00:00:01.673][INFO]: Removing 'crafting' recipes with output: 'com.blamejared.crafttweaker.api.item.MCItemStack@df232682'
[00:00:01.673][INFO]: Removing 'crafting' recipes with output: 'com.blamejared.crafttweaker.api.item.MCItemStack@43510138'
[00:00:01.674][INFO]: Removing 'crafting' recipes with output: 'com.blamejared.crafttweaker.api.item.MCItemStack@cd1f0671'
[00:00:01.675][INFO]: Removing 'crafting' recipes with output: 'com.blamejared.crafttweaker.api.item.MCItemStack@8b8de2c0'
[00:00:01.676][INFO]: Removing 'crafting' recipes with output: 'com.blamejared.crafttweaker.api.item.MCItemStack@a2df3031'
[00:00:01.677][INFO]: Removing 'crafting' recipes with output: 'com.blamejared.crafttweaker.api.item.MCItemStack@41191e95'
[00:00:01.678][INFO]: Removing 'crafting' recipes with output: 'com.blamejared.crafttweaker.api.item.MCItemStack@6873ce67'
[00:00:01.678][INFO]: Removing 'crafting' recipes with output: 'com.blamejared.crafttweaker.api.item.MCItemStack@7403075c'
[00:00:01.679][INFO]: Removing 'crafting' recipes with output: 'com.blamejared.crafttweaker.api.item.MCItemStack@ab8c241f'
[00:00:01.680][INFO]: Removing 'crafting' recipes with output: 'com.blamejared.crafttweaker.api.item.MCItemStack@c44993f5'
[00:00:01.681][INFO]: Removing 'crafting' recipes with output: 'com.blamejared.crafttweaker.api.item.MCItemStack@c2ec9058'
[00:00:01.682][INFO]: Removing 'crafting' recipes with output: 'com.blamejared.crafttweaker.api.item.MCItemStack@4df020b5'
[00:00:01.682][INFO]: Removing 'crafting' recipes with output: 'com.blamejared.crafttweaker.api.item.MCItemStack@38571201'
[00:00:01.683][INFO]: Removing 'crafting' recipes with output: 'com.blamejared.crafttweaker.api.item.MCItemStack@c28fb2c4'
[00:00:01.684][INFO]: Removing 'crafting' recipes with output: 'com.blamejared.crafttweaker.api.item.MCItemStack@c8dfb3e5'
[00:00:01.685][INFO]: Removing 'crafting' recipes with output: 'com.blamejared.crafttweaker.api.item.MCItemStack@aa1743c0'
[00:00:01.686][INFO]: Removing 'crafting' recipes with output: 'com.blamejared.crafttweaker.api.item.MCItemStack@cb5412c9'
[00:00:01.687][INFO]: Removing 'crafting' recipes with output: 'com.blamejared.crafttweaker.api.item.MCItemStack@2f5d880f'
[00:00:01.687][INFO]: Removing 'crafting' recipes with output: 'com.blamejared.crafttweaker.api.item.MCItemStack@d6a08f56'
[00:00:01.688][INFO]: Removing 'crafting' recipes with output: 'com.blamejared.crafttweaker.api.item.MCItemStack@10770d7a'
[00:00:01.689][INFO]: Removing 'stonecutting' recipes with output: 'com.blamejared.crafttweaker.api.item.MCItemStack@b403e69'
[00:00:01.690][INFO]: Removing 'crafting' recipes with output: 'com.blamejared.crafttweaker.api.item.MCItemStack@540ed313'
[00:00:01.691][INFO]: Removing 'crafting' recipes with output: 'com.blamejared.crafttweaker.api.item.MCItemStack@72f47b7d'
[00:00:01.691][INFO]: Removing 'crafting' recipes with output: 'com.blamejared.crafttweaker.api.item.MCItemStack@ae77a16e'
[00:00:01.692][INFO]: Removing 'crafting' recipes with output: 'com.blamejared.crafttweaker.api.item.MCItemStack@ef06828a'
[00:00:01.693][INFO]: Removing 'crafting' recipes with output: 'com.blamejared.crafttweaker.api.item.MCItemStack@9b245171'
[00:00:01.694][INFO]: Removing 'crafting' recipes with output: 'com.blamejared.crafttweaker.api.item.MCItemStack@4af7f146'
[00:00:01.695][INFO]: Removing 'crafting' recipes with output: 'com.blamejared.crafttweaker.api.item.MCItemStack@79c4c88b'
[00:00:01.696][INFO]: Removing 'crafting' recipes with output: 'com.blamejared.crafttweaker.api.item.MCItemStack@bf68bb09'
[00:00:01.697][INFO]: Removing 'crafting' recipes with output: 'com.blamejared.crafttweaker.api.item.MCItemStack@232a9281'
[00:00:01.697][INFO]: Removing 'crafting' recipes with output: 'com.blamejared.crafttweaker.api.item.MCItemStack@291f6c40'
[00:00:01.698][INFO]: Removing 'crafting' recipes with output: 'com.blamejared.crafttweaker.api.item.MCItemStack@ffe3bc'
[00:00:01.699][INFO]: Removing 'crafting' recipes with output: 'com.blamejared.crafttweaker.api.item.MCItemStack@a641f24b'
[00:00:01.700][INFO]: Removing 'crafting' recipes with output: 'com.blamejared.crafttweaker.api.item.MCItemStack@91ad932f'
[00:00:01.701][INFO]: Removing 'crafting' recipes with output: 'com.blamejared.crafttweaker.api.item.MCItemStack@864c62e8'
[00:00:01.701][INFO]: Removing 'crafting' recipes with output: 'com.blamejared.crafttweaker.api.item.MCItemStack@cf87e539'
[00:00:01.702][INFO]: Removing 'crafting' recipes with output: 'com.blamejared.crafttweaker.api.item.MCItemStack@e0592d6c'
[00:00:01.703][INFO]: Removing 'crafting' recipes with output: 'com.blamejared.crafttweaker.api.item.MCItemStack@a7bc3fe5'
[00:00:01.704][INFO]: Removing 'crafting' recipes with output: 'com.blamejared.crafttweaker.api.item.MCItemStack@952e61d4'
[00:00:01.705][INFO]: Removing 'crafting' recipes with output: 'com.blamejared.crafttweaker.api.item.MCItemStack@1fd90b97'
[00:00:01.706][INFO]: Removing 'crafting' recipes with output: 'com.blamejared.crafttweaker.api.item.MCItemStack@d4b38039'
[00:00:01.706][INFO]: Removing 'crafting' recipes with output: 'com.blamejared.crafttweaker.api.item.MCItemStack@12b6a07c'
[00:00:01.707][INFO]: Removing 'crafting' recipes with output: 'com.blamejared.crafttweaker.api.item.MCItemStack@8125210f'
[00:00:01.708][INFO]: Removing 'crafting' recipes with output: 'com.blamejared.crafttweaker.api.item.MCItemStack@cb264186'
[00:00:01.709][INFO]: Removing 'crafting' recipes with output: 'com.blamejared.crafttweaker.api.item.MCItemStack@3a847212'
[00:00:01.710][INFO]: Removing 'crafting' recipes with output: 'com.blamejared.crafttweaker.api.item.MCItemStack@a2b6eeb1'
[00:00:01.710][INFO]: Removing 'crafting' recipes with output: 'com.blamejared.crafttweaker.api.item.MCItemStack@182ee75e'
[00:00:01.712][INFO]: Removing "thermal:press" recipes with outputs: [com.blamejared.crafttweaker.api.item.MCItemStack@71230e4b]" and fluid outputs: "[]"
[00:00:01.712][INFO]: Removing "thermal:press" recipes with outputs: [com.blamejared.crafttweaker.api.item.MCItemStack@f56bb556]" and fluid outputs: "[]"
[00:00:01.713][INFO]: Removing "thermal:press" recipes with outputs: [com.blamejared.crafttweaker.api.item.MCItemStack@1db5d57b]" and fluid outputs: "[]"
[00:00:01.713][INFO]: Removing 'crafting' recipes with output: 'com.blamejared.crafttweaker.api.item.MCItemStack@6780e229'
[00:00:01.714][INFO]: Removing 'crafting' recipes with output: 'com.blamejared.crafttweaker.api.item.MCItemStack@6e987ed1'
[00:00:01.715][INFO]: Removing 'crafting' recipes with output: 'com.blamejared.crafttweaker.api.item.MCItemStack@72dffc8b'
[00:00:01.716][INFO]: Removing 'crafting' recipes with output: 'com.blamejared.crafttweaker.api.item.MCItemStack@da9b35e2'
[00:00:01.716][INFO]: Removing 'crafting' recipes with output: 'com.blamejared.crafttweaker.api.item.MCItemStack@ab9cbda6'
[00:00:01.717][INFO]: Removing 'crafting' recipes with output: 'com.blamejared.crafttweaker.api.item.MCItemStack@e5d68043'
[00:00:01.718][INFO]: Removing 'crafting' recipes with output: 'com.blamejared.crafttweaker.api.item.MCItemStack@3163138f'
[00:00:01.719][INFO]: Removing 'crafting' recipes with output: 'com.blamejared.crafttweaker.api.item.MCItemStack@69a135b'
[00:00:01.720][INFO]: Removing 'crafting' recipes with output: 'com.blamejared.crafttweaker.api.item.MCItemStack@f56bb556'
[00:00:01.720][INFO]: Removing 'crafting' recipes with output: 'com.blamejared.crafttweaker.api.item.MCItemStack@71230e4b'
[00:00:01.721][INFO]: Removing 'crafting' recipes with output: 'com.blamejared.crafttweaker.api.item.MCItemStack@875e1a0d'
[00:00:01.722][INFO]: Removing 'crafting' recipes with output: 'com.blamejared.crafttweaker.api.item.MCItemStack@a9f4228e'
[00:00:01.723][INFO]: Removing 'crafting' recipes with output: 'com.blamejared.crafttweaker.api.item.MCItemStack@1db5d57b'
[00:00:01.723][INFO]: Removing 'crafting' recipes with output: 'com.blamejared.crafttweaker.api.item.MCItemStack@a8ed1b32'
[00:00:01.724][INFO]: Removing 'crafting' recipes with output: 'com.blamejared.crafttweaker.api.item.MCItemStack@3a4e9f26'
[00:00:01.725][INFO]: Removing 'crafting' recipes with output: 'com.blamejared.crafttweaker.api.item.MCItemStack@a38cf042'
[00:00:01.726][INFO]: Removing 'crafting' recipes with output: 'com.blamejared.crafttweaker.api.item.MCItemStack@9026cf42'
[00:00:01.727][INFO]: Removing 'crafting' recipes with output: 'com.blamejared.crafttweaker.api.item.MCItemStack@354c52ad'
[00:00:01.727][INFO]: Removing 'crafting' recipes with output: 'com.blamejared.crafttweaker.api.item.MCItemStack@48bacbab'
[00:00:01.728][INFO]: Removing 'crafting' recipes with output: 'com.blamejared.crafttweaker.api.item.MCItemStack@f4da56b4'
[00:00:01.729][INFO]: Removing 'crafting' recipes with output: 'com.blamejared.crafttweaker.api.item.MCItemStack@b5010154'
[00:00:01.730][INFO]: Removing 'crafting' recipes with output: 'com.blamejared.crafttweaker.api.item.MCItemStack@6cc66749'
[00:00:01.731][INFO]: Removing 'crafting' recipes with output: 'com.blamejared.crafttweaker.api.ingredient.type.TagIngredient@5aaea830'
[00:00:01.749][INFO]: Removing 'crafting' recipes with output: 'com.blamejared.crafttweaker.api.item.MCItemStack@8e7e5867'
[00:00:01.750][INFO]: Removing 'smelting' recipes with output: 'com.blamejared.crafttweaker.api.item.MCItemStack@8e7e5867'
[00:00:01.750][INFO]: Removing 'smoking' recipes with output: 'com.blamejared.crafttweaker.api.item.MCItemStack@8e7e5867'
[00:00:01.750][INFO]: Removing 'crafting' recipes with output: 'com.blamejared.crafttweaker.api.item.MCItemStack@30fd4055'
[00:00:01.751][INFO]: Removing 'crafting' recipes with output: 'com.blamejared.crafttweaker.api.item.MCItemStack@1fe7cff0'
[00:00:01.752][INFO]: Removing 'crafting' recipes with output: 'com.blamejared.crafttweaker.api.item.MCItemStack@d0b6fc4d'
[00:00:01.753][INFO]: Removing 'crafting' recipes with output: 'com.blamejared.crafttweaker.api.item.MCItemStack@77a85da5'
[00:00:01.754][INFO]: Removing 'crafting' recipes with output: 'com.blamejared.crafttweaker.api.item.MCItemStack@392f5cce'
[00:00:01.755][INFO]: Removing 'crafting' recipes with output: 'com.blamejared.crafttweaker.api.item.MCItemStack@17823e45'
[00:00:01.755][INFO]: Removing 'crafting' recipes with output: 'com.blamejared.crafttweaker.api.item.MCItemStack@2aa8efed'
[00:00:01.757][INFO]: Removing Brewing recipes that have an input of: com.blamejared.crafttweaker.api.item.MCItemStack@abb17a99, output of: com.blamejared.crafttweaker.api.item.MCItemStack@1b86707d and a reagent of: com.blamejared.crafttweaker.api.item.MCItemStack@d05546a1
[00:00:01.763][INFO]: Removing Brewing recipes that have an input of: com.blamejared.crafttweaker.api.item.MCItemStack@1570b9b6, output of: com.blamejared.crafttweaker.api.item.MCItemStack@a2bd3532 and a reagent of: com.blamejared.crafttweaker.api.item.MCItemStack@d05546a1
[00:00:01.764][INFO]: Removing Brewing recipes that have an input of: <potion:alexsmobs:knockback_resistance>, output of: <potion:alexsmobs:strong_knockback_resistance> and a reagent of: com.blamejared.crafttweaker.api.item.MCItemStack@d05546a1
[00:00:01.764][INFO]: Removing Brewing recipes that have an input of: <potion:alexsmobs:soulsteal>, output of: <potion:alexsmobs:strong_soulsteal> and a reagent of: com.blamejared.crafttweaker.api.item.MCItemStack@d05546a1
[00:00:01.765][INFO]: Removing Brewing recipes that output: <potion:alexsmobs:strong_soulsteal>
[00:00:01.765][INFO]: Removing Brewing recipes that output: <potion:minecraft:healing>
[00:00:01.765][INFO]: Removing Brewing recipes that output: <potion:minecraft:regeneration>
[00:00:01.765][INFO]: Removing Brewing recipes that output: <potion:minecraft:turtle_master>
[00:00:01.765][INFO]: Removing 'minecraft:crafting' recipe(s) with name(s): '[minecraft:suspicious_stew]'
[00:00:01.765][INFO]: Removing 'crafting' recipes with output: 'com.blamejared.crafttweaker.api.item.MCItemStack@f060d77e'
[00:00:01.766][INFO]: Removing 'crafting' recipes with output: 'com.blamejared.crafttweaker.api.item.MCItemStack@467dd251'
[00:00:01.767][INFO]: Removing 'crafting' recipes with output: 'com.blamejared.crafttweaker.api.item.MCItemStack@bb12e3b'
[00:00:01.768][INFO]: Removing 'crafting' recipes with output: 'com.blamejared.crafttweaker.api.item.MCItemStack@8e3ac1f8'
[00:00:01.769][INFO]: Removing 'crafting' recipes with output: 'com.blamejared.crafttweaker.api.item.MCItemStack@9a727fa2'
[00:00:01.769][INFO]: Removing 'crafting' recipes with output: 'com.blamejared.crafttweaker.api.item.MCItemStack@e9fc9b12'
[00:00:01.770][INFO]: Removing 'crafting' recipes with output: 'com.blamejared.crafttweaker.api.item.MCItemStack@cbad6e65'
[00:00:01.771][INFO]: Removing 'crafting' recipes with output: 'com.blamejared.crafttweaker.api.item.MCItemStack@9d7db1f3'
[00:00:01.772][INFO]: Removing 'crafting' recipes with output: 'com.blamejared.crafttweaker.api.item.MCItemStack@5f0e2693'
[00:00:01.773][INFO]: Removing 'crafting' recipes with output: 'com.blamejared.crafttweaker.api.item.MCItemStack@bc4e68c7'
[00:00:01.774][INFO]: Removing 'crafting' recipes with output: 'com.blamejared.crafttweaker.api.item.MCItemStack@66c32920'
[00:00:01.774][INFO]: Removing 'crafting' recipes with output: 'com.blamejared.crafttweaker.api.item.MCItemStack@f09b4a10'
[00:00:01.775][INFO]: Removing 'crafting' recipes with output: 'com.blamejared.crafttweaker.api.item.MCItemStack@22838320'
[00:00:01.776][INFO]: Removing 'crafting' recipes with output: 'com.blamejared.crafttweaker.api.item.MCItemStack@848b8476'
[00:00:01.777][INFO]: Removing 'crafting' recipes with output: 'com.blamejared.crafttweaker.api.item.MCItemStack@70b2e7fb'
[00:00:01.778][INFO]: Removing 'crafting' recipes with output: 'com.blamejared.crafttweaker.api.item.MCItemStack@99ca316f'
[00:00:01.778][INFO]: Removing 'crafting' recipes with output: 'com.blamejared.crafttweaker.api.item.MCItemStack@75f2dabd'
[00:00:01.779][INFO]: Removing 'crafting' recipes with output: 'com.blamejared.crafttweaker.api.item.MCItemStack@b5d43eae'
[00:00:01.780][INFO]: Removing 'crafting' recipes with output: 'com.blamejared.crafttweaker.api.item.MCItemStack@a09ca19b'
[00:00:01.781][INFO]: Removing 'crafting' recipes with output: 'com.blamejared.crafttweaker.api.item.MCItemStack@9182ff96'
[00:00:01.782][INFO]: Removing 'crafting' recipes with output: 'com.blamejared.crafttweaker.api.item.MCItemStack@bd3c9ed3'
[00:00:01.782][INFO]: Removing 'crafting' recipes with output: 'com.blamejared.crafttweaker.api.item.MCItemStack@76e0eb5d'
[00:00:01.783][INFO]: Removing 'crafting' recipes with output: 'com.blamejared.crafttweaker.api.item.MCItemStack@836f89b'
[00:00:01.784][INFO]: Removing 'crafting' recipes with output: 'com.blamejared.crafttweaker.api.item.MCItemStack@4a760e9c'
[00:00:01.785][INFO]: Removing 'crafting' recipes with output: 'com.blamejared.crafttweaker.api.item.MCItemStack@8f887dbe'
[00:00:01.785][INFO]: Removing 'crafting' recipes with output: 'com.blamejared.crafttweaker.api.item.MCItemStack@1019999a'
[00:00:01.786][INFO]: Removing 'crafting' recipes with output: 'com.blamejared.crafttweaker.api.item.MCItemStack@41e624b4'
[00:00:01.787][INFO]: Removing 'crafting' recipes with output: 'com.blamejared.crafttweaker.api.item.MCItemStack@2bb76325'
[00:00:01.788][INFO]: Removing 'crafting' recipes with output: 'com.blamejared.crafttweaker.api.item.MCItemStack@943672b1'
[00:00:01.789][INFO]: Removing 'crafting' recipes with output: 'com.blamejared.crafttweaker.api.item.MCItemStack@3380b5f1'
[00:00:01.789][INFO]: Removing 'crafting' recipes with output: 'com.blamejared.crafttweaker.api.item.MCItemStack@457fb583'
[00:00:01.790][INFO]: Removing 'crafting' recipes with output: 'com.blamejared.crafttweaker.api.item.MCItemStack@8076b046'
[00:00:01.791][INFO]: Removing 'crafting' recipes with output: 'com.blamejared.crafttweaker.api.item.MCItemStack@dca616b0'
[00:00:01.792][INFO]: Removing 'crafting' recipes with output: 'com.blamejared.crafttweaker.api.item.MCItemStack@23cbf85'
[00:00:01.793][INFO]: Removing 'crafting' recipes with output: 'com.blamejared.crafttweaker.api.item.MCItemStack@6ad8713f'
[00:00:01.793][INFO]: Removing 'crafting' recipes with output: 'com.blamejared.crafttweaker.api.item.MCItemStack@29c61bc3'
[00:00:01.794][INFO]: Removing 'crafting' recipes with output: 'com.blamejared.crafttweaker.api.item.MCItemStack@b2c87a1e'
[00:00:01.795][INFO]: Removing 'crafting' recipes with output: 'com.blamejared.crafttweaker.api.item.MCItemStack@5ad231a'
[00:00:01.796][INFO]: Removing 'crafting' recipes with output: 'com.blamejared.crafttweaker.api.item.MCItemStack@c35c2ab'
[00:00:01.797][INFO]: Removing 'crafting' recipes with output: 'com.blamejared.crafttweaker.api.item.MCItemStack@a36bdf27'
[00:00:01.797][INFO]: Removing 'crafting' recipes with output: 'com.blamejared.crafttweaker.api.item.MCItemStack@aacf6c9b'
[00:00:01.798][INFO]: Removing 'crafting' recipes with output: 'com.blamejared.crafttweaker.api.item.MCItemStack@e8b38c6b'
[00:00:01.799][INFO]: Removing 'crafting' recipes with output: 'com.blamejared.crafttweaker.api.item.MCItemStack@66d2f3a5'
[00:00:01.800][INFO]: Removing 'crafting' recipes with output: 'com.blamejared.crafttweaker.api.item.MCItemStack@1187ec31'
[00:00:01.801][INFO]: Removing 'crafting' recipes with output: 'com.blamejared.crafttweaker.api.item.MCItemStack@37511d83'
[00:00:01.801][INFO]: Removing 'crafting' recipes with output: 'com.blamejared.crafttweaker.api.item.MCItemStack@176daa6e'
[00:00:01.802][INFO]: Removing 'crafting' recipes with output: 'com.blamejared.crafttweaker.api.item.MCItemStack@17b4ee76'
[00:00:01.803][INFO]: Removing 'crafting' recipes with output: 'com.blamejared.crafttweaker.api.item.MCItemStack@7e8d4f9e'
[00:00:01.804][INFO]: Removing 'crafting' recipes with output: 'com.blamejared.crafttweaker.api.item.MCItemStack@176b8db4'
[00:00:01.805][INFO]: Removing 'crafting' recipes with output: 'com.blamejared.crafttweaker.api.item.MCItemStack@9a5783f7'
[00:00:01.805][INFO]: Removing 'crafting' recipes with output: 'com.blamejared.crafttweaker.api.item.MCItemStack@7eda9af9'
[00:00:01.806][INFO]: Removing 'crafting' recipes with output: 'com.blamejared.crafttweaker.api.item.MCItemStack@9296e2cd'
[00:00:01.807][INFO]: Removing 'crafting' recipes with output: 'com.blamejared.crafttweaker.api.item.MCItemStack@a790fce3'
[00:00:01.808][INFO]: Removing 'crafting' recipes with output: 'com.blamejared.crafttweaker.api.item.MCItemStack@46f638bb'
[00:00:01.808][INFO]: Removing 'crafting' recipes with output: 'com.blamejared.crafttweaker.api.item.MCItemStack@956e8732'
[00:00:01.809][INFO]: Removing 'crafting' recipes with output: 'com.blamejared.crafttweaker.api.item.MCItemStack@8517a2e9'
[00:00:01.810][INFO]: Removing 'crafting' recipes with output: 'com.blamejared.crafttweaker.api.item.MCItemStack@42f35a9f'
[00:00:01.811][INFO]: Removing 'crafting' recipes with output: 'com.blamejared.crafttweaker.api.item.MCItemStack@a43ead35'
[00:00:01.812][INFO]: Removing 'crafting' recipes with output: 'com.blamejared.crafttweaker.api.item.MCItemStack@9f8283cd'
[00:00:01.812][INFO]: Removing 'crafting' recipes with output: 'com.blamejared.crafttweaker.api.item.MCItemStack@e74c0a2'
[00:00:01.813][INFO]: Removing 'crafting' recipes with output: 'com.blamejared.crafttweaker.api.item.MCItemStack@fa05c221'
[00:00:01.814][INFO]: Removing 'crafting' recipes with output: 'com.blamejared.crafttweaker.api.item.MCItemStack@b8bbde9b'
[00:00:01.815][INFO]: Removing 'crafting' recipes with output: 'com.blamejared.crafttweaker.api.item.MCItemStack@7d8f620a'
[00:00:01.816][INFO]: Removing 'crafting' recipes with output: 'com.blamejared.crafttweaker.api.item.MCItemStack@3f3fc64e'
[00:00:01.816][INFO]: Removing 'crafting' recipes with output: 'com.blamejared.crafttweaker.api.item.MCItemStack@4aae9ea4'
[00:00:01.817][INFO]: Removing 'crafting' recipes with output: 'com.blamejared.crafttweaker.api.item.MCItemStack@88ecca6a'
[00:00:01.818][INFO]: Removing 'crafting' recipes with output: 'com.blamejared.crafttweaker.api.item.MCItemStack@beb5c907'
[00:00:01.819][INFO]: Removing 'smithing' recipes with output: 'com.blamejared.crafttweaker.api.item.MCItemStack@34be3a5a'
[00:00:01.819][INFO]: Removing 'crafting' recipes with output: 'com.blamejared.crafttweaker.api.item.MCItemStack@e18e9398'
[00:00:01.820][INFO]: Removing 'crafting' recipes with output: 'com.blamejared.crafttweaker.api.item.MCItemStack@5134044f'
[00:00:01.821][INFO]: Removing 'crafting' recipes with output: 'com.blamejared.crafttweaker.api.item.MCItemStack@c4758222'
[00:00:01.822][INFO]: Removing 'crafting' recipes with output: 'com.blamejared.crafttweaker.api.item.MCItemStack@a7225efa'
[00:00:01.822][INFO]: Removing 'crafting' recipes with output: 'com.blamejared.crafttweaker.api.item.MCItemStack@2dd87797'
[00:00:01.823][INFO]: Removing 'crafting' recipes with output: 'com.blamejared.crafttweaker.api.item.MCItemStack@cecdf663'
[00:00:01.824][INFO]: Removing 'crafting' recipes with output: 'com.blamejared.crafttweaker.api.item.MCItemStack@a04a5bab'
[00:00:01.825][INFO]: Removing 'crafting' recipes with output: 'com.blamejared.crafttweaker.api.item.MCItemStack@3b9bc550'
[00:00:01.826][INFO]: Removing 'crafting' recipes with output: 'com.blamejared.crafttweaker.api.item.MCItemStack@1b99c920'
[00:00:01.826][INFO]: Removing 'crafting' recipes with output: 'com.blamejared.crafttweaker.api.item.MCItemStack@606e7261'
[00:00:01.827][INFO]: Removing 'crafting' recipes with output: 'com.blamejared.crafttweaker.api.item.MCItemStack@2871c274'
[00:00:01.828][INFO]: Removing 'crafting' recipes with output: 'com.blamejared.crafttweaker.api.item.MCItemStack@485c3647'
[00:00:01.829][INFO]: Removing 'crafting' recipes with output: 'com.blamejared.crafttweaker.api.item.MCItemStack@97e1b060'
[00:00:01.829][INFO]: Removing 'crafting' recipes with output: 'com.blamejared.crafttweaker.api.item.MCItemStack@58ae417a'
[00:00:01.830][INFO]: Removing 'crafting' recipes with output: 'com.blamejared.crafttweaker.api.item.MCItemStack@58ad5286'
[00:00:01.831][INFO]: Removing 'crafting' recipes with output: 'com.blamejared.crafttweaker.api.item.MCItemStack@c69dd2a1'
[00:00:01.832][INFO]: Removing 'crafting' recipes with output: 'com.blamejared.crafttweaker.api.item.MCItemStack@5d535f67'
[00:00:01.833][INFO]: Removing 'crafting' recipes with output: 'com.blamejared.crafttweaker.api.item.MCItemStack@fc0792b3'
[00:00:01.833][INFO]: Removing 'crafting' recipes with output: 'com.blamejared.crafttweaker.api.item.MCItemStack@c8270b98'
[00:00:01.834][INFO]: Removing 'crafting' recipes with output: 'com.blamejared.crafttweaker.api.item.MCItemStack@1d04b07a'
[00:00:01.835][INFO]: Removing 'crafting' recipes with output: 'com.blamejared.crafttweaker.api.item.MCItemStack@709db146'
[00:00:01.836][INFO]: Removing 'crafting' recipes with output: 'com.blamejared.crafttweaker.api.item.MCItemStack@2330ad34'
[00:00:01.837][INFO]: Removing 'crafting' recipes with output: 'com.blamejared.crafttweaker.api.item.MCItemStack@620ce99f'
[00:00:01.837][INFO]: Removing 'crafting' recipes with output: 'com.blamejared.crafttweaker.api.item.MCItemStack@54ec633'
[00:00:01.838][INFO]: Removing 'crafting' recipes with output: 'com.blamejared.crafttweaker.api.item.MCItemStack@d160ab08'
[00:00:01.839][INFO]: Removing 'crafting' recipes with output: 'com.blamejared.crafttweaker.api.item.MCItemStack@ce9122fd'
[00:00:01.840][INFO]: Removing 'crafting' recipes with output: 'com.blamejared.crafttweaker.api.item.MCItemStack@d0f9d4ef'
[00:00:01.841][INFO]: Removing 'crafting' recipes with output: 'com.blamejared.crafttweaker.api.item.MCItemStack@705f6e2'
[00:00:01.842][INFO]: Removing 'crafting' recipes with output: 'com.blamejared.crafttweaker.api.item.MCItemStack@24107df8'
[00:00:01.842][INFO]: Removing 'crafting' recipes with output: 'com.blamejared.crafttweaker.api.item.MCItemStack@758c4fc2'
[00:00:01.843][INFO]: Removing 'crafting' recipes with output: 'com.blamejared.crafttweaker.api.item.MCItemStack@23b4b425'
[00:00:01.844][INFO]: Removing 'crafting' recipes with output: 'com.blamejared.crafttweaker.api.item.MCItemStack@fa1d1481'
[00:00:01.845][INFO]: Removing 'crafting' recipes with output: 'com.blamejared.crafttweaker.api.item.MCItemStack@7bb474c4'
[00:00:01.846][INFO]: Removing 'crafting' recipes with output: 'com.blamejared.crafttweaker.api.item.MCItemStack@1bc2783c'
[00:00:01.846][INFO]: Removing 'crafting' recipes with output: 'com.blamejared.crafttweaker.api.item.MCItemStack@dd46f2fa'
[00:00:01.847][INFO]: Removing 'crafting' recipes with output: 'com.blamejared.crafttweaker.api.item.MCItemStack@c4a04402'
[00:00:01.848][INFO]: Removing 'crafting' recipes with output: 'com.blamejared.crafttweaker.api.item.MCItemStack@a578d844'
[00:00:01.849][INFO]: Removing 'crafting' recipes with output: 'com.blamejared.crafttweaker.api.item.MCItemStack@a0addd96'
[00:00:01.850][INFO]: Removing 'crafting' recipes with output: 'com.blamejared.crafttweaker.api.item.MCItemStack@6bee7c52'
[00:00:01.850][INFO]: Removing 'crafting' recipes with output: 'com.blamejared.crafttweaker.api.item.MCItemStack@c0b6f903'
[00:00:01.851][INFO]: Removing 'crafting' recipes with output: 'com.blamejared.crafttweaker.api.item.MCItemStack@28336e80'
[00:00:01.852][INFO]: Removing 'crafting' recipes with output: 'com.blamejared.crafttweaker.api.item.MCItemStack@1642eb8e'
[00:00:01.853][INFO]: Removing 'crafting' recipes with output: 'com.blamejared.crafttweaker.api.item.MCItemStack@f15bb1f9'
[00:00:01.854][INFO]: Removing 'crafting' recipes with output: 'com.blamejared.crafttweaker.api.item.MCItemStack@c5264bd1'
[00:00:01.854][INFO]: Removing 'crafting' recipes with output: 'com.blamejared.crafttweaker.api.item.MCItemStack@22cc4a81'
[00:00:01.855][INFO]: Removing 'crafting' recipes with output: 'com.blamejared.crafttweaker.api.item.MCItemStack@7a52cc4f'
[00:00:01.856][INFO]: Removing 'crafting' recipes with output: 'com.blamejared.crafttweaker.api.item.MCItemStack@bfd45039'
[00:00:01.857][INFO]: Removing 'crafting' recipes with output: 'com.blamejared.crafttweaker.api.item.MCItemStack@6b519503'
[00:00:01.857][INFO]: Removing 'crafting' recipes with output: 'com.blamejared.crafttweaker.api.item.MCItemStack@46b6a8f4'
[00:00:01.858][INFO]: Removing 'crafting' recipes with output: 'com.blamejared.crafttweaker.api.item.MCItemStack@c81bdd00'
[00:00:01.859][INFO]: Removing 'crafting' recipes with output: 'com.blamejared.crafttweaker.api.item.MCItemStack@da93e35'
[00:00:01.860][INFO]: Removing 'crafting' recipes with output: 'com.blamejared.crafttweaker.api.item.MCItemStack@6e26130b'
[00:00:01.861][INFO]: Removing 'crafting' recipes with output: 'com.blamejared.crafttweaker.api.item.MCItemStack@1af1ca80'
[00:00:01.861][INFO]: Removing 'crafting' recipes with output: 'com.blamejared.crafttweaker.api.item.MCItemStack@8889421c'
[00:00:01.862][INFO]: Removing 'crafting' recipes with output: 'com.blamejared.crafttweaker.api.item.MCItemStack@402e0340'
[00:00:01.863][INFO]: Removing 'crafting' recipes with output: 'com.blamejared.crafttweaker.api.item.MCItemStack@e51f1f28'
[00:00:01.864][INFO]: Removing 'crafting' recipes with output: 'com.blamejared.crafttweaker.api.item.MCItemStack@d69b5975'
[00:00:01.865][INFO]: Removing 'crafting' recipes with output: 'com.blamejared.crafttweaker.api.item.MCItemStack@b66ed7aa'
[00:00:01.865][INFO]: Removing 'crafting' recipes with output: 'com.blamejared.crafttweaker.api.item.MCItemStack@ec2127b1'
[00:00:01.866][INFO]: Removing 'crafting' recipes with output: 'com.blamejared.crafttweaker.api.item.MCItemStack@98c786d5'
[00:00:01.867][INFO]: Removing 'crafting' recipes with output: 'com.blamejared.crafttweaker.api.item.MCItemStack@9ab82e46'
[00:00:01.868][INFO]: Removing 'crafting' recipes with output: 'com.blamejared.crafttweaker.api.item.MCItemStack@6621970'
[00:00:01.869][INFO]: Removing 'crafting' recipes with output: 'com.blamejared.crafttweaker.api.item.MCItemStack@29bb5448'
[00:00:01.869][INFO]: Removing 'crafting' recipes with output: 'com.blamejared.crafttweaker.api.item.MCItemStack@f6a24119'
[00:00:01.870][INFO]: Removing 'crafting' recipes with output: 'com.blamejared.crafttweaker.api.item.MCItemStack@828b4e81'
[00:00:01.871][INFO]: Removing 'crafting' recipes with output: 'com.blamejared.crafttweaker.api.item.MCItemStack@29900251'
[00:00:01.872][INFO]: Removing 'crafting' recipes with output: 'com.blamejared.crafttweaker.api.item.MCItemStack@6c676b12'
[00:00:01.872][INFO]: Removing 'crafting' recipes with output: 'com.blamejared.crafttweaker.api.item.MCItemStack@56392dc'
[00:00:01.873][INFO]: Removing 'crafting' recipes with output: 'com.blamejared.crafttweaker.api.item.MCItemStack@3eb34aad'
[00:00:01.874][INFO]: Removing 'crafting' recipes with output: 'com.blamejared.crafttweaker.api.item.MCItemStack@d77dd380'
[00:00:01.875][INFO]: Removing 'crafting' recipes with output: 'com.blamejared.crafttweaker.api.item.MCItemStack@cf0e2d9b'
[00:00:01.876][INFO]: Removing 'crafting' recipes with output: 'com.blamejared.crafttweaker.api.item.MCItemStack@8bd89be3'
[00:00:01.876][INFO]: Removing 'crafting' recipes with output: 'com.blamejared.crafttweaker.api.item.MCItemStack@8ae9fb48'
[00:00:01.877][INFO]: Removing 'crafting' recipes with output: 'com.blamejared.crafttweaker.api.item.MCItemStack@be12653b'
[00:00:01.878][INFO]: Removing 'crafting' recipes with output: 'com.blamejared.crafttweaker.api.item.MCItemStack@cf1686da'
[00:00:01.879][INFO]: Removing 'crafting' recipes with output: 'com.blamejared.crafttweaker.api.item.MCItemStack@49e99ff8'
[00:00:01.880][INFO]: Removing 'crafting' recipes with output: 'com.blamejared.crafttweaker.api.item.MCItemStack@2fe6cfe0'
[00:00:01.880][INFO]: Removing 'crafting' recipes with output: 'com.blamejared.crafttweaker.api.item.MCItemStack@d491f1fc'
[00:00:01.881][INFO]: Removing 'crafting' recipes with output: 'com.blamejared.crafttweaker.api.item.MCItemStack@f33fd71'
[00:00:01.882][INFO]: Removing 'crafting' recipes with output: 'com.blamejared.crafttweaker.api.item.MCItemStack@8ef9822'
[00:00:01.883][INFO]: Removing 'crafting' recipes with output: 'com.blamejared.crafttweaker.api.item.MCItemStack@33721594'
[00:00:01.883][INFO]: Removing 'crafting' recipes with output: 'com.blamejared.crafttweaker.api.item.MCItemStack@6beffc82'
[00:00:01.884][INFO]: Removing 'crafting' recipes with output: 'com.blamejared.crafttweaker.api.item.MCItemStack@dde2fb98'
[00:00:01.885][INFO]: Removing 'crafting' recipes with output: 'com.blamejared.crafttweaker.api.item.MCItemStack@a3695011'
[00:00:01.886][INFO]: Removing 'crafting' recipes with output: 'com.blamejared.crafttweaker.api.item.MCItemStack@17d9342d'
[00:00:01.887][INFO]: Removing 'crafting' recipes with output: 'com.blamejared.crafttweaker.api.item.MCItemStack@9a2f3ef6'
[00:00:01.887][INFO]: Removing 'crafting' recipes with output: 'com.blamejared.crafttweaker.api.item.MCItemStack@7900e511'
[00:00:01.888][INFO]: Removing 'crafting' recipes with output: 'com.blamejared.crafttweaker.api.item.MCItemStack@c5833c6f'
[00:00:01.889][INFO]: Removing 'crafting' recipes with output: 'com.blamejared.crafttweaker.api.item.MCItemStack@6f15927c'
[00:00:01.890][INFO]: Removing 'crafting' recipes with output: 'com.blamejared.crafttweaker.api.item.MCItemStack@ceb1e935'
[00:00:01.891][INFO]: Removing 'crafting' recipes with output: 'com.blamejared.crafttweaker.api.item.MCItemStack@6ea7efc'
[00:00:01.891][INFO]: Removing 'crafting' recipes with output: 'com.blamejared.crafttweaker.api.item.MCItemStack@2557c5ed'
[00:00:01.892][INFO]: Removing 'crafting' recipes with output: 'com.blamejared.crafttweaker.api.item.MCItemStack@20ea65b4'
[00:00:01.893][INFO]: Removing 'crafting' recipes with output: 'com.blamejared.crafttweaker.api.item.MCItemStack@5a3dc858'
[00:00:01.894][INFO]: Removing 'crafting' recipes with output: 'com.blamejared.crafttweaker.api.item.MCItemStack@9562bf0a'
[00:00:01.894][INFO]: Removing 'crafting' recipes with output: 'com.blamejared.crafttweaker.api.item.MCItemStack@4c45bfb2'
[00:00:01.895][INFO]: Removing 'crafting' recipes with output: 'com.blamejared.crafttweaker.api.item.MCItemStack@8b04ef34'
[00:00:01.896][INFO]: Removing 'crafting' recipes with output: 'com.blamejared.crafttweaker.api.item.MCItemStack@95817239'
[00:00:01.897][INFO]: Removing 'crafting' recipes with output: 'com.blamejared.crafttweaker.api.item.MCItemStack@37a650c8'
[00:00:01.898][INFO]: Removing 'crafting' recipes with output: 'com.blamejared.crafttweaker.api.item.MCItemStack@22cf6447'
[00:00:01.899][INFO]: Removing 'crafting' recipes with output: 'com.blamejared.crafttweaker.api.item.MCItemStack@58414d4'
[00:00:01.899][INFO]: Removing 'crafting' recipes with output: 'com.blamejared.crafttweaker.api.item.MCItemStack@68e4c445'
[00:00:01.900][INFO]: Removing 'crafting' recipes with output: 'com.blamejared.crafttweaker.api.item.MCItemStack@1159c78b'
[00:00:01.901][INFO]: Removing 'crafting' recipes with output: 'com.blamejared.crafttweaker.api.item.MCItemStack@79e0cecb'
[00:00:01.902][INFO]: Removing 'crafting' recipes with output: 'com.blamejared.crafttweaker.api.item.MCItemStack@335769b5'
[00:00:01.902][INFO]: Removing 'crafting' recipes with output: 'com.blamejared.crafttweaker.api.item.MCItemStack@3b2ea3d0'
[00:00:01.903][INFO]: Removing 'crafting' recipes with output: 'com.blamejared.crafttweaker.api.item.MCItemStack@cc0361a2'
[00:00:01.904][INFO]: Removing 'crafting' recipes with output: 'com.blamejared.crafttweaker.api.item.MCItemStack@fa1f3125'
[00:00:01.905][INFO]: Removing 'crafting' recipes with output: 'com.blamejared.crafttweaker.api.item.MCItemStack@4458026a'
[00:00:01.906][INFO]: Removing 'crafting' recipes with output: 'com.blamejared.crafttweaker.api.item.MCItemStack@61286205'
[00:00:01.906][INFO]: Removing 'crafting' recipes with output: 'com.blamejared.crafttweaker.api.item.MCItemStack@ab11f2f5'
[00:00:01.907][INFO]: Removing 'crafting' recipes with output: 'com.blamejared.crafttweaker.api.item.MCItemStack@82ba05df'
[00:00:01.908][INFO]: Removing 'crafting' recipes with output: 'com.blamejared.crafttweaker.api.item.MCItemStack@881d50d1'
[00:00:01.909][INFO]: Removing 'crafting' recipes with output: 'com.blamejared.crafttweaker.api.item.MCItemStack@435ad1d5'
[00:00:01.909][INFO]: Removing 'crafting' recipes with output: 'com.blamejared.crafttweaker.api.item.MCItemStack@8c610ae4'
[00:00:01.910][INFO]: Removing 'crafting' recipes with output: 'com.blamejared.crafttweaker.api.item.MCItemStack@1962b305'
[00:00:01.911][INFO]: Removing 'crafting' recipes with output: 'com.blamejared.crafttweaker.api.item.MCItemStack@4692ac61'
[00:00:01.912][INFO]: Removing 'crafting' recipes with output: 'com.blamejared.crafttweaker.api.item.MCItemStack@bdfe5a53'
[00:00:01.913][INFO]: Removing 'crafting' recipes with output: 'com.blamejared.crafttweaker.api.item.MCItemStack@7eb8c02c'
[00:00:01.913][INFO]: Removing 'crafting' recipes with output: 'com.blamejared.crafttweaker.api.item.MCItemStack@42690e70'
[00:00:01.914][INFO]: Removing 'crafting' recipes with output: 'com.blamejared.crafttweaker.api.item.MCItemStack@1433f7b1'
[00:00:01.915][INFO]: Removing 'crafting' recipes with output: 'com.blamejared.crafttweaker.api.item.MCItemStack@912476c1'
[00:00:01.916][INFO]: Removing 'crafting' recipes with output: 'com.blamejared.crafttweaker.api.item.MCItemStack@951db87'
[00:00:01.917][INFO]: Removing 'crafting' recipes with output: 'com.blamejared.crafttweaker.api.item.MCItemStack@e6a498aa'
[00:00:01.917][INFO]: Removing 'crafting' recipes with output: 'com.blamejared.crafttweaker.api.item.MCItemStack@29b983bf'
[00:00:01.918][INFO]: Removing 'crafting' recipes with output: 'com.blamejared.crafttweaker.api.item.MCItemStack@4cc4bdf7'
[00:00:01.919][INFO]: Removing 'crafting' recipes with output: 'com.blamejared.crafttweaker.api.item.MCItemStack@643d014f'
[00:00:01.920][INFO]: Removing 'crafting' recipes with output: 'com.blamejared.crafttweaker.api.item.MCItemStack@1263855f'
[00:00:01.920][INFO]: Removing 'crafting' recipes with output: 'com.blamejared.crafttweaker.api.item.MCItemStack@abf1deae'
[00:00:01.921][INFO]: Removing 'crafting' recipes with output: 'com.blamejared.crafttweaker.api.item.MCItemStack@e83ab63b'
[00:00:01.922][INFO]: Removing 'crafting' recipes with output: 'com.blamejared.crafttweaker.api.item.MCItemStack@1157e03a'
[00:00:01.923][INFO]: Removing 'crafting' recipes with output: 'com.blamejared.crafttweaker.api.item.MCItemStack@abf1deae'
[00:00:01.924][INFO]: Removing 'crafting' recipes with output: 'com.blamejared.crafttweaker.api.item.MCItemStack@a67dbcae'
[00:00:01.924][INFO]: Removing 'crafting' recipes with output: 'com.blamejared.crafttweaker.api.item.MCItemStack@9ddcd0c3'
[00:00:01.925][INFO]: Removing 'crafting' recipes with output: 'com.blamejared.crafttweaker.api.item.MCItemStack@a52897fd'
[00:00:01.926][INFO]: Removing 'crafting' recipes with output: 'com.blamejared.crafttweaker.api.item.MCItemStack@eef7a172'
[00:00:01.927][INFO]: Removing 'crafting' recipes with output: 'com.blamejared.crafttweaker.api.item.MCItemStack@7f6e370c'
[00:00:01.927][INFO]: Removing 'crafting' recipes with output: 'com.blamejared.crafttweaker.api.item.MCItemStack@e7617771'
[00:00:01.928][INFO]: Removing 'crafting' recipes with output: 'com.blamejared.crafttweaker.api.item.MCItemStack@6c484225'
[00:00:01.929][INFO]: Removing 'crafting' recipes with output: 'com.blamejared.crafttweaker.api.item.MCItemStack@3a741095'
[00:00:01.930][INFO]: Removing 'crafting' recipes with output: 'com.blamejared.crafttweaker.api.item.MCItemStack@83db1b43'
[00:00:01.931][INFO]: Removing 'crafting' recipes with output: 'com.blamejared.crafttweaker.api.item.MCItemStack@60a2b745'
[00:00:01.931][INFO]: Removing 'crafting' recipes with output: 'com.blamejared.crafttweaker.api.item.MCItemStack@3b01c6eb'
[00:00:01.932][INFO]: Removing 'crafting' recipes with output: 'com.blamejared.crafttweaker.api.item.MCItemStack@cac3d0bd'
[00:00:01.933][INFO]: Removing 'crafting' recipes with output: 'com.blamejared.crafttweaker.api.item.MCItemStack@c5a6e732'
[00:00:01.934][INFO]: Removing 'crafting' recipes with output: 'com.blamejared.crafttweaker.api.item.MCItemStack@43645dd7'
[00:00:01.934][INFO]: Removing 'crafting' recipes with output: 'com.blamejared.crafttweaker.api.item.MCItemStack@971b0378'
[00:00:01.935][INFO]: Removing 'crafting' recipes with output: 'com.blamejared.crafttweaker.api.item.MCItemStack@99a693e5'
[00:00:01.936][INFO]: Removing 'crafting' recipes with output: 'com.blamejared.crafttweaker.api.item.MCItemStack@33a41afb'
[00:00:01.937][INFO]: Removing 'crafting' recipes with output: 'com.blamejared.crafttweaker.api.item.MCItemStack@ce3d7c77'
[00:00:01.937][INFO]: Removing 'crafting' recipes with output: 'com.blamejared.crafttweaker.api.item.MCItemStack@e100721c'
[00:00:01.938][INFO]: Removing 'crafting' recipes with output: 'com.blamejared.crafttweaker.api.item.MCItemStack@b2e7dc99'
[00:00:01.939][INFO]: Removing 'crafting' recipes with output: 'com.blamejared.crafttweaker.api.item.MCItemStack@83428837'
[00:00:01.940][INFO]: Removing 'crafting' recipes with output: 'com.blamejared.crafttweaker.api.item.MCItemStack@19ab1e53'
[00:00:01.941][INFO]: Removing 'crafting' recipes with output: 'com.blamejared.crafttweaker.api.item.MCItemStack@5278097'
[00:00:01.942][INFO]: Removing 'crafting' recipes with output: 'com.blamejared.crafttweaker.api.item.MCItemStack@92b41796'
[00:00:01.943][INFO]: Removing 'crafting' recipes with output: 'com.blamejared.crafttweaker.api.item.MCItemStack@296825b7'
[00:00:01.943][INFO]: Removing 'crafting' recipes with output: 'com.blamejared.crafttweaker.api.item.MCItemStack@c7b8864c'
[00:00:01.944][INFO]: Removing 'crafting' recipes with output: 'com.blamejared.crafttweaker.api.item.MCItemStack@68867dbe'
[00:00:01.945][INFO]: Removing 'crafting' recipes with output: 'com.blamejared.crafttweaker.api.item.MCItemStack@3b9cab54'
[00:00:01.946][INFO]: Removing 'crafting' recipes with output: 'com.blamejared.crafttweaker.api.item.MCItemStack@a39e8e5'
[00:00:01.946][INFO]: Removing 'crafting' recipes with output: 'com.blamejared.crafttweaker.api.item.MCItemStack@50198d89'
[00:00:01.947][INFO]: Removing 'crafting' recipes with output: 'com.blamejared.crafttweaker.api.item.MCItemStack@c6f581a8'
[00:00:01.948][INFO]: Removing 'crafting' recipes with output: 'com.blamejared.crafttweaker.api.item.MCItemStack@717d36cb'
[00:00:01.949][INFO]: Removing 'crafting' recipes with output: 'com.blamejared.crafttweaker.api.item.MCItemStack@2fb72a5'
[00:00:01.950][INFO]: Removing 'minecraft:crafting' recipe(s) with name(s): '[create:crafting/kinetics/attribute_filter]'
[00:00:01.950][INFO]: Removing 'smithing' recipes with output: 'com.blamejared.crafttweaker.api.item.MCItemStack@9b10215f'
[00:00:01.950][INFO]: Removing 'smithing' recipes with output: 'com.blamejared.crafttweaker.api.item.MCItemStack@8056e533'
[00:00:01.950][INFO]: Removing 'smithing' recipes with output: 'com.blamejared.crafttweaker.api.item.MCItemStack@5001ef5'
[00:00:01.950][INFO]: Removing 'create:crushing' recipe(s) with name(s): '[create:crushing/veridium_recycling]'
[00:00:01.950][INFO]: Removing 'create:crushing' recipe(s) with name(s): '[create:crushing/veridium]'
[00:00:01.950][INFO]: Removing 'create:crushing' recipe(s) with name(s): '[create:crushing/crimsite_recycling]'
[00:00:01.950][INFO]: Removing 'create:crushing' recipe(s) with name(s): '[create:crushing/crimsite]'
[00:00:01.950][INFO]: Removing 'create:crushing' recipe(s) with name(s): '[create:crushing/ochrum_recycling]'
[00:00:01.950][INFO]: Removing 'create:crushing' recipe(s) with name(s): '[create:crushing/ochrum]'
[00:00:01.950][INFO]: Removing 'create:crushing' recipe(s) with name(s): '[create:crushing/asurine_recycling]'
[00:00:01.950][INFO]: Removing 'create:crushing' recipe(s) with name(s): '[create:crushing/asurine]'
[00:00:01.950][INFO]: Removing 'create:mechanical_crafting' recipes with output: 'com.blamejared.crafttweaker.api.item.MCItemStack@54efeb86'
[00:00:01.950][INFO]: Removing 'create:mechanical_crafting' recipes with output: 'com.blamejared.crafttweaker.api.item.MCItemStack@abf1deae'
[00:00:01.950][INFO]: Removing 'create:mixing' recipes with output: 'com.blamejared.crafttweaker.api.item.MCItemStack@1157e03a'
[00:00:01.951][INFO]: Removing 'create:deploying' recipes with output: 'com.blamejared.crafttweaker.api.item.MCItemStack@9ddcd0c3'
[00:00:01.951][INFO]: Removing 'create:deploying' recipes with output: 'com.blamejared.crafttweaker.api.item.MCItemStack@a52897fd'
[00:00:01.951][INFO]: Removing 'create:cutting' recipes with output: 'com.blamejared.crafttweaker.api.item.MCItemStack@eef7a172'
[00:00:01.951][INFO]: Removing 'create:item_application' recipes with output: 'com.blamejared.crafttweaker.api.item.MCItemStack@69caa68d'
[00:00:01.951][INFO]: Removing 'create:item_application' recipes with output: 'com.blamejared.crafttweaker.api.item.MCItemStack@f381db7a'
[00:00:01.951][INFO]: Removing 'create:item_application' recipes with output: 'com.blamejared.crafttweaker.api.item.MCItemStack@a353af16'
[00:00:01.951][INFO]: Removing 'create:sequenced_assembly' recipes with output: 'com.blamejared.crafttweaker.api.item.MCItemStack@b657d962'
[00:00:01.951][INFO]: Removing 'create:mechanical_crafting' recipes with output: 'com.blamejared.crafttweaker.api.item.MCItemStack@d1895cd6'
[00:00:01.951][INFO]: Removing 'create:mechanical_crafting' recipes with output: 'com.blamejared.crafttweaker.api.item.MCItemStack@fcf608cd'
[00:00:01.951][INFO]: Removing 'create:mechanical_crafting' recipes with output: 'com.blamejared.crafttweaker.api.item.MCItemStack@ade9bca7'
[00:00:01.951][INFO]: Removing 'create:sequenced_assembly' recipes with output: 'com.blamejared.crafttweaker.api.item.MCItemStack@537b071c'
[00:00:01.951][INFO]: Removing 'create:sequenced_assembly' recipes with output: 'com.blamejared.crafttweaker.api.item.MCItemStack@58c01138'
[00:00:01.951][INFO]: Removing 'create:sequenced_assembly' recipes with output: 'com.blamejared.crafttweaker.api.item.MCItemStack@7516b30e'
[00:00:01.951][INFO]: Removing 'create:sequenced_assembly' recipes with output: 'com.blamejared.crafttweaker.api.item.MCItemStack@37a81f87'
[00:00:01.951][INFO]: Removing 'create:sequenced_assembly' recipes with output: 'com.blamejared.crafttweaker.api.item.MCItemStack@15edba2'
[00:00:01.951][INFO]: Removing 'create:sequenced_assembly' recipes with output: 'com.blamejared.crafttweaker.api.item.MCItemStack@e3d30785'
[00:00:01.952][INFO]: Removing 'create:sequenced_assembly' recipes with output: 'com.blamejared.crafttweaker.api.item.MCItemStack@bc4ec81c'
[00:00:01.952][INFO]: Removing 'create:sequenced_assembly' recipes with output: 'com.blamejared.crafttweaker.api.item.MCItemStack@5303ab95'
[00:00:01.952][INFO]: Removing 'create:sequenced_assembly' recipes with output: 'com.blamejared.crafttweaker.api.item.MCItemStack@439a98ba'
[00:00:01.952][INFO]: Removing 'create:sequenced_assembly' recipes with output: 'com.blamejared.crafttweaker.api.item.MCItemStack@8d2ba7bd'
[00:00:01.952][INFO]: Removing 'create:sequenced_assembly' recipes with output: 'com.blamejared.crafttweaker.api.item.MCItemStack@e09f9efe'
[00:00:01.952][INFO]: Removing 'create:sequenced_assembly' recipes with output: 'com.blamejared.crafttweaker.api.item.MCItemStack@63537251'
[00:00:01.952][INFO]: Removing 'create:sequenced_assembly' recipes with output: 'com.blamejared.crafttweaker.api.item.MCItemStack@e0ee4e83'
[00:00:01.952][INFO]: Removing 'crafting' recipes with output: 'com.blamejared.crafttweaker.api.item.MCItemStack@2e317471'
[00:00:01.953][INFO]: Removing 'crafting' recipes with output: 'com.blamejared.crafttweaker.api.item.MCItemStack@a5d6546b'
[00:00:01.953][INFO]: Removing 'crafting' recipes with output: 'com.blamejared.crafttweaker.api.item.MCItemStack@bb774d89'
[00:00:01.954][INFO]: Removing 'crafting' recipes with output: 'com.blamejared.crafttweaker.api.item.MCItemStack@e520ab4c'
[00:00:01.955][INFO]: Removing 'crafting' recipes with output: 'com.blamejared.crafttweaker.api.item.MCItemStack@86bf4788'
[00:00:01.956][INFO]: Removing 'crafting' recipes with output: 'com.blamejared.crafttweaker.api.item.MCItemStack@474f5827'
[00:00:01.957][INFO]: Removing 'crafting' recipes with output: 'com.blamejared.crafttweaker.api.item.MCItemStack@7caaa6cb'
[00:00:01.957][INFO]: Removing 'crafting' recipes with output: 'com.blamejared.crafttweaker.api.item.MCItemStack@11fcddd9'
[00:00:01.958][INFO]: Removing 'crafting' recipes with output: 'com.blamejared.crafttweaker.api.item.MCItemStack@be45b8f7'
[00:00:01.959][INFO]: Removing 'crafting' recipes with output: 'com.blamejared.crafttweaker.api.item.MCItemStack@b69f1014'
[00:00:01.960][INFO]: Removing 'crafting' recipes with output: 'com.blamejared.crafttweaker.api.item.MCItemStack@5d94fe56'
[00:00:01.961][INFO]: Removing 'crafting' recipes with output: 'com.blamejared.crafttweaker.api.item.MCItemStack@d865b5cd'
[00:00:01.961][INFO]: Removing 'crafting' recipes with output: 'com.blamejared.crafttweaker.api.item.MCItemStack@7f6ea6a6'
[00:00:01.962][INFO]: Removing 'crafting' recipes with output: 'com.blamejared.crafttweaker.api.item.MCItemStack@1bb57335'
[00:00:01.963][INFO]: Removing 'crafting' recipes with output: 'com.blamejared.crafttweaker.api.item.MCItemStack@f94ed899'
[00:00:01.964][INFO]: Removing 'crafting' recipes with output: 'com.blamejared.crafttweaker.api.item.MCItemStack@58510df3'
[00:00:01.965][INFO]: Removing 'crafting' recipes with output: 'com.blamejared.crafttweaker.api.item.MCItemStack@ea45bfb5'
[00:00:01.965][INFO]: Removing 'crafting' recipes with output: 'com.blamejared.crafttweaker.api.item.MCItemStack@da2a7f6f'
[00:00:01.966][INFO]: Removing 'crafting' recipes with output: 'com.blamejared.crafttweaker.api.item.MCItemStack@8b657b5c'
[00:00:01.967][INFO]: Removing 'crafting' recipes with output: 'com.blamejared.crafttweaker.api.item.MCItemStack@49e98a33'
[00:00:01.968][INFO]: Removing 'crafting' recipes with output: 'com.blamejared.crafttweaker.api.item.MCItemStack@253e3fed'
[00:00:01.969][INFO]: Removing 'crafting' recipes with output: 'com.blamejared.crafttweaker.api.item.MCItemStack@c12f269c'
[00:00:01.969][INFO]: Removing 'crafting' recipes with output: 'com.blamejared.crafttweaker.api.item.MCItemStack@b61f7f08'
[00:00:01.970][INFO]: Removing 'crafting' recipes with output: 'com.blamejared.crafttweaker.api.item.MCItemStack@dcc9ebc'
[00:00:01.971][INFO]: Removing 'crafting' recipes with output: 'com.blamejared.crafttweaker.api.item.MCItemStack@952e0de1'
[00:00:01.972][INFO]: Removing 'crafting' recipes with output: 'com.blamejared.crafttweaker.api.item.MCItemStack@1e45c0d1'
[00:00:01.973][INFO]: Removing 'crafting' recipes with output: 'com.blamejared.crafttweaker.api.item.MCItemStack@6bf8ba77'
[00:00:01.973][INFO]: Removing 'crafting' recipes with output: 'com.blamejared.crafttweaker.api.item.MCItemStack@4be01040'
[00:00:01.974][INFO]: Removing 'crafting' recipes with output: 'com.blamejared.crafttweaker.api.item.MCItemStack@459d6d70'
[00:00:01.975][INFO]: Removing 'smithing' recipes with output: 'com.blamejared.crafttweaker.api.item.MCItemStack@459d6d70'
[00:00:01.975][INFO]: Removing 'crafting' recipes with output: 'com.blamejared.crafttweaker.api.item.MCItemStack@69de482e'
[00:00:01.976][INFO]: Removing 'crafting' recipes with output: 'com.blamejared.crafttweaker.api.item.MCItemStack@f86f65ff'
[00:00:01.977][INFO]: Removing 'crafting' recipes with output: 'com.blamejared.crafttweaker.api.item.MCItemStack@bd82f585'
[00:00:01.977][INFO]: Removing 'crafting' recipes with output: 'com.blamejared.crafttweaker.api.item.MCItemStack@e63a86fa'
[00:00:01.978][INFO]: Removing 'crafting' recipes with output: 'com.blamejared.crafttweaker.api.item.MCItemStack@7c1d561d'
[00:00:01.979][INFO]: Removing 'crafting' recipes with output: 'com.blamejared.crafttweaker.api.item.MCItemStack@1c017af'
[00:00:01.980][INFO]: Removing 'crafting' recipes with output: 'com.blamejared.crafttweaker.api.item.MCItemStack@3d8ead16'
[00:00:01.981][INFO]: Removing 'crafting' recipes with output: 'com.blamejared.crafttweaker.api.item.MCItemStack@3cde2195'
[00:00:01.982][INFO]: Removing 'crafting' recipes with output: 'com.blamejared.crafttweaker.api.item.MCItemStack@bf91cabb'
[00:00:01.982][INFO]: Removing 'crafting' recipes with output: 'com.blamejared.crafttweaker.api.item.MCItemStack@79ba7d8b'
[00:00:01.983][INFO]: Removing 'crafting' recipes with output: 'com.blamejared.crafttweaker.api.item.MCItemStack@121f90d5'
[00:00:01.984][INFO]: Removing 'crafting' recipes with output: 'com.blamejared.crafttweaker.api.item.MCItemStack@47604a80'
[00:00:01.985][INFO]: Removing 'crafting' recipes with output: 'com.blamejared.crafttweaker.api.item.MCItemStack@35aa86d0'
[00:00:01.986][INFO]: Removing 'crafting' recipes with output: 'com.blamejared.crafttweaker.api.item.MCItemStack@950b7870'
[00:00:01.987][INFO]: Removing 'crafting' recipes with output: 'com.blamejared.crafttweaker.api.item.MCItemStack@34c570d6'
[00:00:01.987][INFO]: Removing 'crafting' recipes with output: 'com.blamejared.crafttweaker.api.item.MCItemStack@6f2af9d1'
[00:00:01.988][INFO]: Removing 'crafting' recipes with output: 'com.blamejared.crafttweaker.api.item.MCItemStack@d9a60b8'
[00:00:01.989][INFO]: Removing 'crafting' recipes with output: 'com.blamejared.crafttweaker.api.item.MCItemStack@864feb5'
[00:00:01.990][INFO]: Removing 'crafting' recipes with output: 'com.blamejared.crafttweaker.api.item.MCItemStack@acbbcdec'
[00:00:01.991][INFO]: Removing 'crafting' recipes with output: 'com.blamejared.crafttweaker.api.item.MCItemStack@369808ec'
[00:00:01.992][INFO]: Removing 'crafting' recipes with output: 'com.blamejared.crafttweaker.api.item.MCItemStack@a5d75347'
[00:00:01.993][INFO]: Removing 'crafting' recipes with output: 'com.blamejared.crafttweaker.api.item.MCItemStack@43727555'
[00:00:01.993][INFO]: Removing 'crafting' recipes with output: 'com.blamejared.crafttweaker.api.item.MCItemStack@53285b2c'
[00:00:01.994][INFO]: Removing 'crafting' recipes with output: 'com.blamejared.crafttweaker.api.ingredient.type.TagIngredient@7815904f'
[00:00:02.012][INFO]: Removing 'crafting' recipes with output: 'com.blamejared.crafttweaker.api.item.MCItemStack@be6e7f34'
[00:00:02.013][INFO]: Removing 'crafting' recipes with output: 'com.blamejared.crafttweaker.api.item.MCItemStack@b9ed76b6'
[00:00:02.014][INFO]: Removing 'crafting' recipes with output: 'com.blamejared.crafttweaker.api.item.MCItemStack@521987c0'
[00:00:02.015][INFO]: Removing 'crafting' recipes with output: 'com.blamejared.crafttweaker.api.item.MCItemStack@abd2aaa0'
[00:00:02.015][INFO]: Removing 'crafting' recipes with output: 'com.blamejared.crafttweaker.api.item.MCItemStack@479a1004'
[00:00:02.016][INFO]: Removing 'crafting' recipes with output: 'com.blamejared.crafttweaker.api.item.MCItemStack@8ced648b'
[00:00:02.017][INFO]: Removing 'crafting' recipes with output: 'com.blamejared.crafttweaker.api.item.MCItemStack@d18f23f0'
[00:00:02.018][INFO]: Removing 'crafting' recipes with output: 'com.blamejared.crafttweaker.api.item.MCItemStack@1c800de9'
[00:00:02.019][INFO]: Removing 'crafting' recipes with output: 'com.blamejared.crafttweaker.api.item.MCItemStack@416d1a1d'
[00:00:02.019][INFO]: Removing 'crafting' recipes with output: 'com.blamejared.crafttweaker.api.item.MCItemStack@8a85a5c4'
[00:00:02.020][INFO]: Removing 'crafting' recipes with output: 'com.blamejared.crafttweaker.api.item.MCItemStack@663adc38'
[00:00:02.021][INFO]: Removing 'crafting' recipes with output: 'com.blamejared.crafttweaker.api.item.MCItemStack@332c05a0'
[00:00:02.022][INFO]: Removing 'crafting' recipes with output: 'com.blamejared.crafttweaker.api.item.MCItemStack@dd42a1be'
[00:00:02.023][INFO]: Removing 'crafting' recipes with output: 'com.blamejared.crafttweaker.api.item.MCItemStack@fc8513c8'
[00:00:02.023][INFO]: Removing 'crafting' recipes with output: 'com.blamejared.crafttweaker.api.item.MCItemStack@7323eb5c'
[00:00:02.024][INFO]: Removing 'crafting' recipes with output: 'com.blamejared.crafttweaker.api.item.MCItemStack@13692f55'
[00:00:02.025][INFO]: Removing 'crafting' recipes with output: 'com.blamejared.crafttweaker.api.item.MCItemStack@55b40448'
[00:00:02.026][INFO]: Removing 'crafting' recipes with output: 'com.blamejared.crafttweaker.api.item.MCItemStack@f7443ed4'
[00:00:02.027][INFO]: Removing 'crafting' recipes with output: 'com.blamejared.crafttweaker.api.item.MCItemStack@611e363f'
[00:00:02.027][INFO]: Removing 'crafting' recipes with output: 'com.blamejared.crafttweaker.api.item.MCItemStack@b518af29'
[00:00:02.028][INFO]: Removing 'crafting' recipes with output: 'com.blamejared.crafttweaker.api.item.MCItemStack@d50fb31c'
[00:00:02.029][INFO]: Removing 'crafting' recipes with output: 'com.blamejared.crafttweaker.api.item.MCItemStack@6684074d'
[00:00:02.030][INFO]: Removing 'crafting' recipes with output: 'com.blamejared.crafttweaker.api.item.MCItemStack@69999d3a'
[00:00:02.030][INFO]: Removing 'crafting' recipes with output: 'com.blamejared.crafttweaker.api.item.MCItemStack@3aee100'
[00:00:02.031][INFO]: Removing 'crafting' recipes with output: 'com.blamejared.crafttweaker.api.item.MCItemStack@cceb6349'
[00:00:02.032][INFO]: Removing 'crafting' recipes with output: 'com.blamejared.crafttweaker.api.item.MCItemStack@fdaa6a03'
[00:00:02.033][INFO]: Removing 'crafting' recipes with output: 'com.blamejared.crafttweaker.api.item.MCItemStack@98168d39'
[00:00:02.034][INFO]: Removing 'crafting' recipes with output: 'com.blamejared.crafttweaker.api.item.MCItemStack@35298504'
[00:00:02.034][INFO]: Removing 'crafting' recipes with output: 'com.blamejared.crafttweaker.api.item.MCItemStack@c0539e1f'
[00:00:02.035][INFO]: Removing 'crafting' recipes with output: 'com.blamejared.crafttweaker.api.item.MCItemStack@a311088a'
[00:00:02.036][INFO]: Removing 'crafting' recipes with output: 'com.blamejared.crafttweaker.api.item.MCItemStack@53df0d2e'
[00:00:02.037][INFO]: Removing 'crafting' recipes with output: 'com.blamejared.crafttweaker.api.item.MCItemStack@6795b992'
[00:00:02.038][INFO]: Removing 'crafting' recipes with output: 'com.blamejared.crafttweaker.api.item.MCItemStack@e985a64'
[00:00:02.038][INFO]: Removing 'crafting' recipes with output: 'com.blamejared.crafttweaker.api.item.MCItemStack@6b27b0de'
[00:00:02.039][INFO]: Removing 'crafting' recipes with output: 'com.blamejared.crafttweaker.api.item.MCItemStack@76fb6cfb'
[00:00:02.040][INFO]: Removing 'crafting' recipes with output: 'com.blamejared.crafttweaker.api.item.MCItemStack@b907c0c'
[00:00:02.041][INFO]: Removing 'crafting' recipes with output: 'com.blamejared.crafttweaker.api.item.MCItemStack@c18dbfd9'
[00:00:02.042][INFO]: Removing 'crafting' recipes with output: 'com.blamejared.crafttweaker.api.item.MCItemStack@cf8da61a'
[00:00:02.042][INFO]: Removing 'crafting' recipes with output: 'com.blamejared.crafttweaker.api.item.MCItemStack@8e42cd24'
[00:00:02.043][INFO]: Removing 'crafting' recipes with output: 'com.blamejared.crafttweaker.api.item.MCItemStack@59a45cf6'
[00:00:02.044][INFO]: Removing 'crafting' recipes with output: 'com.blamejared.crafttweaker.api.item.MCItemStack@8cc41dec'
[00:00:02.045][INFO]: Removing 'crafting' recipes with output: 'com.blamejared.crafttweaker.api.item.MCItemStack@2b3fca35'
[00:00:02.045][INFO]: Removing 'crafting' recipes with output: 'com.blamejared.crafttweaker.api.item.MCItemStack@b1ebb29f'
[00:00:02.046][INFO]: Removing 'crafting' recipes with output: 'com.blamejared.crafttweaker.api.item.MCItemStack@e7141415'
[00:00:02.047][INFO]: Removing 'crafting' recipes with output: 'com.blamejared.crafttweaker.api.item.MCItemStack@924d8b89'
[00:00:02.048][INFO]: Removing 'crafting' recipes with output: 'com.blamejared.crafttweaker.api.item.MCItemStack@4585ad6c'
[00:00:02.049][INFO]: Removing 'crafting' recipes with output: 'com.blamejared.crafttweaker.api.item.MCItemStack@cb11643c'
[00:00:02.049][INFO]: Removing 'crafting' recipes with output: 'com.blamejared.crafttweaker.api.item.MCItemStack@3ffd722d'
[00:00:02.050][INFO]: Removing 'crafting' recipes with output: 'com.blamejared.crafttweaker.api.item.MCItemStack@b9c8a7d8'
[00:00:02.051][INFO]: Removing 'crafting' recipes with output: 'com.blamejared.crafttweaker.api.item.MCItemStack@be729b8a'
[00:00:02.052][INFO]: Removing 'crafting' recipes with output: 'com.blamejared.crafttweaker.api.item.MCItemStack@3cccee86'
[00:00:02.053][INFO]: Removing 'crafting' recipes with output: 'com.blamejared.crafttweaker.api.item.MCItemStack@fc66a673'
[00:00:02.053][INFO]: Removing 'crafting' recipes with output: 'com.blamejared.crafttweaker.api.item.MCItemStack@16ad8006'
[00:00:02.054][INFO]: Removing 'crafting' recipes with output: 'com.blamejared.crafttweaker.api.item.MCItemStack@41d29e8f'
[00:00:02.055][INFO]: Removing 'crafting' recipes with output: 'com.blamejared.crafttweaker.api.item.MCItemStack@2bd61737'
[00:00:02.056][INFO]: Removing 'crafting' recipes with output: 'com.blamejared.crafttweaker.api.item.MCItemStack@9e0a239e'
[00:00:02.056][INFO]: Removing 'crafting' recipes with output: 'com.blamejared.crafttweaker.api.item.MCItemStack@1b2db9da'
[00:00:02.057][INFO]: Removing 'crafting' recipes with output: 'com.blamejared.crafttweaker.api.item.MCItemStack@62f25d10'
[00:00:02.058][INFO]: Removing 'crafting' recipes with output: 'com.blamejared.crafttweaker.api.item.MCItemStack@ee9182a3'
[00:00:02.059][INFO]: Removing 'crafting' recipes with output: 'com.blamejared.crafttweaker.api.item.MCItemStack@e7141415'
[00:00:02.060][INFO]: Removing 'powah:energizing' recipes with output: 'com.blamejared.crafttweaker.api.item.MCItemStack@c76c3018'
[00:00:02.060][INFO]: Removing 'powah:energizing' recipes with output: 'com.blamejared.crafttweaker.api.item.MCItemStack@13742903'
[00:00:02.060][INFO]: Removing 'powah:energizing' recipes with output: 'com.blamejared.crafttweaker.api.item.MCItemStack@94227e64'
[00:00:02.060][INFO]: Removing 'powah:energizing' recipes with output: 'com.blamejared.crafttweaker.api.item.MCItemStack@19fed981'
[00:00:02.060][INFO]: Removing 'powah:energizing' recipes with output: 'com.blamejared.crafttweaker.api.item.MCItemStack@59a45cf6'
[00:00:02.060][INFO]: Removing 'powah:energizing' recipes with output: 'com.blamejared.crafttweaker.api.item.MCItemStack@b511570f'
[00:00:02.060][INFO]: Removing 'powah:energizing' recipes with output: 'com.blamejared.crafttweaker.api.item.MCItemStack@2ea2b4b1'
[00:00:02.060][INFO]: Removing 'powah:energizing' recipes with output: 'com.blamejared.crafttweaker.api.item.MCItemStack@810c0dc6'
[00:00:02.060][INFO]: Removing 'crafting' recipes with output: 'com.blamejared.crafttweaker.api.item.MCItemStack@c984370c'
[00:00:02.061][INFO]: Removing 'crafting' recipes with output: 'com.blamejared.crafttweaker.api.item.MCItemStack@71f5bc60'
[00:00:02.062][INFO]: Removing 'crafting' recipes with output: 'com.blamejared.crafttweaker.api.item.MCItemStack@e78b1422'
[00:00:02.068][INFO]: Adding 'minecraft:crafting' recipe, of type: "shaped", with name: 'crafttweaker:sophisticatedbackpacks_pouch' that outputs: '<item:sophisticatedbackpacks:backpack>'
[00:00:02.070][INFO]: Adding 'minecraft:crafting' recipe, with name: 'crafttweaker:sophisticatedbackpacks_double_pouch' that outputs: '<item:sophisticatedbackpacks:iron_backpack>'
[00:00:02.070][INFO]: Adding 'minecraft:crafting' recipe, with name: 'crafttweaker:sophisticatedbackpacks_belt' that outputs: '<item:sophisticatedbackpacks:gold_backpack>'
[00:00:02.071][INFO]: Adding 'minecraft:crafting' recipe, with name: 'crafttweaker:sophisticatedbackpacks_small_backpack' that outputs: '<item:sophisticatedbackpacks:diamond_backpack>'
[00:00:02.071][INFO]: Adding 'minecraft:crafting' recipe, with name: 'crafttweaker:sophisticatedbackpacks_big_backpack' that outputs: '<item:sophisticatedbackpacks:netherite_backpack>'
[00:00:02.071][INFO]: Adding 'minecraft:crafting' recipe, of type: "shaped", with name: 'crafttweaker:sophisticatedbackpacks_upgrade_base' that outputs: '<item:sophisticatedbackpacks:upgrade_base>'
[00:00:02.072][INFO]: Adding 'minecraft:crafting' recipe, of type: "shaped", with name: 'crafttweaker:sophisticatedbackpacks_stack_upgrade_1' that outputs: '<item:sophisticatedbackpacks:stack_upgrade_tier_1>'
[00:00:02.072][INFO]: Adding 'minecraft:crafting' recipe, of type: "shaped", with name: 'crafttweaker:sophisticatedbackpacks_stack_upgrade_2' that outputs: '<item:sophisticatedbackpacks:stack_upgrade_tier_2>'
[00:00:02.072][INFO]: Adding 'minecraft:crafting' recipe, of type: "shaped", with name: 'crafttweaker:sophisticatedbackpacks_stack_upgrade_3' that outputs: '<item:sophisticatedbackpacks:stack_upgrade_tier_3>'
[00:00:02.072][INFO]: Adding 'minecraft:crafting' recipe, of type: "shaped", with name: 'crafttweaker:sophisticatedbackpacks_stack_upgrade_4' that outputs: '<item:sophisticatedbackpacks:stack_upgrade_tier_4>'
[00:00:02.072][INFO]: Adding 'minecraft:crafting' recipe, of type: "shaped", with name: 'crafttweaker:sophisticatedbackpacks_refill_upgrade' that outputs: '<item:sophisticatedbackpacks:refill_upgrade>'
[00:00:02.072][INFO]: Adding 'minecraft:crafting' recipe, of type: "shaped", with name: 'crafttweaker:sophisticatedbackpacks_void_upgrade' that outputs: '<item:sophisticatedbackpacks:void_upgrade>'
[00:00:02.073][INFO]: Adding 'minecraft:crafting' recipe, of type: "shaped", with name: 'crafttweaker:sophisticatedbackpacks_advanced_void_upgrade' that outputs: '<item:sophisticatedbackpacks:advanced_void_upgrade>'
[00:00:02.073][INFO]: Adding 'minecraft:crafting' recipe, of type: "shaped", with name: 'crafttweaker:sophisticatedbackpacks_feeding_upgrade' that outputs: '<item:sophisticatedbackpacks:feeding_upgrade>'
[00:00:02.073][INFO]: Adding 'minecraft:crafting' recipe, of type: "shaped", with name: 'crafttweaker:sophisticatedbackpacks_advanced_feeding_upgrade' that outputs: '<item:sophisticatedbackpacks:advanced_feeding_upgrade>'
[00:00:02.073][INFO]: Adding 'minecraft:crafting' recipe, of type: "shaped", with name: 'crafttweaker:sophisticatedbackpacks_pickup_upgrade' that outputs: '<item:sophisticatedbackpacks:pickup_upgrade>'
[00:00:02.073][INFO]: Adding 'minecraft:crafting' recipe, of type: "shaped", with name: 'crafttweaker:sophisticatedbackpacks_advanced_pickup_upgrade' that outputs: '<item:sophisticatedbackpacks:advanced_pickup_upgrade>'
[00:00:02.074][INFO]: Adding 'minecraft:crafting' recipe, of type: "shaped", with name: 'crafttweaker:sophisticatedbackpacks_filter_upgrade' that outputs: '<item:sophisticatedbackpacks:filter_upgrade>'
[00:00:02.074][INFO]: Adding 'minecraft:crafting' recipe, of type: "shaped", with name: 'crafttweaker:sophisticatedbackpacks_advanced_filter_upgrade' that outputs: '<item:sophisticatedbackpacks:advanced_filter_upgrade>'
[00:00:02.074][INFO]: Adding 'minecraft:crafting' recipe, of type: "shaped", with name: 'crafttweaker:sophisticatedbackpacks_restock_upgrade' that outputs: '<item:sophisticatedbackpacks:restock_upgrade>'
[00:00:02.074][INFO]: Adding 'minecraft:crafting' recipe, of type: "shaped", with name: 'crafttweaker:sophisticatedbackpacks_advanced_restock_upgrade' that outputs: '<item:sophisticatedbackpacks:advanced_restock_upgrade>'
[00:00:02.074][INFO]: Adding 'minecraft:crafting' recipe, of type: "shaped", with name: 'crafttweaker:sophisticatedbackpacks_deposit_upgrade' that outputs: '<item:sophisticatedbackpacks:deposit_upgrade>'
[00:00:02.075][INFO]: Adding 'minecraft:crafting' recipe, of type: "shaped", with name: 'crafttweaker:sophisticatedbackpacks_advanced_deposit_upgrade' that outputs: '<item:sophisticatedbackpacks:advanced_deposit_upgrade>'
[00:00:02.075][INFO]: Adding 'minecraft:crafting' recipe, of type: "shaped", with name: 'crafttweaker:sophisticatedbackpacks_advanced_refill_upgrade' that outputs: '<item:sophisticatedbackpacks:advanced_refill_upgrade>'
[00:00:02.075][INFO]: Removing 'crafting' recipes with output: 'com.blamejared.crafttweaker.api.item.MCItemStack@7e31f833'
[00:00:02.078][INFO]: Adding 'minecraft:crafting' recipe, of type: "shaped", with name: 'crafttweaker:botania_fungalapothecary' that outputs: '<item:botania:apothecary_fungal>'
[00:00:02.078][INFO]: Removing 'crafting' recipes with output: 'com.blamejared.crafttweaker.api.item.MCItemStack@ccbd2920'
[00:00:02.080][INFO]: Adding 'minecraft:crafting' recipe, of type: "shaped", with name: 'crafttweaker:botania_defaultapothecary' that outputs: '<item:botania:apothecary_default>'
[00:00:02.080][INFO]: Removing 'crafting' recipes with output: 'com.blamejared.crafttweaker.api.item.MCItemStack@66b8c9bc'
[00:00:02.081][INFO]: Adding 'minecraft:crafting' recipe, of type: "shaped", with name: 'crafttweaker:botania_forestapothecary' that outputs: '<item:botania:apothecary_forest>'
[00:00:02.081][INFO]: Removing 'crafting' recipes with output: 'com.blamejared.crafttweaker.api.item.MCItemStack@c8af5d6c'
[00:00:02.083][INFO]: Adding 'minecraft:crafting' recipe, of type: "shaped", with name: 'crafttweaker:botania_mountainapothecary' that outputs: '<item:botania:apothecary_mountain>'
[00:00:02.083][INFO]: Removing 'crafting' recipes with output: 'com.blamejared.crafttweaker.api.item.MCItemStack@7b97d798'
[00:00:02.085][INFO]: Adding 'minecraft:crafting' recipe, of type: "shaped", with name: 'crafttweaker:botania_mossyapothecary' that outputs: '<item:botania:apothecary_mossy>'
[00:00:02.085][INFO]: Removing 'crafting' recipes with output: 'com.blamejared.crafttweaker.api.item.MCItemStack@ed93ccc6'
[00:00:02.086][INFO]: Adding 'minecraft:crafting' recipe, of type: "shaped", with name: 'crafttweaker:botania_mesaapothecary' that outputs: '<item:botania:apothecary_mesa>'
[00:00:02.086][INFO]: Removing 'crafting' recipes with output: 'com.blamejared.crafttweaker.api.item.MCItemStack@499149cd'
[00:00:02.088][INFO]: Adding 'minecraft:crafting' recipe, of type: "shaped", with name: 'crafttweaker:botania_taigaapothecary' that outputs: '<item:botania:apothecary_taiga>'
[00:00:02.088][INFO]: Removing 'crafting' recipes with output: 'com.blamejared.crafttweaker.api.item.MCItemStack@78063944'
[00:00:02.089][INFO]: Adding 'minecraft:crafting' recipe, of type: "shaped", with name: 'crafttweaker:botania_plainsapothecary' that outputs: '<item:botania:apothecary_plains>'
[00:00:02.089][INFO]: Removing 'crafting' recipes with output: 'com.blamejared.crafttweaker.api.item.MCItemStack@aa31a04a'
[00:00:02.090][INFO]: Adding 'minecraft:crafting' recipe, of type: "shaped", with name: 'crafttweaker:botania_swampapothecary' that outputs: '<item:botania:apothecary_swamp>'
[00:00:02.090][INFO]: Removing 'crafting' recipes with output: 'com.blamejared.crafttweaker.api.item.MCItemStack@5ecfe4bf'
[00:00:02.091][INFO]: Adding 'minecraft:crafting' recipe, of type: "shaped", with name: 'crafttweaker:botania_desertapothecary' that outputs: '<item:botania:apothecary_desert>'
[00:00:02.092][INFO]: Adding 'minecraft:crafting' recipe, of type: "shapeless", with name: 'crafttweaker:ender_air' that outputs: '<item:botania:ender_air_bottle>'
[00:00:02.092][INFO]: Adding 'botania:mana_infusion' recipe, with name: 'crafttweaker:mana_diamond' that outputs: '<item:botania:mana_diamond>'
[00:00:02.092][INFO]: Adding 'botania:mana_infusion' recipe, with name: 'crafttweaker:manasteel_ingot' that outputs: '<item:botania:manasteel_ingot>'
[00:00:02.092][INFO]: Adding 'botania:terra_plate' recipe, with name: 'crafttweaker:terra_plate_test' that outputs: '<item:botania:terrasteel_ingot>'
[00:00:02.093][INFO]: Adding 'botania:petal_apothecary' recipe, with name: 'crafttweaker:pure_daisy' that outputs: '<item:botania:pure_daisy>'
[00:00:02.093][INFO]: Adding 'botania:petal_apothecary' recipe, with name: 'crafttweaker:hopperhock' that outputs: '<item:botania:hopperhock>'
[00:00:02.094][INFO]: Adding 'botania:elven_trade' recipe, with name: 'crafttweaker:elven_trade_pixie_dust' that outputs: '<item:minecraft:air>'
[00:00:02.094][INFO]: Adding 'botania:elven_trade' recipe, with name: 'crafttweaker:elven_trade_elementium_ingot' that outputs: '<item:minecraft:air>'
[00:00:02.094][INFO]: Adding 'botania:elven_trade' recipe, with name: 'crafttweaker:elven_trade_dragonstone' that outputs: '<item:minecraft:air>'
[00:00:02.094][INFO]: Adding 'botania:elven_trade' recipe, with name: 'crafttweaker:elven_trade_dreamwood' that outputs: '<item:minecraft:air>'
[00:00:02.095][INFO]: Adding 'botania:brew' recipe, with name: 'crafttweaker:rune_altar_test' that outputs: '<item:minecraft:air>'
[00:00:02.095][INFO]: Adding 'minecraft:crafting' recipe, of type: "shaped", with name: 'crafttweaker:botania_mana_pool' that outputs: '<item:botania:mana_pool>'
[00:00:02.095][INFO]: Adding 'minecraft:crafting' recipe, of type: "shaped", with name: 'crafttweaker:botania_runic_altar' that outputs: '<item:botania:runic_altar>'
[00:00:02.095][INFO]: Adding 'minecraft:crafting' recipe, of type: "shapeless", with name: 'crafttweaker:botania_bifrost_glass' that outputs: '<item:botania:bifrost_perm>'
[00:00:02.096][INFO]: Adding 'botania:runic_altar' recipe, with name: 'crafttweaker:rune_water' that outputs: '<item:botania:rune_water>'
[00:00:02.096][INFO]: Adding 'botania:runic_altar' recipe, with name: 'crafttweaker:rune_fire' that outputs: '<item:botania:rune_fire>'
[00:00:02.096][INFO]: Adding 'botania:runic_altar' recipe, with name: 'crafttweaker:rune_earth' that outputs: '<item:botania:rune_earth>'
[00:00:02.096][INFO]: Adding 'botania:runic_altar' recipe, with name: 'crafttweaker:rune_air' that outputs: '<item:botania:rune_air>'
[00:00:02.097][INFO]: Adding 'botania:runic_altar' recipe, with name: 'crafttweaker:rune_mana' that outputs: '<item:botania:rune_mana>'
[00:00:02.097][INFO]: Adding 'minecraft:crafting' recipe, of type: "shaped", with name: 'crafttweaker:botania_manasteel_block' that outputs: '<item:botania:manasteel_block>'
[00:00:02.097][INFO]: Adding 'minecraft:crafting' recipe, of type: "shaped", with name: 'crafttweaker:botania_terrasteel_block' that outputs: '<item:botania:terrasteel_block>'
[00:00:02.097][INFO]: Adding 'minecraft:crafting' recipe, of type: "shaped", with name: 'crafttweaker:botania_elementium_block' that outputs: '<item:botania:elementium_block>'
[00:00:02.097][INFO]: Adding 'minecraft:crafting' recipe, of type: "shaped", with name: 'crafttweaker:botania_mana_diamond_block' that outputs: '<item:botania:mana_diamond_block>'
[00:00:02.098][INFO]: Adding 'minecraft:crafting' recipe, of type: "shaped", with name: 'crafttweaker:botania_dragonstone_block' that outputs: '<item:botania:dragonstone_block>'
[00:00:02.098][INFO]: Adding 'minecraft:crafting' recipe, of type: "shaped", with name: 'crafttweaker:botania_livingwood_twig' that outputs: '<item:botania:livingwood_twig>'
[00:00:02.098][INFO]: Adding 'minecraft:crafting' recipe, of type: "shaped", with name: 'crafttweaker:botania_dreamwood_twig' that outputs: '<item:botania:dreamwood_twig>'
[00:00:02.099][INFO]: Adding 'minecraft:crafting' recipe, of type: "shaped", with name: 'crafttweaker:botania_wand' that outputs: '<item:botania:twig_wand>.withTag({color1: 6 as int, color2: 6 as int})'
[00:00:02.099][INFO]: Adding 'minecraft:crafting' recipe, of type: "shaped", with name: 'crafttweaker:botania_elvenwood_wand' that outputs: '<item:botania:dreamwood_wand>.withTag({color1: 5 as int, color2: 5 as int})'
[00:00:02.100][INFO]: Adding 'minecraft:crafting' recipe, of type: "shaped", with name: 'crafttweaker:botania_spark' that outputs: '<item:botania:spark>'
[00:00:02.100][INFO]: Adding 'minecraft:crafting' recipe, of type: "shaped", with name: 'crafttweaker:botania_fancy_pool' that outputs: '<item:botania:fabulous_pool>'
[00:00:02.100][INFO]: Adding 'minecraft:crafting' recipe, of type: "shaped", with name: 'crafttweaker:botania_flux_field' that outputs: '<item:botania:mana_fluxfield>'
[00:00:02.100][INFO]: Adding 'minecraft:crafting' recipe, of type: "shaped", with name: 'crafttweaker:botania_mana_spreader' that outputs: '<item:botania:mana_spreader>'
[00:00:02.100][INFO]: Adding 'minecraft:crafting' recipe, of type: "shaped", with name: 'crafttweaker:botania_alchemy_catalyst' that outputs: '<item:botania:alchemy_catalyst>'
[00:00:02.101][INFO]: Adding 'botania:mana_infusion' recipe, with name: 'crafttweaker:mana_infusion_flowering_azalea' that outputs: '<item:minecraft:flowering_azalea>'
[00:00:02.101][INFO]: Adding 'botania:mana_infusion' recipe, with name: 'crafttweaker:mana_infusion_spore_blossom' that outputs: '<item:minecraft:spore_blossom>'
[00:00:02.101][INFO]: Adding 'botania:mana_infusion' recipe, with name: 'crafttweaker:mana_infusion_azalea' that outputs: '<item:minecraft:azalea>'
[00:00:02.102][INFO]: Adding 'botania:terra_plate' recipe, with name: 'crafttweaker:terra_plate_ashium_key' that outputs: '<item:the_vault:key_ashium>'
[00:00:02.102][INFO]: Adding 'botania:terra_plate' recipe, with name: 'crafttweaker:terra_plate_gorginite_key' that outputs: '<item:the_vault:key_gorginite>'
[00:00:02.102][INFO]: Adding 'botania:terra_plate' recipe, with name: 'crafttweaker:terra_plate_tubium_key' that outputs: '<item:the_vault:key_tubium>'
[00:00:02.102][INFO]: Adding 'botania:terra_plate' recipe, with name: 'crafttweaker:terra_plate_iskallium_key' that outputs: '<item:the_vault:key_iskallium>'
[00:00:02.102][INFO]: Adding 'botania:terra_plate' recipe, with name: 'crafttweaker:terra_plate_petzanite_key' that outputs: '<item:the_vault:key_petzanite>'
[00:00:02.102][INFO]: Adding 'botania:terra_plate' recipe, with name: 'crafttweaker:terra_plate_upaline_key' that outputs: '<item:the_vault:key_upaline>'
[00:00:02.103][INFO]: Adding 'botania:terra_plate' recipe, with name: 'crafttweaker:terra_plate_sparkletine_key' that outputs: '<item:the_vault:key_sparkletine>'
[00:00:02.103][INFO]: Adding 'botania:terra_plate' recipe, with name: 'crafttweaker:terra_plate_xenium_key' that outputs: '<item:the_vault:key_xenium>'
[00:00:02.103][INFO]: Adding 'botania:terra_plate' recipe, with name: 'crafttweaker:terra_plate_bomignite_key' that outputs: '<item:the_vault:key_bomignite>'
[00:00:02.104][INFO]: Adding 'minecraft:crafting' recipe, of type: "shaped", with name: 'crafttweaker:botanypots_light_gray_hopper_botany_pot' that outputs: '<item:botanypots:light_gray_terracotta_hopper_botany_pot>'
[00:00:02.104][INFO]: Adding 'minecraft:crafting' recipe, of type: "shaped", with name: 'crafttweaker:botanypots_light_gray_botany_pot' that outputs: '<item:botanypots:light_gray_terracotta_botany_pot>'
[00:00:02.104][INFO]: Adding 'minecraft:crafting' recipe, of type: "shaped", with name: 'crafttweaker:botanypots_gray_hopper_botany_pot' that outputs: '<item:botanypots:gray_terracotta_hopper_botany_pot>'
[00:00:02.104][INFO]: Adding 'minecraft:crafting' recipe, of type: "shaped", with name: 'crafttweaker:botanypots_gray_botany_pot' that outputs: '<item:botanypots:gray_terracotta_botany_pot>'
[00:00:02.104][INFO]: Adding 'minecraft:crafting' recipe, of type: "shaped", with name: 'crafttweaker:botanypots_lime_concrete_hopper_botany_pot' that outputs: '<item:botanypots:lime_concrete_hopper_botany_pot>'
[00:00:02.105][INFO]: Adding 'minecraft:crafting' recipe, of type: "shaped", with name: 'crafttweaker:botanypots_lime_concrete_botany_pot' that outputs: '<item:botanypots:lime_concrete_botany_pot>'
[00:00:02.105][INFO]: Adding 'minecraft:crafting' recipe, of type: "shaped", with name: 'crafttweaker:botanypots_lime_hopper_botany_pot' that outputs: '<item:botanypots:lime_terracotta_hopper_botany_pot>'
[00:00:02.105][INFO]: Adding 'minecraft:crafting' recipe, of type: "shaped", with name: 'crafttweaker:botanypots_lime_botany_pot' that outputs: '<item:botanypots:lime_terracotta_botany_pot>'
[00:00:02.105][INFO]: Adding 'minecraft:crafting' recipe, of type: "shaped", with name: 'crafttweaker:botanypots_black_concrete_hopper_botany_pot' that outputs: '<item:botanypots:black_concrete_hopper_botany_pot>'
[00:00:02.105][INFO]: Adding 'minecraft:crafting' recipe, of type: "shaped", with name: 'crafttweaker:botanypots_black_concrete_botany_pot' that outputs: '<item:botanypots:black_concrete_botany_pot>'
[00:00:02.105][INFO]: Adding 'minecraft:crafting' recipe, of type: "shaped", with name: 'crafttweaker:botanypots_blue_concrete_hopper_botany_pot' that outputs: '<item:botanypots:blue_concrete_hopper_botany_pot>'
[00:00:02.106][INFO]: Adding 'minecraft:crafting' recipe, of type: "shaped", with name: 'crafttweaker:botanypots_blue_concrete_botany_pot' that outputs: '<item:botanypots:blue_concrete_botany_pot>'
[00:00:02.106][INFO]: Adding 'minecraft:crafting' recipe, of type: "shaped", with name: 'crafttweaker:botanypots_yellow_concrete_hopper_botany_pot' that outputs: '<item:botanypots:yellow_concrete_hopper_botany_pot>'
[00:00:02.106][INFO]: Adding 'minecraft:crafting' recipe, of type: "shaped", with name: 'crafttweaker:botanypots_yellow_concrete_botany_pot' that outputs: '<item:botanypots:yellow_concrete_botany_pot>'
[00:00:02.106][INFO]: Adding 'minecraft:crafting' recipe, of type: "shaped", with name: 'crafttweaker:botanypots_light_blue_glazed_hopper_botany_pot' that outputs: '<item:botanypots:light_blue_glazed_terracotta_hopper_botany_pot>'
[00:00:02.106][INFO]: Adding 'minecraft:crafting' recipe, of type: "shaped", with name: 'crafttweaker:botanypots_light_blue_glazed_botany_pot' that outputs: '<item:botanypots:light_blue_glazed_terracotta_botany_pot>'
[00:00:02.107][INFO]: Adding 'minecraft:crafting' recipe, of type: "shaped", with name: 'crafttweaker:botanypots_orange_glazed_hopper_botany_pot' that outputs: '<item:botanypots:orange_glazed_terracotta_hopper_botany_pot>'
[00:00:02.107][INFO]: Adding 'minecraft:crafting' recipe, of type: "shaped", with name: 'crafttweaker:botanypots_orange_glazed_botany_pot' that outputs: '<item:botanypots:orange_glazed_terracotta_botany_pot>'
[00:00:02.107][INFO]: Adding 'minecraft:crafting' recipe, of type: "shaped", with name: 'crafttweaker:botanypots_brown_hopper_botany_pot' that outputs: '<item:botanypots:brown_terracotta_hopper_botany_pot>'
[00:00:02.107][INFO]: Adding 'minecraft:crafting' recipe, of type: "shaped", with name: 'crafttweaker:botanypots_brown_botany_pot' that outputs: '<item:botanypots:brown_terracotta_botany_pot>'
[00:00:02.107][INFO]: Adding 'minecraft:crafting' recipe, of type: "shaped", with name: 'crafttweaker:botanypots_black_glazed_hopper_botany_pot' that outputs: '<item:botanypots:black_glazed_terracotta_hopper_botany_pot>'
[00:00:02.107][INFO]: Adding 'minecraft:crafting' recipe, of type: "shaped", with name: 'crafttweaker:botanypots_black_glazed_botany_pot' that outputs: '<item:botanypots:black_glazed_terracotta_botany_pot>'
[00:00:02.108][INFO]: Adding 'minecraft:crafting' recipe, of type: "shaped", with name: 'crafttweaker:botanypots_light_gray_concrete_hopper_botany_pot' that outputs: '<item:botanypots:light_gray_concrete_hopper_botany_pot>'
[00:00:02.108][INFO]: Adding 'minecraft:crafting' recipe, of type: "shaped", with name: 'crafttweaker:botanypots_light_gray_concrete_botany_pot' that outputs: '<item:botanypots:light_gray_concrete_botany_pot>'
[00:00:02.108][INFO]: Adding 'minecraft:crafting' recipe, of type: "shaped", with name: 'crafttweaker:botanypots_brown_concrete_hopper_botany_pot' that outputs: '<item:botanypots:brown_concrete_hopper_botany_pot>'
[00:00:02.108][INFO]: Adding 'minecraft:crafting' recipe, of type: "shaped", with name: 'crafttweaker:botanypots_brown_concrete_botany_pot' that outputs: '<item:botanypots:brown_concrete_botany_pot>'
[00:00:02.108][INFO]: Adding 'minecraft:crafting' recipe, of type: "shaped", with name: 'crafttweaker:botanypots_cyan_concrete_hopper_botany_pot' that outputs: '<item:botanypots:cyan_concrete_hopper_botany_pot>'
[00:00:02.109][INFO]: Adding 'minecraft:crafting' recipe, of type: "shaped", with name: 'crafttweaker:botanypots_cyan_concrete_botany_pot' that outputs: '<item:botanypots:cyan_concrete_botany_pot>'
[00:00:02.109][INFO]: Adding 'minecraft:crafting' recipe, of type: "shaped", with name: 'crafttweaker:botanypots_light_gray_glazed_hopper_botany_pot' that outputs: '<item:botanypots:light_gray_glazed_terracotta_hopper_botany_pot>'
[00:00:02.109][INFO]: Adding 'minecraft:crafting' recipe, of type: "shaped", with name: 'crafttweaker:botanypots_light_gray_glazed_botany_pot' that outputs: '<item:botanypots:light_gray_glazed_terracotta_botany_pot>'
[00:00:02.109][INFO]: Adding 'minecraft:crafting' recipe, of type: "shaped", with name: 'crafttweaker:botanypots_purple_concrete_hopper_botany_pot' that outputs: '<item:botanypots:purple_concrete_hopper_botany_pot>'
[00:00:02.109][INFO]: Adding 'minecraft:crafting' recipe, of type: "shaped", with name: 'crafttweaker:botanypots_purple_concrete_botany_pot' that outputs: '<item:botanypots:purple_concrete_botany_pot>'
[00:00:02.109][INFO]: Adding 'minecraft:crafting' recipe, of type: "shaped", with name: 'crafttweaker:botanypots_terracotta_hopper_botany_pot' that outputs: '<item:botanypots:terracotta_hopper_botany_pot>'
[00:00:02.110][INFO]: Adding 'minecraft:crafting' recipe, of type: "shaped", with name: 'crafttweaker:botanypots_terracotta_botany_pot' that outputs: '<item:botanypots:terracotta_botany_pot>'
[00:00:02.110][INFO]: Adding 'minecraft:crafting' recipe, of type: "shaped", with name: 'crafttweaker:botanypots_red_hopper_botany_pot' that outputs: '<item:botanypots:red_terracotta_hopper_botany_pot>'
[00:00:02.110][INFO]: Adding 'minecraft:crafting' recipe, of type: "shaped", with name: 'crafttweaker:botanypots_red_botany_pot' that outputs: '<item:botanypots:red_terracotta_botany_pot>'
[00:00:02.110][INFO]: Adding 'minecraft:crafting' recipe, of type: "shaped", with name: 'crafttweaker:botanypots_green_hopper_botany_pot' that outputs: '<item:botanypots:green_terracotta_hopper_botany_pot>'
[00:00:02.110][INFO]: Adding 'minecraft:crafting' recipe, of type: "shaped", with name: 'crafttweaker:botanypots_green_botany_pot' that outputs: '<item:botanypots:green_terracotta_botany_pot>'
[00:00:02.111][INFO]: Adding 'minecraft:crafting' recipe, of type: "shaped", with name: 'crafttweaker:botanypots_lime_glazed_hopper_botany_pot' that outputs: '<item:botanypots:lime_glazed_terracotta_hopper_botany_pot>'
[00:00:02.111][INFO]: Adding 'minecraft:crafting' recipe, of type: "shaped", with name: 'crafttweaker:botanypots_lime_glazed_botany_pot' that outputs: '<item:botanypots:lime_glazed_terracotta_botany_pot>'
[00:00:02.111][INFO]: Adding 'minecraft:crafting' recipe, of type: "shaped", with name: 'crafttweaker:botanypots_red_glazed_hopper_botany_pot' that outputs: '<item:botanypots:red_glazed_terracotta_hopper_botany_pot>'
[00:00:02.111][INFO]: Adding 'minecraft:crafting' recipe, of type: "shaped", with name: 'crafttweaker:botanypots_red_glazed_botany_pot' that outputs: '<item:botanypots:red_glazed_terracotta_botany_pot>'
[00:00:02.112][INFO]: Adding 'minecraft:crafting' recipe, of type: "shaped", with name: 'crafttweaker:botanypots_white_concrete_hopper_botany_pot' that outputs: '<item:botanypots:white_concrete_hopper_botany_pot>'
[00:00:02.112][INFO]: Adding 'minecraft:crafting' recipe, of type: "shaped", with name: 'crafttweaker:botanypots_white_concrete_botany_pot' that outputs: '<item:botanypots:white_concrete_botany_pot>'
[00:00:02.112][INFO]: Adding 'minecraft:crafting' recipe, of type: "shaped", with name: 'crafttweaker:botanypots_light_blue_concrete_hopper_botany_pot' that outputs: '<item:botanypots:light_blue_concrete_hopper_botany_pot>'
[00:00:02.112][INFO]: Adding 'minecraft:crafting' recipe, of type: "shaped", with name: 'crafttweaker:botanypots_light_blue_concrete_botany_pot' that outputs: '<item:botanypots:light_blue_concrete_botany_pot>'
[00:00:02.113][INFO]: Adding 'minecraft:crafting' recipe, of type: "shaped", with name: 'crafttweaker:botanypots_blue_glazed_hopper_botany_pot' that outputs: '<item:botanypots:blue_glazed_terracotta_hopper_botany_pot>'
[00:00:02.113][INFO]: Adding 'minecraft:crafting' recipe, of type: "shaped", with name: 'crafttweaker:botanypots_blue_glazed_botany_pot' that outputs: '<item:botanypots:blue_glazed_terracotta_botany_pot>'
[00:00:02.113][INFO]: Adding 'minecraft:crafting' recipe, of type: "shaped", with name: 'crafttweaker:botanypots_light_blue_hopper_botany_pot' that outputs: '<item:botanypots:light_blue_terracotta_hopper_botany_pot>'
[00:00:02.113][INFO]: Adding 'minecraft:crafting' recipe, of type: "shaped", with name: 'crafttweaker:botanypots_light_blue_botany_pot' that outputs: '<item:botanypots:light_blue_terracotta_botany_pot>'
[00:00:02.113][INFO]: Adding 'minecraft:crafting' recipe, of type: "shaped", with name: 'crafttweaker:botanypots_gray_concrete_hopper_botany_pot' that outputs: '<item:botanypots:gray_concrete_hopper_botany_pot>'
[00:00:02.114][INFO]: Adding 'minecraft:crafting' recipe, of type: "shaped", with name: 'crafttweaker:botanypots_gray_concrete_botany_pot' that outputs: '<item:botanypots:gray_concrete_botany_pot>'
[00:00:02.114][INFO]: Adding 'minecraft:crafting' recipe, of type: "shaped", with name: 'crafttweaker:botanypots_brown_glazed_hopper_botany_pot' that outputs: '<item:botanypots:brown_glazed_terracotta_hopper_botany_pot>'
[00:00:02.114][INFO]: Adding 'minecraft:crafting' recipe, of type: "shaped", with name: 'crafttweaker:botanypots_brown_glazed_botany_pot' that outputs: '<item:botanypots:brown_glazed_terracotta_botany_pot>'
[00:00:02.115][INFO]: Adding 'minecraft:crafting' recipe, of type: "shaped", with name: 'crafttweaker:botanypots_red_concrete_hopper_botany_pot' that outputs: '<item:botanypots:red_concrete_hopper_botany_pot>'
[00:00:02.115][INFO]: Adding 'minecraft:crafting' recipe, of type: "shaped", with name: 'crafttweaker:botanypots_red_concrete_botany_pot' that outputs: '<item:botanypots:red_concrete_botany_pot>'
[00:00:02.115][INFO]: Adding 'minecraft:crafting' recipe, of type: "shaped", with name: 'crafttweaker:botanypots_purple_glazed_hopper_botany_pot' that outputs: '<item:botanypots:purple_glazed_terracotta_hopper_botany_pot>'
[00:00:02.115][INFO]: Adding 'minecraft:crafting' recipe, of type: "shaped", with name: 'crafttweaker:botanypots_purple_glazed_botany_pot' that outputs: '<item:botanypots:purple_glazed_terracotta_botany_pot>'
[00:00:02.115][INFO]: Adding 'minecraft:crafting' recipe, of type: "shaped", with name: 'crafttweaker:botanypots_white_hopper_botany_pot' that outputs: '<item:botanypots:white_terracotta_hopper_botany_pot>'
[00:00:02.116][INFO]: Adding 'minecraft:crafting' recipe, of type: "shaped", with name: 'crafttweaker:botanypots_white_botany_pot' that outputs: '<item:botanypots:white_terracotta_botany_pot>'
[00:00:02.116][INFO]: Adding 'minecraft:crafting' recipe, of type: "shaped", with name: 'crafttweaker:botanypots_cyan_hopper_botany_pot' that outputs: '<item:botanypots:cyan_terracotta_hopper_botany_pot>'
[00:00:02.116][INFO]: Adding 'minecraft:crafting' recipe, of type: "shaped", with name: 'crafttweaker:botanypots_cyan_botany_pot' that outputs: '<item:botanypots:cyan_terracotta_botany_pot>'
[00:00:02.116][INFO]: Adding 'minecraft:crafting' recipe, of type: "shaped", with name: 'crafttweaker:botanypots_blue_hopper_botany_pot' that outputs: '<item:botanypots:blue_terracotta_hopper_botany_pot>'
[00:00:02.117][INFO]: Adding 'minecraft:crafting' recipe, of type: "shaped", with name: 'crafttweaker:botanypots_blue_botany_pot' that outputs: '<item:botanypots:blue_terracotta_botany_pot>'
[00:00:02.117][INFO]: Adding 'minecraft:crafting' recipe, of type: "shaped", with name: 'crafttweaker:botanypots_pink_glazed_hopper_botany_pot' that outputs: '<item:botanypots:pink_glazed_terracotta_hopper_botany_pot>'
[00:00:02.117][INFO]: Adding 'minecraft:crafting' recipe, of type: "shaped", with name: 'crafttweaker:botanypots_pink_glazed_botany_pot' that outputs: '<item:botanypots:pink_glazed_terracotta_botany_pot>'
[00:00:02.118][INFO]: Adding 'minecraft:crafting' recipe, of type: "shaped", with name: 'crafttweaker:botanypots_cyan_glazed_hopper_botany_pot' that outputs: '<item:botanypots:cyan_glazed_terracotta_hopper_botany_pot>'
[00:00:02.118][INFO]: Adding 'minecraft:crafting' recipe, of type: "shaped", with name: 'crafttweaker:botanypots_cyan_glazed_botany_pot' that outputs: '<item:botanypots:cyan_glazed_terracotta_botany_pot>'
[00:00:02.118][INFO]: Adding 'minecraft:crafting' recipe, of type: "shaped", with name: 'crafttweaker:botanypots_green_glazed_hopper_botany_pot' that outputs: '<item:botanypots:green_glazed_terracotta_hopper_botany_pot>'
[00:00:02.118][INFO]: Adding 'minecraft:crafting' recipe, of type: "shaped", with name: 'crafttweaker:botanypots_green_glazed_botany_pot' that outputs: '<item:botanypots:green_glazed_terracotta_botany_pot>'
[00:00:02.118][INFO]: Adding 'minecraft:crafting' recipe, of type: "shaped", with name: 'crafttweaker:botanypots_magenta_glazed_hopper_botany_pot' that outputs: '<item:botanypots:magenta_glazed_terracotta_hopper_botany_pot>'
[00:00:02.119][INFO]: Adding 'minecraft:crafting' recipe, of type: "shaped", with name: 'crafttweaker:botanypots_magenta_glazed_botany_pot' that outputs: '<item:botanypots:magenta_glazed_terracotta_botany_pot>'
[00:00:02.119][INFO]: Adding 'minecraft:crafting' recipe, of type: "shaped", with name: 'crafttweaker:botanypots_black_hopper_botany_pot' that outputs: '<item:botanypots:black_terracotta_hopper_botany_pot>'
[00:00:02.119][INFO]: Adding 'minecraft:crafting' recipe, of type: "shaped", with name: 'crafttweaker:botanypots_black_botany_pot' that outputs: '<item:botanypots:black_terracotta_botany_pot>'
[00:00:02.119][INFO]: Adding 'minecraft:crafting' recipe, of type: "shaped", with name: 'crafttweaker:botanypots_gray_glazed_hopper_botany_pot' that outputs: '<item:botanypots:gray_glazed_terracotta_hopper_botany_pot>'
[00:00:02.120][INFO]: Adding 'minecraft:crafting' recipe, of type: "shaped", with name: 'crafttweaker:botanypots_gray_glazed_botany_pot' that outputs: '<item:botanypots:gray_glazed_terracotta_botany_pot>'
[00:00:02.120][INFO]: Adding 'minecraft:crafting' recipe, of type: "shaped", with name: 'crafttweaker:botanypots_green_concrete_hopper_botany_pot' that outputs: '<item:botanypots:green_concrete_hopper_botany_pot>'
[00:00:02.120][INFO]: Adding 'minecraft:crafting' recipe, of type: "shaped", with name: 'crafttweaker:botanypots_green_concrete_botany_pot' that outputs: '<item:botanypots:green_concrete_botany_pot>'
[00:00:02.120][INFO]: Adding 'minecraft:crafting' recipe, of type: "shaped", with name: 'crafttweaker:botanypots_white_glazed_hopper_botany_pot' that outputs: '<item:botanypots:white_glazed_terracotta_hopper_botany_pot>'
[00:00:02.121][INFO]: Adding 'minecraft:crafting' recipe, of type: "shaped", with name: 'crafttweaker:botanypots_white_glazed_botany_pot' that outputs: '<item:botanypots:white_glazed_terracotta_botany_pot>'
[00:00:02.121][INFO]: Adding 'minecraft:crafting' recipe, of type: "shaped", with name: 'crafttweaker:botanypots_yellow_hopper_botany_pot' that outputs: '<item:botanypots:yellow_terracotta_hopper_botany_pot>'
[00:00:02.121][INFO]: Adding 'minecraft:crafting' recipe, of type: "shaped", with name: 'crafttweaker:botanypots_yellow_botany_pot' that outputs: '<item:botanypots:yellow_terracotta_botany_pot>'
[00:00:02.121][INFO]: Adding 'minecraft:crafting' recipe, of type: "shaped", with name: 'crafttweaker:botanypots_pink_hopper_botany_pot' that outputs: '<item:botanypots:pink_terracotta_hopper_botany_pot>'
[00:00:02.122][INFO]: Adding 'minecraft:crafting' recipe, of type: "shaped", with name: 'crafttweaker:botanypots_pink_botany_pot' that outputs: '<item:botanypots:pink_terracotta_botany_pot>'
[00:00:02.122][INFO]: Adding 'minecraft:crafting' recipe, of type: "shaped", with name: 'crafttweaker:botanypots_orange_hopper_botany_pot' that outputs: '<item:botanypots:orange_terracotta_hopper_botany_pot>'
[00:00:02.122][INFO]: Adding 'minecraft:crafting' recipe, of type: "shaped", with name: 'crafttweaker:botanypots_orange_botany_pot' that outputs: '<item:botanypots:orange_terracotta_botany_pot>'
[00:00:02.122][INFO]: Adding 'minecraft:crafting' recipe, of type: "shaped", with name: 'crafttweaker:botanypots_magenta_hopper_botany_pot' that outputs: '<item:botanypots:magenta_terracotta_hopper_botany_pot>'
[00:00:02.123][INFO]: Adding 'minecraft:crafting' recipe, of type: "shaped", with name: 'crafttweaker:botanypots_magenta_botany_pot' that outputs: '<item:botanypots:magenta_terracotta_botany_pot>'
[00:00:02.123][INFO]: Adding 'minecraft:crafting' recipe, of type: "shaped", with name: 'crafttweaker:botanypots_yellow_glazed_hopper_botany_pot' that outputs: '<item:botanypots:yellow_glazed_terracotta_hopper_botany_pot>'
[00:00:02.123][INFO]: Adding 'minecraft:crafting' recipe, of type: "shaped", with name: 'crafttweaker:botanypots_yellow_glazed_botany_pot' that outputs: '<item:botanypots:yellow_glazed_terracotta_botany_pot>'
[00:00:02.123][INFO]: Adding 'minecraft:crafting' recipe, of type: "shaped", with name: 'crafttweaker:botanypots_magenta_concrete_hopper_botany_pot' that outputs: '<item:botanypots:magenta_concrete_hopper_botany_pot>'
[00:00:02.124][INFO]: Adding 'minecraft:crafting' recipe, of type: "shaped", with name: 'crafttweaker:botanypots_magenta_concrete_botany_pot' that outputs: '<item:botanypots:magenta_concrete_botany_pot>'
[00:00:02.124][INFO]: Adding 'minecraft:crafting' recipe, of type: "shaped", with name: 'crafttweaker:botanypots_purple_hopper_botany_pot' that outputs: '<item:botanypots:purple_terracotta_hopper_botany_pot>'
[00:00:02.124][INFO]: Adding 'minecraft:crafting' recipe, of type: "shaped", with name: 'crafttweaker:botanypots_purple_botany_pot' that outputs: '<item:botanypots:purple_terracotta_botany_pot>'
[00:00:02.124][INFO]: Adding 'minecraft:crafting' recipe, of type: "shaped", with name: 'crafttweaker:botanypots_orange_concrete_hopper_botany_pot' that outputs: '<item:botanypots:orange_concrete_hopper_botany_pot>'
[00:00:02.124][INFO]: Adding 'minecraft:crafting' recipe, of type: "shaped", with name: 'crafttweaker:botanypots_orange_concrete_botany_pot' that outputs: '<item:botanypots:orange_concrete_botany_pot>'
[00:00:02.124][INFO]: Adding 'minecraft:crafting' recipe, of type: "shaped", with name: 'crafttweaker:botanypots_pink_concrete_hopper_botany_pot' that outputs: '<item:botanypots:pink_concrete_hopper_botany_pot>'
[00:00:02.124][INFO]: Adding 'minecraft:crafting' recipe, of type: "shaped", with name: 'crafttweaker:botanypots_pink_concrete_botany_pot' that outputs: '<item:botanypots:pink_concrete_botany_pot>'
[00:00:02.125][INFO]: Adding 'minecraft:crafting' recipe, of type: "shaped", with name: 'crafttweaker:buildinggadgets_building_gadget' that outputs: '<item:buildinggadgets:gadget_building>'
[00:00:02.125][INFO]: Adding 'minecraft:crafting' recipe, of type: "shaped", with name: 'crafttweaker:buildinggadgets_destruction_gadget' that outputs: '<item:buildinggadgets:gadget_destruction>'
[00:00:02.125][INFO]: Adding 'minecraft:crafting' recipe, of type: "shaped", with name: 'crafttweaker:buildinggadgets_exchange_gadget' that outputs: '<item:buildinggadgets:gadget_exchanging>'
[00:00:02.125][INFO]: Adding 'minecraft:crafting' recipe, of type: "shaped", with name: 'crafttweaker:buildinggadgets_copy_paste_gadget' that outputs: '<item:buildinggadgets:gadget_copy_paste>'
[00:00:02.126][INFO]: Adding 'minecraft:crafting' recipe, of type: "shaped", with name: 'crafttweaker:dense_paste_block_water' that outputs: '<item:buildinggadgets:construction_block_dense> * 8'
[00:00:02.126][INFO]: Adding 'minecraft:crafting' recipe, of type: "shaped", with name: 'crafttweaker:cage_piece' that outputs: '<item:ispawner:cage_piece>'
[00:00:02.126][INFO]: Adding 'minecraft:crafting' recipe, of type: "shaped", with name: 'crafttweaker:survival_spawner' that outputs: '<item:ispawner:survival_spawner>'
[00:00:02.126][INFO]: Adding 'minecraft:crafting' recipe, of type: "shaped", with name: 'crafttweaker:cagerium_cage' that outputs: '<item:cagerium:cage>'
[00:00:02.127][INFO]: Adding 'minecraft:crafting' recipe, of type: "shaped", with name: 'crafttweaker:cagerium_terrarium' that outputs: '<item:cagerium:terrarium>'
[00:00:02.127][INFO]: Adding 'minecraft:crafting' recipe, of type: "shaped", with name: 'crafttweaker:cagerium_plate' that outputs: '<item:cagerium:plate>'
[00:00:02.127][INFO]: Adding 'minecraft:crafting' recipe, of type: "shaped", with name: 'crafttweaker:cagerium_ominous_skull' that outputs: '<item:cagerium:ominous_skull>'
[00:00:02.127][INFO]: Adding 'minecraft:crafting' recipe, of type: "shaped", with name: 'crafttweaker:cagerium_wood_binding_plate' that outputs: '<item:cagerium:binding_wood_plate>'
[00:00:02.127][INFO]: Adding 'minecraft:crafting' recipe, of type: "shaped", with name: 'crafttweaker:cagerium_binding_gemstone' that outputs: '<item:cagerium:binding_gemstone>'
[00:00:02.127][INFO]: Adding 'minecraft:crafting' recipe, of type: "shaped", with name: 'crafttweaker:cagerium_burning_upgrade' that outputs: '<item:cagerium:burning_upgrade>'
[00:00:02.127][INFO]: Adding 'minecraft:crafting' recipe, of type: "shaped", with name: 'crafttweaker:cagerium_skeleton_key' that outputs: '<item:cagerium:skeleton_key>'
[00:00:02.128][INFO]: Adding 'minecraft:crafting' recipe, of type: "shaped", with name: 'crafttweaker:colossalchests_chest_wall_wood' that outputs: '<item:colossalchests:chest_wall_wood>'
[00:00:02.128][INFO]: Adding 'minecraft:crafting' recipe, of type: "shaped", with name: 'crafttweaker:colossalchests_chest_interface_wood' that outputs: '<item:colossalchests:interface_wood>'
[00:00:02.128][INFO]: Adding 'minecraft:crafting' recipe, of type: "shapeless", with name: 'crafttweaker:colossalchests_chest_wood' that outputs: '<item:colossalchests:colossal_chest_wood>'
[00:00:02.128][INFO]: Adding 'minecraft:crafting' recipe, of type: "shaped", with name: 'crafttweaker:colossalchests_chest_wall_copper' that outputs: '<item:colossalchests:chest_wall_copper>'
[00:00:02.129][INFO]: Adding 'minecraft:crafting' recipe, of type: "shaped", with name: 'crafttweaker:colossalchests_chest_interface_copper' that outputs: '<item:colossalchests:interface_copper>'
[00:00:02.129][INFO]: Adding 'minecraft:crafting' recipe, of type: "shapeless", with name: 'crafttweaker:colossalchests_chest_copper' that outputs: '<item:colossalchests:colossal_chest_copper>'
[00:00:02.129][INFO]: Adding 'minecraft:crafting' recipe, of type: "shaped", with name: 'crafttweaker:colossalchests_chest_wall_iron' that outputs: '<item:colossalchests:chest_wall_iron>'
[00:00:02.129][INFO]: Adding 'minecraft:crafting' recipe, of type: "shaped", with name: 'crafttweaker:colossalchests_chest_interface_iron' that outputs: '<item:colossalchests:interface_iron>'
[00:00:02.129][INFO]: Adding 'minecraft:crafting' recipe, of type: "shapeless", with name: 'crafttweaker:colossalchests_chest_iron' that outputs: '<item:colossalchests:colossal_chest_iron>'
[00:00:02.130][INFO]: Adding 'minecraft:crafting' recipe, of type: "shaped", with name: 'crafttweaker:colossalchests_chest_wall_gold' that outputs: '<item:colossalchests:chest_wall_gold>'
[00:00:02.130][INFO]: Adding 'minecraft:crafting' recipe, of type: "shaped", with name: 'crafttweaker:colossalchests_chest_interface_gold' that outputs: '<item:colossalchests:interface_gold>'
[00:00:02.130][INFO]: Adding 'minecraft:crafting' recipe, of type: "shapeless", with name: 'crafttweaker:colossalchests_chest_gold' that outputs: '<item:colossalchests:colossal_chest_gold>'
[00:00:02.130][INFO]: Adding 'minecraft:crafting' recipe, of type: "shaped", with name: 'crafttweaker:colossalchests_chest_wall_diamond' that outputs: '<item:colossalchests:chest_wall_diamond>'
[00:00:02.130][INFO]: Adding 'minecraft:crafting' recipe, of type: "shaped", with name: 'crafttweaker:colossalchests_chest_interface_diamond' that outputs: '<item:colossalchests:interface_diamond>'
[00:00:02.131][INFO]: Adding 'minecraft:crafting' recipe, of type: "shapeless", with name: 'crafttweaker:colossalchests_chest_diamond' that outputs: '<item:colossalchests:colossal_chest_diamond>'
[00:00:02.131][INFO]: Adding 'minecraft:crafting' recipe, of type: "shaped", with name: 'crafttweaker:colossalchests_chest_wall_obsidian' that outputs: '<item:colossalchests:chest_wall_obsidian>'
[00:00:02.131][INFO]: Adding 'minecraft:crafting' recipe, of type: "shaped", with name: 'crafttweaker:colossalchests_chest_interface_obsidian' that outputs: '<item:colossalchests:interface_obsidian>'
[00:00:02.131][INFO]: Adding 'minecraft:crafting' recipe, of type: "shapeless", with name: 'crafttweaker:colossalchests_chest_obsidian' that outputs: '<item:colossalchests:colossal_chest_obsidian>'
[00:00:02.131][INFO]: Adding 'minecraft:crafting' recipe, of type: "shapeless", with name: 'crafttweaker:colossalchests_upgrade_tool' that outputs: '<item:colossalchests:upgrade_tool>'
[00:00:02.131][INFO]: Adding 'minecraft:crafting' recipe, of type: "shapeless", with name: 'crafttweaker:colossalchests_upgrade_tool_downgrade' that outputs: '<item:colossalchests:upgrade_tool>'
[00:00:02.133][INFO]: Set the value of Destroy Speed on <blockstate:compressium:dirt_2> to: '4.6'
[00:00:02.133][INFO]: Set the value of Destroy Speed on <blockstate:compressium:dirt_3> to: '4.6'
[00:00:02.133][INFO]: Set the value of Destroy Speed on <blockstate:compressium:dirt_4> to: '4.6'
[00:00:02.133][INFO]: Set the value of Destroy Speed on <blockstate:compressium:sand_2> to: '4.6'
[00:00:02.133][INFO]: Set the value of Destroy Speed on <blockstate:compressium:sand_3> to: '4.6'
[00:00:02.133][INFO]: Set the value of Destroy Speed on <blockstate:compressium:sand_4> to: '4.6'
[00:00:02.133][INFO]: Set the value of Destroy Speed on <blockstate:compressium:cobblestone_2> to: '4.6'
[00:00:02.133][INFO]: Set the value of Destroy Speed on <blockstate:compressium:cobblestone_3> to: '4.6'
[00:00:02.133][INFO]: Set the value of Destroy Speed on <blockstate:compressium:cobblestone_4> to: '4.6'
[00:00:02.133][INFO]: Set the value of Destroy Speed on <blockstate:compressium:stone_2> to: '4.6'
[00:00:02.133][INFO]: Set the value of Destroy Speed on <blockstate:compressium:stone_3> to: '4.6'
[00:00:02.133][INFO]: Set the value of Destroy Speed on <blockstate:compressium:stone_4> to: '4.6'
[00:00:02.133][INFO]: Set the value of Destroy Speed on <blockstate:compressium:gravel_2> to: '4.6'
[00:00:02.133][INFO]: Set the value of Destroy Speed on <blockstate:compressium:gravel_3> to: '4.6'
[00:00:02.133][INFO]: Set the value of Destroy Speed on <blockstate:compressium:gravel_4> to: '4.6'
[00:00:02.133][INFO]: Set the value of Destroy Speed on <blockstate:compressium:andesite_2> to: '4.6'
[00:00:02.133][INFO]: Set the value of Destroy Speed on <blockstate:compressium:andesite_3> to: '4.6'
[00:00:02.133][INFO]: Set the value of Destroy Speed on <blockstate:compressium:andesite_4> to: '4.6'
[00:00:02.133][INFO]: Set the value of Destroy Speed on <blockstate:compressium:snow_2> to: '4.6'
[00:00:02.133][INFO]: Set the value of Destroy Speed on <blockstate:compressium:snow_3> to: '4.6'
[00:00:02.133][INFO]: Set the value of Destroy Speed on <blockstate:compressium:snow_4> to: '4.6'
[00:00:02.134][INFO]: Set the value of Destroy Speed on <blockstate:compressium:diorite_2> to: '4.6'
[00:00:02.134][INFO]: Set the value of Destroy Speed on <blockstate:compressium:diorite_3> to: '4.6'
[00:00:02.134][INFO]: Set the value of Destroy Speed on <blockstate:compressium:diorite_4> to: '4.6'
[00:00:02.134][INFO]: Set the value of Destroy Speed on <blockstate:compressium:granite_2> to: '4.6'
[00:00:02.134][INFO]: Set the value of Destroy Speed on <blockstate:compressium:granite_3> to: '4.6'
[00:00:02.134][INFO]: Set the value of Destroy Speed on <blockstate:compressium:granite_4> to: '4.6'
[00:00:02.134][INFO]: Set the value of Destroy Speed on <blockstate:compressium:netherrack_2> to: '4.6'
[00:00:02.134][INFO]: Set the value of Destroy Speed on <blockstate:compressium:netherrack_3> to: '4.6'
[00:00:02.134][INFO]: Set the value of Destroy Speed on <blockstate:compressium:netherrack_4> to: '4.6'
[00:00:02.134][INFO]: Set the value of Destroy Speed on <blockstate:compressium:obsidian_2> to: '4.6'
[00:00:02.134][INFO]: Set the value of Destroy Speed on <blockstate:compressium:obsidian_3> to: '4.6'
[00:00:02.134][INFO]: Set the value of Destroy Speed on <blockstate:compressium:obsidian_4> to: '4.6'
[00:00:02.134][INFO]: Set the value of Destroy Speed on <blockstate:compressium:soulsand_2> to: '4.6'
[00:00:02.134][INFO]: Set the value of Destroy Speed on <blockstate:compressium:soulsand_3> to: '4.6'
[00:00:02.134][INFO]: Set the value of Destroy Speed on <blockstate:compressium:soulsand_4> to: '4.6'
[00:00:02.134][INFO]: Set the value of Destroy Speed on <blockstate:compressium:endstone_2> to: '4.6'
[00:00:02.134][INFO]: Set the value of Destroy Speed on <blockstate:compressium:endstone_3> to: '4.6'
[00:00:02.134][INFO]: Set the value of Destroy Speed on <blockstate:compressium:endstone_4> to: '4.6'
[00:00:02.134][INFO]: Set the value of Destroy Speed on <blockstate:compressium:clay_2> to: '4.6'
[00:00:02.134][INFO]: Set the value of Destroy Speed on <blockstate:compressium:clay_3> to: '4.6'
[00:00:02.134][INFO]: Set the value of Destroy Speed on <blockstate:compressium:clay_4> to: '4.6'
[00:00:02.134][INFO]: Set the value of Destroy Speed on <blockstate:compressium:netherite_1> to: '4.6'
[00:00:02.135][INFO]: Adding 'minecraft:smelting' recipe, with name: 'crafttweaker:smelt_cobble_1_to_stone_1' that outputs: '<item:compressium:stone_1>'
[00:00:02.136][INFO]: Adding 'thermal:pulverizer' recipe, with name: 'crafttweaker:pulverize_cobble_thermal_1_to_gravel_1' that outputs: '<item:minecraft:air>'
[00:00:02.137][INFO]: Adding 'thermal:pulverizer' recipe, with name: 'crafttweaker:pulverize_gravel_thermal_1_to_sand_1' that outputs: '<item:minecraft:air>'
[00:00:02.137][INFO]: Adding 'create:crushing' recipe, with name: 'crafttweaker:crush_cobble_create_1_to_gravel_1' that outputs: '<item:compressium:gravel_1>'
[00:00:02.137][INFO]: Adding 'create:crushing' recipe, with name: 'crafttweaker:crush_gravel_create_1_to_sand_1' that outputs: '<item:compressium:sand_1>'
[00:00:02.138][INFO]: Adding 'mekanism:crushing' recipe, with name: 'crafttweaker:crush_cobble_mek_1_to_gravel_1' that outputs: '<item:compressium:gravel_1>'
[00:00:02.139][INFO]: Adding 'mekanism:crushing' recipe, with name: 'crafttweaker:crush_gravel_mek_1_to_sand_1' that outputs: '<item:compressium:sand_1>'
[00:00:02.139][INFO]: Adding 'minecraft:smelting' recipe, with name: 'crafttweaker:smelt_cobble_2_to_stone_2' that outputs: '<item:compressium:stone_2>'
[00:00:02.139][INFO]: Adding 'thermal:pulverizer' recipe, with name: 'crafttweaker:pulverize_cobble_thermal_2_to_gravel_2' that outputs: '<item:minecraft:air>'
[00:00:02.139][INFO]: Adding 'thermal:pulverizer' recipe, with name: 'crafttweaker:pulverize_gravel_thermal_2_to_sand_2' that outputs: '<item:minecraft:air>'
[00:00:02.139][INFO]: Adding 'create:crushing' recipe, with name: 'crafttweaker:crush_cobble_create_2_to_gravel_2' that outputs: '<item:compressium:gravel_2>'
[00:00:02.139][INFO]: Adding 'create:crushing' recipe, with name: 'crafttweaker:crush_gravel_create_2_to_sand_2' that outputs: '<item:compressium:sand_2>'
[00:00:02.140][INFO]: Adding 'mekanism:crushing' recipe, with name: 'crafttweaker:crush_cobble_mek_2_to_gravel_2' that outputs: '<item:compressium:gravel_2>'
[00:00:02.140][INFO]: Adding 'mekanism:crushing' recipe, with name: 'crafttweaker:crush_gravel_mek_2_to_sand_2' that outputs: '<item:compressium:sand_2>'
[00:00:02.140][INFO]: Adding 'minecraft:smelting' recipe, with name: 'crafttweaker:smelt_cobble_3_to_stone_3' that outputs: '<item:compressium:stone_3>'
[00:00:02.140][INFO]: Adding 'thermal:pulverizer' recipe, with name: 'crafttweaker:pulverize_cobble_thermal_3_to_gravel_3' that outputs: '<item:minecraft:air>'
[00:00:02.140][INFO]: Adding 'thermal:pulverizer' recipe, with name: 'crafttweaker:pulverize_gravel_thermal_3_to_sand_3' that outputs: '<item:minecraft:air>'
[00:00:02.140][INFO]: Adding 'create:crushing' recipe, with name: 'crafttweaker:crush_cobble_create_3_to_gravel_3' that outputs: '<item:compressium:gravel_3>'
[00:00:02.141][INFO]: Adding 'create:crushing' recipe, with name: 'crafttweaker:crush_gravel_create_3_to_sand_3' that outputs: '<item:compressium:sand_3>'
[00:00:02.141][INFO]: Adding 'mekanism:crushing' recipe, with name: 'crafttweaker:crush_cobble_mek_3_to_gravel_3' that outputs: '<item:compressium:gravel_3>'
[00:00:02.141][INFO]: Adding 'mekanism:crushing' recipe, with name: 'crafttweaker:crush_gravel_mek_3_to_sand_3' that outputs: '<item:compressium:sand_3>'
[00:00:02.141][INFO]: Adding 'minecraft:smelting' recipe, with name: 'crafttweaker:smelt_cobble_4_to_stone_4' that outputs: '<item:compressium:stone_4>'
[00:00:02.141][INFO]: Adding 'thermal:pulverizer' recipe, with name: 'crafttweaker:pulverize_cobble_thermal_4_to_gravel_4' that outputs: '<item:minecraft:air>'
[00:00:02.141][INFO]: Adding 'thermal:pulverizer' recipe, with name: 'crafttweaker:pulverize_gravel_thermal_4_to_sand_4' that outputs: '<item:minecraft:air>'
[00:00:02.142][INFO]: Adding 'create:crushing' recipe, with name: 'crafttweaker:crush_cobble_create_4_to_gravel_4' that outputs: '<item:compressium:gravel_4>'
[00:00:02.142][INFO]: Adding 'create:crushing' recipe, with name: 'crafttweaker:crush_gravel_create_4_to_sand_4' that outputs: '<item:compressium:sand_4>'
[00:00:02.142][INFO]: Adding 'mekanism:crushing' recipe, with name: 'crafttweaker:crush_cobble_mek_4_to_gravel_4' that outputs: '<item:compressium:gravel_4>'
[00:00:02.142][INFO]: Adding 'mekanism:crushing' recipe, with name: 'crafttweaker:crush_gravel_mek_4_to_sand_4' that outputs: '<item:compressium:sand_4>'
[00:00:02.142][INFO]: Adding 'minecraft:smelting' recipe, with name: 'crafttweaker:smelt_cobble_5_to_stone_5' that outputs: '<item:compressium:stone_5>'
[00:00:02.143][INFO]: Adding 'thermal:pulverizer' recipe, with name: 'crafttweaker:pulverize_cobble_thermal_5_to_gravel_5' that outputs: '<item:minecraft:air>'
[00:00:02.143][INFO]: Adding 'thermal:pulverizer' recipe, with name: 'crafttweaker:pulverize_gravel_thermal_5_to_sand_5' that outputs: '<item:minecraft:air>'
[00:00:02.143][INFO]: Adding 'create:crushing' recipe, with name: 'crafttweaker:crush_cobble_create_5_to_gravel_5' that outputs: '<item:compressium:gravel_5>'
[00:00:02.143][INFO]: Adding 'create:crushing' recipe, with name: 'crafttweaker:crush_gravel_create_5_to_sand_5' that outputs: '<item:compressium:sand_5>'
[00:00:02.143][INFO]: Adding 'mekanism:crushing' recipe, with name: 'crafttweaker:crush_cobble_mek_5_to_gravel_5' that outputs: '<item:compressium:gravel_5>'
[00:00:02.143][INFO]: Adding 'mekanism:crushing' recipe, with name: 'crafttweaker:crush_gravel_mek_5_to_sand_5' that outputs: '<item:compressium:sand_5>'
[00:00:02.144][INFO]: Adding 'minecraft:smelting' recipe, with name: 'crafttweaker:smelt_cobble_6_to_stone_6' that outputs: '<item:compressium:stone_6>'
[00:00:02.144][INFO]: Adding 'thermal:pulverizer' recipe, with name: 'crafttweaker:pulverize_cobble_thermal_6_to_gravel_6' that outputs: '<item:minecraft:air>'
[00:00:02.144][INFO]: Adding 'thermal:pulverizer' recipe, with name: 'crafttweaker:pulverize_gravel_thermal_6_to_sand_6' that outputs: '<item:minecraft:air>'
[00:00:02.144][INFO]: Adding 'create:crushing' recipe, with name: 'crafttweaker:crush_cobble_create_6_to_gravel_6' that outputs: '<item:compressium:gravel_6>'
[00:00:02.144][INFO]: Adding 'create:crushing' recipe, with name: 'crafttweaker:crush_gravel_create_6_to_sand_6' that outputs: '<item:compressium:sand_6>'
[00:00:02.144][INFO]: Adding 'mekanism:crushing' recipe, with name: 'crafttweaker:crush_cobble_mek_6_to_gravel_6' that outputs: '<item:compressium:gravel_6>'
[00:00:02.145][INFO]: Adding 'mekanism:crushing' recipe, with name: 'crafttweaker:crush_gravel_mek_6_to_sand_6' that outputs: '<item:compressium:sand_6>'
[00:00:02.145][INFO]: Adding 'minecraft:smelting' recipe, with name: 'crafttweaker:smelt_cobble_7_to_stone_7' that outputs: '<item:compressium:stone_7>'
[00:00:02.145][INFO]: Adding 'thermal:pulverizer' recipe, with name: 'crafttweaker:pulverize_cobble_thermal_7_to_gravel_7' that outputs: '<item:minecraft:air>'
[00:00:02.145][INFO]: Adding 'thermal:pulverizer' recipe, with name: 'crafttweaker:pulverize_gravel_thermal_7_to_sand_7' that outputs: '<item:minecraft:air>'
[00:00:02.145][INFO]: Adding 'create:crushing' recipe, with name: 'crafttweaker:crush_cobble_create_7_to_gravel_7' that outputs: '<item:compressium:gravel_7>'
[00:00:02.145][INFO]: Adding 'create:crushing' recipe, with name: 'crafttweaker:crush_gravel_create_7_to_sand_7' that outputs: '<item:compressium:sand_7>'
[00:00:02.146][INFO]: Adding 'mekanism:crushing' recipe, with name: 'crafttweaker:crush_cobble_mek_7_to_gravel_7' that outputs: '<item:compressium:gravel_7>'
[00:00:02.146][INFO]: Adding 'mekanism:crushing' recipe, with name: 'crafttweaker:crush_gravel_mek_7_to_sand_7' that outputs: '<item:compressium:sand_7>'
[00:00:02.146][INFO]: Adding 'minecraft:smelting' recipe, with name: 'crafttweaker:smelt_cobble_8_to_stone_8' that outputs: '<item:compressium:stone_8>'
[00:00:02.146][INFO]: Adding 'thermal:pulverizer' recipe, with name: 'crafttweaker:pulverize_cobble_thermal_8_to_gravel_8' that outputs: '<item:minecraft:air>'
[00:00:02.146][INFO]: Adding 'thermal:pulverizer' recipe, with name: 'crafttweaker:pulverize_gravel_thermal_8_to_sand_8' that outputs: '<item:minecraft:air>'
[00:00:02.146][INFO]: Adding 'create:crushing' recipe, with name: 'crafttweaker:crush_cobble_create_8_to_gravel_8' that outputs: '<item:compressium:gravel_8>'
[00:00:02.147][INFO]: Adding 'create:crushing' recipe, with name: 'crafttweaker:crush_gravel_create_8_to_sand_8' that outputs: '<item:compressium:sand_8>'
[00:00:02.147][INFO]: Adding 'mekanism:crushing' recipe, with name: 'crafttweaker:crush_cobble_mek_8_to_gravel_8' that outputs: '<item:compressium:gravel_8>'
[00:00:02.147][INFO]: Adding 'mekanism:crushing' recipe, with name: 'crafttweaker:crush_gravel_mek_8_to_sand_8' that outputs: '<item:compressium:sand_8>'
[00:00:02.147][INFO]: Adding 'minecraft:smelting' recipe, with name: 'crafttweaker:smelt_cobble_9_to_stone_9' that outputs: '<item:compressium:stone_9>'
[00:00:02.147][INFO]: Adding 'thermal:pulverizer' recipe, with name: 'crafttweaker:pulverize_cobble_thermal_9_to_gravel_9' that outputs: '<item:minecraft:air>'
[00:00:02.148][INFO]: Adding 'thermal:pulverizer' recipe, with name: 'crafttweaker:pulverize_gravel_thermal_9_to_sand_9' that outputs: '<item:minecraft:air>'
[00:00:02.148][INFO]: Adding 'create:crushing' recipe, with name: 'crafttweaker:crush_cobble_create_9_to_gravel_9' that outputs: '<item:compressium:gravel_9>'
[00:00:02.148][INFO]: Adding 'create:crushing' recipe, with name: 'crafttweaker:crush_gravel_create_9_to_sand_9' that outputs: '<item:compressium:sand_9>'
[00:00:02.148][INFO]: Adding 'mekanism:crushing' recipe, with name: 'crafttweaker:crush_cobble_mek_9_to_gravel_9' that outputs: '<item:compressium:gravel_9>'
[00:00:02.148][INFO]: Adding 'mekanism:crushing' recipe, with name: 'crafttweaker:crush_gravel_mek_9_to_sand_9' that outputs: '<item:compressium:sand_9>'
[00:00:02.149][INFO]: Adding 'thermal:press' recipe, with name: 'crafttweaker:decompress_redsand_2_to_1' that outputs: '<item:minecraft:air>'
[00:00:02.149][INFO]: Adding 'thermal:press' recipe, with name: 'crafttweaker:decompress_redsand_3_to_2' that outputs: '<item:minecraft:air>'
[00:00:02.149][INFO]: Adding 'thermal:press' recipe, with name: 'crafttweaker:decompress_redsand_4_to_3' that outputs: '<item:minecraft:air>'
[00:00:02.150][INFO]: Adding 'thermal:press' recipe, with name: 'crafttweaker:decompress_redsand_5_to_4' that outputs: '<item:minecraft:air>'
[00:00:02.150][INFO]: Adding 'thermal:press' recipe, with name: 'crafttweaker:decompress_redsand_6_to_5' that outputs: '<item:minecraft:air>'
[00:00:02.150][INFO]: Adding 'thermal:press' recipe, with name: 'crafttweaker:decompress_redsand_7_to_6' that outputs: '<item:minecraft:air>'
[00:00:02.150][INFO]: Adding 'thermal:press' recipe, with name: 'crafttweaker:decompress_redsand_8_to_7' that outputs: '<item:minecraft:air>'
[00:00:02.150][INFO]: Adding 'thermal:press' recipe, with name: 'crafttweaker:decompress_redsand_9_to_8' that outputs: '<item:minecraft:air>'
[00:00:02.151][INFO]: Adding 'thermal:press' recipe, with name: 'crafttweaker:decompress_clay_2_to_1' that outputs: '<item:minecraft:air>'
[00:00:02.151][INFO]: Adding 'thermal:press' recipe, with name: 'crafttweaker:decompress_clay_3_to_2' that outputs: '<item:minecraft:air>'
[00:00:02.151][INFO]: Adding 'thermal:press' recipe, with name: 'crafttweaker:decompress_clay_4_to_3' that outputs: '<item:minecraft:air>'
[00:00:02.151][INFO]: Adding 'thermal:press' recipe, with name: 'crafttweaker:decompress_clay_5_to_4' that outputs: '<item:minecraft:air>'
[00:00:02.151][INFO]: Adding 'thermal:press' recipe, with name: 'crafttweaker:decompress_clay_6_to_5' that outputs: '<item:minecraft:air>'
[00:00:02.152][INFO]: Adding 'thermal:press' recipe, with name: 'crafttweaker:decompress_clay_7_to_6' that outputs: '<item:minecraft:air>'
[00:00:02.152][INFO]: Adding 'thermal:press' recipe, with name: 'crafttweaker:decompress_clay_8_to_7' that outputs: '<item:minecraft:air>'
[00:00:02.152][INFO]: Adding 'thermal:press' recipe, with name: 'crafttweaker:decompress_clay_9_to_8' that outputs: '<item:minecraft:air>'
[00:00:02.152][INFO]: Adding 'thermal:press' recipe, with name: 'crafttweaker:decompress_netherite_2_to_1' that outputs: '<item:minecraft:air>'
[00:00:02.152][INFO]: Adding 'thermal:press' recipe, with name: 'crafttweaker:decompress_netherite_3_to_2' that outputs: '<item:minecraft:air>'
[00:00:02.153][INFO]: Adding 'thermal:press' recipe, with name: 'crafttweaker:decompress_netherite_4_to_3' that outputs: '<item:minecraft:air>'
[00:00:02.153][INFO]: Adding 'thermal:press' recipe, with name: 'crafttweaker:decompress_netherite_5_to_4' that outputs: '<item:minecraft:air>'
[00:00:02.153][INFO]: Adding 'thermal:press' recipe, with name: 'crafttweaker:decompress_netherite_6_to_5' that outputs: '<item:minecraft:air>'
[00:00:02.153][INFO]: Adding 'thermal:press' recipe, with name: 'crafttweaker:decompress_netherite_7_to_6' that outputs: '<item:minecraft:air>'
[00:00:02.153][INFO]: Adding 'thermal:press' recipe, with name: 'crafttweaker:decompress_netherite_8_to_7' that outputs: '<item:minecraft:air>'
[00:00:02.154][INFO]: Adding 'thermal:press' recipe, with name: 'crafttweaker:decompress_netherite_9_to_8' that outputs: '<item:minecraft:air>'
[00:00:02.154][INFO]: Adding 'thermal:press' recipe, with name: 'crafttweaker:decompress_gold_2_to_1' that outputs: '<item:minecraft:air>'
[00:00:02.154][INFO]: Adding 'thermal:press' recipe, with name: 'crafttweaker:decompress_gold_3_to_2' that outputs: '<item:minecraft:air>'
[00:00:02.154][INFO]: Adding 'thermal:press' recipe, with name: 'crafttweaker:decompress_gold_4_to_3' that outputs: '<item:minecraft:air>'
[00:00:02.154][INFO]: Adding 'thermal:press' recipe, with name: 'crafttweaker:decompress_gold_5_to_4' that outputs: '<item:minecraft:air>'
[00:00:02.155][INFO]: Adding 'thermal:press' recipe, with name: 'crafttweaker:decompress_gold_6_to_5' that outputs: '<item:minecraft:air>'
[00:00:02.155][INFO]: Adding 'thermal:press' recipe, with name: 'crafttweaker:decompress_gold_7_to_6' that outputs: '<item:minecraft:air>'
[00:00:02.155][INFO]: Adding 'thermal:press' recipe, with name: 'crafttweaker:decompress_gold_8_to_7' that outputs: '<item:minecraft:air>'
[00:00:02.155][INFO]: Adding 'thermal:press' recipe, with name: 'crafttweaker:decompress_gold_9_to_8' that outputs: '<item:minecraft:air>'
[00:00:02.155][INFO]: Adding 'thermal:press' recipe, with name: 'crafttweaker:decompress_cobblestone_2_to_1' that outputs: '<item:minecraft:air>'
[00:00:02.156][INFO]: Adding 'thermal:press' recipe, with name: 'crafttweaker:decompress_cobblestone_3_to_2' that outputs: '<item:minecraft:air>'
[00:00:02.156][INFO]: Adding 'thermal:press' recipe, with name: 'crafttweaker:decompress_cobblestone_4_to_3' that outputs: '<item:minecraft:air>'
[00:00:02.156][INFO]: Adding 'thermal:press' recipe, with name: 'crafttweaker:decompress_cobblestone_5_to_4' that outputs: '<item:minecraft:air>'
[00:00:02.156][INFO]: Adding 'thermal:press' recipe, with name: 'crafttweaker:decompress_cobblestone_6_to_5' that outputs: '<item:minecraft:air>'
[00:00:02.157][INFO]: Adding 'thermal:press' recipe, with name: 'crafttweaker:decompress_cobblestone_7_to_6' that outputs: '<item:minecraft:air>'
[00:00:02.157][INFO]: Adding 'thermal:press' recipe, with name: 'crafttweaker:decompress_cobblestone_8_to_7' that outputs: '<item:minecraft:air>'
[00:00:02.157][INFO]: Adding 'thermal:press' recipe, with name: 'crafttweaker:decompress_cobblestone_9_to_8' that outputs: '<item:minecraft:air>'
[00:00:02.157][INFO]: Adding 'thermal:press' recipe, with name: 'crafttweaker:decompress_endstone_2_to_1' that outputs: '<item:minecraft:air>'
[00:00:02.157][INFO]: Adding 'thermal:press' recipe, with name: 'crafttweaker:decompress_endstone_3_to_2' that outputs: '<item:minecraft:air>'
[00:00:02.158][INFO]: Adding 'thermal:press' recipe, with name: 'crafttweaker:decompress_endstone_4_to_3' that outputs: '<item:minecraft:air>'
[00:00:02.158][INFO]: Adding 'thermal:press' recipe, with name: 'crafttweaker:decompress_endstone_5_to_4' that outputs: '<item:minecraft:air>'
[00:00:02.158][INFO]: Adding 'thermal:press' recipe, with name: 'crafttweaker:decompress_endstone_6_to_5' that outputs: '<item:minecraft:air>'
[00:00:02.158][INFO]: Adding 'thermal:press' recipe, with name: 'crafttweaker:decompress_endstone_7_to_6' that outputs: '<item:minecraft:air>'
[00:00:02.158][INFO]: Adding 'thermal:press' recipe, with name: 'crafttweaker:decompress_endstone_8_to_7' that outputs: '<item:minecraft:air>'
[00:00:02.159][INFO]: Adding 'thermal:press' recipe, with name: 'crafttweaker:decompress_endstone_9_to_8' that outputs: '<item:minecraft:air>'
[00:00:02.159][INFO]: Adding 'thermal:press' recipe, with name: 'crafttweaker:decompress_copper_2_to_1' that outputs: '<item:minecraft:air>'
[00:00:02.159][INFO]: Adding 'thermal:press' recipe, with name: 'crafttweaker:decompress_copper_3_to_2' that outputs: '<item:minecraft:air>'
[00:00:02.159][INFO]: Adding 'thermal:press' recipe, with name: 'crafttweaker:decompress_copper_4_to_3' that outputs: '<item:minecraft:air>'
[00:00:02.159][INFO]: Adding 'thermal:press' recipe, with name: 'crafttweaker:decompress_copper_5_to_4' that outputs: '<item:minecraft:air>'
[00:00:02.160][INFO]: Adding 'thermal:press' recipe, with name: 'crafttweaker:decompress_copper_6_to_5' that outputs: '<item:minecraft:air>'
[00:00:02.160][INFO]: Adding 'thermal:press' recipe, with name: 'crafttweaker:decompress_copper_7_to_6' that outputs: '<item:minecraft:air>'
[00:00:02.160][INFO]: Adding 'thermal:press' recipe, with name: 'crafttweaker:decompress_copper_8_to_7' that outputs: '<item:minecraft:air>'
[00:00:02.160][INFO]: Adding 'thermal:press' recipe, with name: 'crafttweaker:decompress_copper_9_to_8' that outputs: '<item:minecraft:air>'
[00:00:02.160][INFO]: Adding 'thermal:press' recipe, with name: 'crafttweaker:decompress_lapis_2_to_1' that outputs: '<item:minecraft:air>'
[00:00:02.161][INFO]: Adding 'thermal:press' recipe, with name: 'crafttweaker:decompress_lapis_3_to_2' that outputs: '<item:minecraft:air>'
[00:00:02.161][INFO]: Adding 'thermal:press' recipe, with name: 'crafttweaker:decompress_lapis_4_to_3' that outputs: '<item:minecraft:air>'
[00:00:02.161][INFO]: Adding 'thermal:press' recipe, with name: 'crafttweaker:decompress_lapis_5_to_4' that outputs: '<item:minecraft:air>'
[00:00:02.161][INFO]: Adding 'thermal:press' recipe, with name: 'crafttweaker:decompress_lapis_6_to_5' that outputs: '<item:minecraft:air>'
[00:00:02.161][INFO]: Adding 'thermal:press' recipe, with name: 'crafttweaker:decompress_lapis_7_to_6' that outputs: '<item:minecraft:air>'
[00:00:02.161][INFO]: Adding 'thermal:press' recipe, with name: 'crafttweaker:decompress_lapis_8_to_7' that outputs: '<item:minecraft:air>'
[00:00:02.162][INFO]: Adding 'thermal:press' recipe, with name: 'crafttweaker:decompress_lapis_9_to_8' that outputs: '<item:minecraft:air>'
[00:00:02.162][INFO]: Adding 'thermal:press' recipe, with name: 'crafttweaker:decompress_netherrack_2_to_1' that outputs: '<item:minecraft:air>'
[00:00:02.162][INFO]: Adding 'thermal:press' recipe, with name: 'crafttweaker:decompress_netherrack_3_to_2' that outputs: '<item:minecraft:air>'
[00:00:02.162][INFO]: Adding 'thermal:press' recipe, with name: 'crafttweaker:decompress_netherrack_4_to_3' that outputs: '<item:minecraft:air>'
[00:00:02.162][INFO]: Adding 'thermal:press' recipe, with name: 'crafttweaker:decompress_netherrack_5_to_4' that outputs: '<item:minecraft:air>'
[00:00:02.163][INFO]: Adding 'thermal:press' recipe, with name: 'crafttweaker:decompress_netherrack_6_to_5' that outputs: '<item:minecraft:air>'
[00:00:02.163][INFO]: Adding 'thermal:press' recipe, with name: 'crafttweaker:decompress_netherrack_7_to_6' that outputs: '<item:minecraft:air>'
[00:00:02.163][INFO]: Adding 'thermal:press' recipe, with name: 'crafttweaker:decompress_netherrack_8_to_7' that outputs: '<item:minecraft:air>'
[00:00:02.163][INFO]: Adding 'thermal:press' recipe, with name: 'crafttweaker:decompress_netherrack_9_to_8' that outputs: '<item:minecraft:air>'
[00:00:02.163][INFO]: Adding 'thermal:press' recipe, with name: 'crafttweaker:decompress_andesite_2_to_1' that outputs: '<item:minecraft:air>'
[00:00:02.164][INFO]: Adding 'thermal:press' recipe, with name: 'crafttweaker:decompress_andesite_3_to_2' that outputs: '<item:minecraft:air>'
[00:00:02.164][INFO]: Adding 'thermal:press' recipe, with name: 'crafttweaker:decompress_andesite_4_to_3' that outputs: '<item:minecraft:air>'
[00:00:02.164][INFO]: Adding 'thermal:press' recipe, with name: 'crafttweaker:decompress_andesite_5_to_4' that outputs: '<item:minecraft:air>'
[00:00:02.164][INFO]: Adding 'thermal:press' recipe, with name: 'crafttweaker:decompress_andesite_6_to_5' that outputs: '<item:minecraft:air>'
[00:00:02.164][INFO]: Adding 'thermal:press' recipe, with name: 'crafttweaker:decompress_andesite_7_to_6' that outputs: '<item:minecraft:air>'
[00:00:02.165][INFO]: Adding 'thermal:press' recipe, with name: 'crafttweaker:decompress_andesite_8_to_7' that outputs: '<item:minecraft:air>'
[00:00:02.165][INFO]: Adding 'thermal:press' recipe, with name: 'crafttweaker:decompress_andesite_9_to_8' that outputs: '<item:minecraft:air>'
[00:00:02.165][INFO]: Adding 'thermal:press' recipe, with name: 'crafttweaker:decompress_diorite_2_to_1' that outputs: '<item:minecraft:air>'
[00:00:02.165][INFO]: Adding 'thermal:press' recipe, with name: 'crafttweaker:decompress_diorite_3_to_2' that outputs: '<item:minecraft:air>'
[00:00:02.165][INFO]: Adding 'thermal:press' recipe, with name: 'crafttweaker:decompress_diorite_4_to_3' that outputs: '<item:minecraft:air>'
[00:00:02.165][INFO]: Adding 'thermal:press' recipe, with name: 'crafttweaker:decompress_diorite_5_to_4' that outputs: '<item:minecraft:air>'
[00:00:02.166][INFO]: Adding 'thermal:press' recipe, with name: 'crafttweaker:decompress_diorite_6_to_5' that outputs: '<item:minecraft:air>'
[00:00:02.166][INFO]: Adding 'thermal:press' recipe, with name: 'crafttweaker:decompress_diorite_7_to_6' that outputs: '<item:minecraft:air>'
[00:00:02.166][INFO]: Adding 'thermal:press' recipe, with name: 'crafttweaker:decompress_diorite_8_to_7' that outputs: '<item:minecraft:air>'
[00:00:02.166][INFO]: Adding 'thermal:press' recipe, with name: 'crafttweaker:decompress_diorite_9_to_8' that outputs: '<item:minecraft:air>'
[00:00:02.166][INFO]: Adding 'thermal:press' recipe, with name: 'crafttweaker:decompress_obsidian_2_to_1' that outputs: '<item:minecraft:air>'
[00:00:02.167][INFO]: Adding 'thermal:press' recipe, with name: 'crafttweaker:decompress_obsidian_3_to_2' that outputs: '<item:minecraft:air>'
[00:00:02.167][INFO]: Adding 'thermal:press' recipe, with name: 'crafttweaker:decompress_obsidian_4_to_3' that outputs: '<item:minecraft:air>'
[00:00:02.167][INFO]: Adding 'thermal:press' recipe, with name: 'crafttweaker:decompress_obsidian_5_to_4' that outputs: '<item:minecraft:air>'
[00:00:02.167][INFO]: Adding 'thermal:press' recipe, with name: 'crafttweaker:decompress_obsidian_6_to_5' that outputs: '<item:minecraft:air>'
[00:00:02.167][INFO]: Adding 'thermal:press' recipe, with name: 'crafttweaker:decompress_obsidian_7_to_6' that outputs: '<item:minecraft:air>'
[00:00:02.168][INFO]: Adding 'thermal:press' recipe, with name: 'crafttweaker:decompress_obsidian_8_to_7' that outputs: '<item:minecraft:air>'
[00:00:02.168][INFO]: Adding 'thermal:press' recipe, with name: 'crafttweaker:decompress_obsidian_9_to_8' that outputs: '<item:minecraft:air>'
[00:00:02.168][INFO]: Adding 'thermal:press' recipe, with name: 'crafttweaker:decompress_dirt_2_to_1' that outputs: '<item:minecraft:air>'
[00:00:02.168][INFO]: Adding 'thermal:press' recipe, with name: 'crafttweaker:decompress_dirt_3_to_2' that outputs: '<item:minecraft:air>'
[00:00:02.168][INFO]: Adding 'thermal:press' recipe, with name: 'crafttweaker:decompress_dirt_4_to_3' that outputs: '<item:minecraft:air>'
[00:00:02.169][INFO]: Adding 'thermal:press' recipe, with name: 'crafttweaker:decompress_dirt_5_to_4' that outputs: '<item:minecraft:air>'
[00:00:02.169][INFO]: Adding 'thermal:press' recipe, with name: 'crafttweaker:decompress_dirt_6_to_5' that outputs: '<item:minecraft:air>'
[00:00:02.169][INFO]: Adding 'thermal:press' recipe, with name: 'crafttweaker:decompress_dirt_7_to_6' that outputs: '<item:minecraft:air>'
[00:00:02.169][INFO]: Adding 'thermal:press' recipe, with name: 'crafttweaker:decompress_dirt_8_to_7' that outputs: '<item:minecraft:air>'
[00:00:02.169][INFO]: Adding 'thermal:press' recipe, with name: 'crafttweaker:decompress_dirt_9_to_8' that outputs: '<item:minecraft:air>'
[00:00:02.170][INFO]: Adding 'thermal:press' recipe, with name: 'crafttweaker:decompress_quartz_2_to_1' that outputs: '<item:minecraft:air>'
[00:00:02.170][INFO]: Adding 'thermal:press' recipe, with name: 'crafttweaker:decompress_quartz_3_to_2' that outputs: '<item:minecraft:air>'
[00:00:02.170][INFO]: Adding 'thermal:press' recipe, with name: 'crafttweaker:decompress_quartz_4_to_3' that outputs: '<item:minecraft:air>'
[00:00:02.170][INFO]: Adding 'thermal:press' recipe, with name: 'crafttweaker:decompress_quartz_5_to_4' that outputs: '<item:minecraft:air>'
[00:00:02.170][INFO]: Adding 'thermal:press' recipe, with name: 'crafttweaker:decompress_quartz_6_to_5' that outputs: '<item:minecraft:air>'
[00:00:02.170][INFO]: Adding 'thermal:press' recipe, with name: 'crafttweaker:decompress_quartz_7_to_6' that outputs: '<item:minecraft:air>'
[00:00:02.171][INFO]: Adding 'thermal:press' recipe, with name: 'crafttweaker:decompress_quartz_8_to_7' that outputs: '<item:minecraft:air>'
[00:00:02.171][INFO]: Adding 'thermal:press' recipe, with name: 'crafttweaker:decompress_quartz_9_to_8' that outputs: '<item:minecraft:air>'
[00:00:02.171][INFO]: Adding 'thermal:press' recipe, with name: 'crafttweaker:decompress_stone_2_to_1' that outputs: '<item:minecraft:air>'
[00:00:02.171][INFO]: Adding 'thermal:press' recipe, with name: 'crafttweaker:decompress_stone_3_to_2' that outputs: '<item:minecraft:air>'
[00:00:02.171][INFO]: Adding 'thermal:press' recipe, with name: 'crafttweaker:decompress_stone_4_to_3' that outputs: '<item:minecraft:air>'
[00:00:02.172][INFO]: Adding 'thermal:press' recipe, with name: 'crafttweaker:decompress_stone_5_to_4' that outputs: '<item:minecraft:air>'
[00:00:02.172][INFO]: Adding 'thermal:press' recipe, with name: 'crafttweaker:decompress_stone_6_to_5' that outputs: '<item:minecraft:air>'
[00:00:02.172][INFO]: Adding 'thermal:press' recipe, with name: 'crafttweaker:decompress_stone_7_to_6' that outputs: '<item:minecraft:air>'
[00:00:02.172][INFO]: Adding 'thermal:press' recipe, with name: 'crafttweaker:decompress_stone_8_to_7' that outputs: '<item:minecraft:air>'
[00:00:02.172][INFO]: Adding 'thermal:press' recipe, with name: 'crafttweaker:decompress_stone_9_to_8' that outputs: '<item:minecraft:air>'
[00:00:02.173][INFO]: Adding 'thermal:press' recipe, with name: 'crafttweaker:decompress_gravel_2_to_1' that outputs: '<item:minecraft:air>'
[00:00:02.173][INFO]: Adding 'thermal:press' recipe, with name: 'crafttweaker:decompress_gravel_3_to_2' that outputs: '<item:minecraft:air>'
[00:00:02.173][INFO]: Adding 'thermal:press' recipe, with name: 'crafttweaker:decompress_gravel_4_to_3' that outputs: '<item:minecraft:air>'
[00:00:02.173][INFO]: Adding 'thermal:press' recipe, with name: 'crafttweaker:decompress_gravel_5_to_4' that outputs: '<item:minecraft:air>'
[00:00:02.174][INFO]: Adding 'thermal:press' recipe, with name: 'crafttweaker:decompress_gravel_6_to_5' that outputs: '<item:minecraft:air>'
[00:00:02.174][INFO]: Adding 'thermal:press' recipe, with name: 'crafttweaker:decompress_gravel_7_to_6' that outputs: '<item:minecraft:air>'
[00:00:02.174][INFO]: Adding 'thermal:press' recipe, with name: 'crafttweaker:decompress_gravel_8_to_7' that outputs: '<item:minecraft:air>'
[00:00:02.174][INFO]: Adding 'thermal:press' recipe, with name: 'crafttweaker:decompress_gravel_9_to_8' that outputs: '<item:minecraft:air>'
[00:00:02.175][INFO]: Adding 'thermal:press' recipe, with name: 'crafttweaker:decompress_sand_2_to_1' that outputs: '<item:minecraft:air>'
[00:00:02.175][INFO]: Adding 'thermal:press' recipe, with name: 'crafttweaker:decompress_sand_3_to_2' that outputs: '<item:minecraft:air>'
[00:00:02.175][INFO]: Adding 'thermal:press' recipe, with name: 'crafttweaker:decompress_sand_4_to_3' that outputs: '<item:minecraft:air>'
[00:00:02.176][INFO]: Adding 'thermal:press' recipe, with name: 'crafttweaker:decompress_sand_5_to_4' that outputs: '<item:minecraft:air>'
[00:00:02.176][INFO]: Adding 'thermal:press' recipe, with name: 'crafttweaker:decompress_sand_6_to_5' that outputs: '<item:minecraft:air>'
[00:00:02.176][INFO]: Adding 'thermal:press' recipe, with name: 'crafttweaker:decompress_sand_7_to_6' that outputs: '<item:minecraft:air>'
[00:00:02.176][INFO]: Adding 'thermal:press' recipe, with name: 'crafttweaker:decompress_sand_8_to_7' that outputs: '<item:minecraft:air>'
[00:00:02.177][INFO]: Adding 'thermal:press' recipe, with name: 'crafttweaker:decompress_sand_9_to_8' that outputs: '<item:minecraft:air>'
[00:00:02.177][INFO]: Adding 'thermal:press' recipe, with name: 'crafttweaker:decompress_diamond_2_to_1' that outputs: '<item:minecraft:air>'
[00:00:02.177][INFO]: Adding 'thermal:press' recipe, with name: 'crafttweaker:decompress_diamond_3_to_2' that outputs: '<item:minecraft:air>'
[00:00:02.177][INFO]: Adding 'thermal:press' recipe, with name: 'crafttweaker:decompress_diamond_4_to_3' that outputs: '<item:minecraft:air>'
[00:00:02.177][INFO]: Adding 'thermal:press' recipe, with name: 'crafttweaker:decompress_diamond_5_to_4' that outputs: '<item:minecraft:air>'
[00:00:02.178][INFO]: Adding 'thermal:press' recipe, with name: 'crafttweaker:decompress_diamond_6_to_5' that outputs: '<item:minecraft:air>'
[00:00:02.178][INFO]: Adding 'thermal:press' recipe, with name: 'crafttweaker:decompress_diamond_7_to_6' that outputs: '<item:minecraft:air>'
[00:00:02.178][INFO]: Adding 'thermal:press' recipe, with name: 'crafttweaker:decompress_diamond_8_to_7' that outputs: '<item:minecraft:air>'
[00:00:02.178][INFO]: Adding 'thermal:press' recipe, with name: 'crafttweaker:decompress_diamond_9_to_8' that outputs: '<item:minecraft:air>'
[00:00:02.178][INFO]: Adding 'thermal:press' recipe, with name: 'crafttweaker:decompress_snow_2_to_1' that outputs: '<item:minecraft:air>'
[00:00:02.178][INFO]: Adding 'thermal:press' recipe, with name: 'crafttweaker:decompress_snow_3_to_2' that outputs: '<item:minecraft:air>'
[00:00:02.179][INFO]: Adding 'thermal:press' recipe, with name: 'crafttweaker:decompress_snow_4_to_3' that outputs: '<item:minecraft:air>'
[00:00:02.179][INFO]: Adding 'thermal:press' recipe, with name: 'crafttweaker:decompress_snow_5_to_4' that outputs: '<item:minecraft:air>'
[00:00:02.179][INFO]: Adding 'thermal:press' recipe, with name: 'crafttweaker:decompress_snow_6_to_5' that outputs: '<item:minecraft:air>'
[00:00:02.179][INFO]: Adding 'thermal:press' recipe, with name: 'crafttweaker:decompress_snow_7_to_6' that outputs: '<item:minecraft:air>'
[00:00:02.179][INFO]: Adding 'thermal:press' recipe, with name: 'crafttweaker:decompress_snow_8_to_7' that outputs: '<item:minecraft:air>'
[00:00:02.179][INFO]: Adding 'thermal:press' recipe, with name: 'crafttweaker:decompress_snow_9_to_8' that outputs: '<item:minecraft:air>'
[00:00:02.180][INFO]: Adding 'thermal:press' recipe, with name: 'crafttweaker:decompress_granite_2_to_1' that outputs: '<item:minecraft:air>'
[00:00:02.180][INFO]: Adding 'thermal:press' recipe, with name: 'crafttweaker:decompress_granite_3_to_2' that outputs: '<item:minecraft:air>'
[00:00:02.180][INFO]: Adding 'thermal:press' recipe, with name: 'crafttweaker:decompress_granite_4_to_3' that outputs: '<item:minecraft:air>'
[00:00:02.180][INFO]: Adding 'thermal:press' recipe, with name: 'crafttweaker:decompress_granite_5_to_4' that outputs: '<item:minecraft:air>'
[00:00:02.180][INFO]: Adding 'thermal:press' recipe, with name: 'crafttweaker:decompress_granite_6_to_5' that outputs: '<item:minecraft:air>'
[00:00:02.180][INFO]: Adding 'thermal:press' recipe, with name: 'crafttweaker:decompress_granite_7_to_6' that outputs: '<item:minecraft:air>'
[00:00:02.181][INFO]: Adding 'thermal:press' recipe, with name: 'crafttweaker:decompress_granite_8_to_7' that outputs: '<item:minecraft:air>'
[00:00:02.181][INFO]: Adding 'thermal:press' recipe, with name: 'crafttweaker:decompress_granite_9_to_8' that outputs: '<item:minecraft:air>'
[00:00:02.181][INFO]: Adding 'thermal:press' recipe, with name: 'crafttweaker:decompress_iron_2_to_1' that outputs: '<item:minecraft:air>'
[00:00:02.181][INFO]: Adding 'thermal:press' recipe, with name: 'crafttweaker:decompress_iron_3_to_2' that outputs: '<item:minecraft:air>'
[00:00:02.181][INFO]: Adding 'thermal:press' recipe, with name: 'crafttweaker:decompress_iron_4_to_3' that outputs: '<item:minecraft:air>'
[00:00:02.182][INFO]: Adding 'thermal:press' recipe, with name: 'crafttweaker:decompress_iron_5_to_4' that outputs: '<item:minecraft:air>'
[00:00:02.182][INFO]: Adding 'thermal:press' recipe, with name: 'crafttweaker:decompress_iron_6_to_5' that outputs: '<item:minecraft:air>'
[00:00:02.182][INFO]: Adding 'thermal:press' recipe, with name: 'crafttweaker:decompress_iron_7_to_6' that outputs: '<item:minecraft:air>'
[00:00:02.182][INFO]: Adding 'thermal:press' recipe, with name: 'crafttweaker:decompress_iron_8_to_7' that outputs: '<item:minecraft:air>'
[00:00:02.182][INFO]: Adding 'thermal:press' recipe, with name: 'crafttweaker:decompress_iron_9_to_8' that outputs: '<item:minecraft:air>'
[00:00:02.182][INFO]: Adding 'thermal:press' recipe, with name: 'crafttweaker:decompress_coal_2_to_1' that outputs: '<item:minecraft:air>'
[00:00:02.183][INFO]: Adding 'thermal:press' recipe, with name: 'crafttweaker:decompress_coal_3_to_2' that outputs: '<item:minecraft:air>'
[00:00:02.183][INFO]: Adding 'thermal:press' recipe, with name: 'crafttweaker:decompress_coal_4_to_3' that outputs: '<item:minecraft:air>'
[00:00:02.183][INFO]: Adding 'thermal:press' recipe, with name: 'crafttweaker:decompress_coal_5_to_4' that outputs: '<item:minecraft:air>'
[00:00:02.183][INFO]: Adding 'thermal:press' recipe, with name: 'crafttweaker:decompress_coal_6_to_5' that outputs: '<item:minecraft:air>'
[00:00:02.183][INFO]: Adding 'thermal:press' recipe, with name: 'crafttweaker:decompress_coal_7_to_6' that outputs: '<item:minecraft:air>'
[00:00:02.183][INFO]: Adding 'thermal:press' recipe, with name: 'crafttweaker:decompress_coal_8_to_7' that outputs: '<item:minecraft:air>'
[00:00:02.184][INFO]: Adding 'thermal:press' recipe, with name: 'crafttweaker:decompress_coal_9_to_8' that outputs: '<item:minecraft:air>'
[00:00:02.184][INFO]: Adding 'thermal:press' recipe, with name: 'crafttweaker:decompress_emerald_2_to_1' that outputs: '<item:minecraft:air>'
[00:00:02.184][INFO]: Adding 'thermal:press' recipe, with name: 'crafttweaker:decompress_emerald_3_to_2' that outputs: '<item:minecraft:air>'
[00:00:02.184][INFO]: Adding 'thermal:press' recipe, with name: 'crafttweaker:decompress_emerald_4_to_3' that outputs: '<item:minecraft:air>'
[00:00:02.184][INFO]: Adding 'thermal:press' recipe, with name: 'crafttweaker:decompress_emerald_5_to_4' that outputs: '<item:minecraft:air>'
[00:00:02.184][INFO]: Adding 'thermal:press' recipe, with name: 'crafttweaker:decompress_emerald_6_to_5' that outputs: '<item:minecraft:air>'
[00:00:02.184][INFO]: Adding 'thermal:press' recipe, with name: 'crafttweaker:decompress_emerald_7_to_6' that outputs: '<item:minecraft:air>'
[00:00:02.185][INFO]: Adding 'thermal:press' recipe, with name: 'crafttweaker:decompress_emerald_8_to_7' that outputs: '<item:minecraft:air>'
[00:00:02.185][INFO]: Adding 'thermal:press' recipe, with name: 'crafttweaker:decompress_emerald_9_to_8' that outputs: '<item:minecraft:air>'
[00:00:02.185][INFO]: Adding 'thermal:press' recipe, with name: 'crafttweaker:decompress_soulsand_2_to_1' that outputs: '<item:minecraft:air>'
[00:00:02.185][INFO]: Adding 'thermal:press' recipe, with name: 'crafttweaker:decompress_soulsand_3_to_2' that outputs: '<item:minecraft:air>'
[00:00:02.185][INFO]: Adding 'thermal:press' recipe, with name: 'crafttweaker:decompress_soulsand_4_to_3' that outputs: '<item:minecraft:air>'
[00:00:02.186][INFO]: Adding 'thermal:press' recipe, with name: 'crafttweaker:decompress_soulsand_5_to_4' that outputs: '<item:minecraft:air>'
[00:00:02.186][INFO]: Adding 'thermal:press' recipe, with name: 'crafttweaker:decompress_soulsand_6_to_5' that outputs: '<item:minecraft:air>'
[00:00:02.186][INFO]: Adding 'thermal:press' recipe, with name: 'crafttweaker:decompress_soulsand_7_to_6' that outputs: '<item:minecraft:air>'
[00:00:02.186][INFO]: Adding 'thermal:press' recipe, with name: 'crafttweaker:decompress_soulsand_8_to_7' that outputs: '<item:minecraft:air>'
[00:00:02.186][INFO]: Adding 'thermal:press' recipe, with name: 'crafttweaker:decompress_soulsand_9_to_8' that outputs: '<item:minecraft:air>'
[00:00:02.187][INFO]: Adding 'thermal:press' recipe, with name: 'crafttweaker:decompress_redstone_2_to_1' that outputs: '<item:minecraft:air>'
[00:00:02.187][INFO]: Adding 'thermal:press' recipe, with name: 'crafttweaker:decompress_redstone_3_to_2' that outputs: '<item:minecraft:air>'
[00:00:02.187][INFO]: Adding 'thermal:press' recipe, with name: 'crafttweaker:decompress_redstone_4_to_3' that outputs: '<item:minecraft:air>'
[00:00:02.187][INFO]: Adding 'thermal:press' recipe, with name: 'crafttweaker:decompress_redstone_5_to_4' that outputs: '<item:minecraft:air>'
[00:00:02.187][INFO]: Adding 'thermal:press' recipe, with name: 'crafttweaker:decompress_redstone_6_to_5' that outputs: '<item:minecraft:air>'
[00:00:02.187][INFO]: Adding 'thermal:press' recipe, with name: 'crafttweaker:decompress_redstone_7_to_6' that outputs: '<item:minecraft:air>'
[00:00:02.188][INFO]: Adding 'thermal:press' recipe, with name: 'crafttweaker:decompress_redstone_8_to_7' that outputs: '<item:minecraft:air>'
[00:00:02.188][INFO]: Adding 'thermal:press' recipe, with name: 'crafttweaker:decompress_redstone_9_to_8' that outputs: '<item:minecraft:air>'
[00:00:02.188][INFO]: Adding 'thermal:press' recipe, with name: 'crafttweaker:decompress_redsand_1_to_vanilla' that outputs: '<item:minecraft:air>'
[00:00:02.188][INFO]: Adding 'thermal:press' recipe, with name: 'crafttweaker:decompress_clay_1_to_vanilla' that outputs: '<item:minecraft:air>'
[00:00:02.188][INFO]: Adding 'thermal:press' recipe, with name: 'crafttweaker:decompress_netherite_1_to_vanilla' that outputs: '<item:minecraft:air>'
[00:00:02.188][INFO]: Adding 'thermal:press' recipe, with name: 'crafttweaker:decompress_gold_1_to_vanilla' that outputs: '<item:minecraft:air>'
[00:00:02.189][INFO]: Adding 'thermal:press' recipe, with name: 'crafttweaker:decompress_cobblestone_1_to_vanilla' that outputs: '<item:minecraft:air>'
[00:00:02.189][INFO]: Adding 'thermal:press' recipe, with name: 'crafttweaker:decompress_endstone_1_to_vanilla' that outputs: '<item:minecraft:air>'
[00:00:02.189][INFO]: Adding 'thermal:press' recipe, with name: 'crafttweaker:decompress_copper_1_to_vanilla' that outputs: '<item:minecraft:air>'
[00:00:02.189][INFO]: Adding 'thermal:press' recipe, with name: 'crafttweaker:decompress_lapis_1_to_vanilla' that outputs: '<item:minecraft:air>'
[00:00:02.189][INFO]: Adding 'thermal:press' recipe, with name: 'crafttweaker:decompress_netherrack_1_to_vanilla' that outputs: '<item:minecraft:air>'
[00:00:02.190][INFO]: Adding 'thermal:press' recipe, with name: 'crafttweaker:decompress_andesite_1_to_vanilla' that outputs: '<item:minecraft:air>'
[00:00:02.190][INFO]: Adding 'thermal:press' recipe, with name: 'crafttweaker:decompress_diorite_1_to_vanilla' that outputs: '<item:minecraft:air>'
[00:00:02.190][INFO]: Adding 'thermal:press' recipe, with name: 'crafttweaker:decompress_obsidian_1_to_vanilla' that outputs: '<item:minecraft:air>'
[00:00:02.190][INFO]: Adding 'thermal:press' recipe, with name: 'crafttweaker:decompress_dirt_1_to_vanilla' that outputs: '<item:minecraft:air>'
[00:00:02.190][INFO]: Adding 'thermal:press' recipe, with name: 'crafttweaker:decompress_quartz_1_to_vanilla' that outputs: '<item:minecraft:air>'
[00:00:02.190][INFO]: Adding 'thermal:press' recipe, with name: 'crafttweaker:decompress_stone_1_to_vanilla' that outputs: '<item:minecraft:air>'
[00:00:02.191][INFO]: Adding 'thermal:press' recipe, with name: 'crafttweaker:decompress_gravel_1_to_vanilla' that outputs: '<item:minecraft:air>'
[00:00:02.191][INFO]: Adding 'thermal:press' recipe, with name: 'crafttweaker:decompress_sand_1_to_vanilla' that outputs: '<item:minecraft:air>'
[00:00:02.191][INFO]: Adding 'thermal:press' recipe, with name: 'crafttweaker:decompress_diamond_1_to_vanilla' that outputs: '<item:minecraft:air>'
[00:00:02.191][INFO]: Adding 'thermal:press' recipe, with name: 'crafttweaker:decompress_snow_1_to_vanilla' that outputs: '<item:minecraft:air>'
[00:00:02.191][INFO]: Adding 'thermal:press' recipe, with name: 'crafttweaker:decompress_granite_1_to_vanilla' that outputs: '<item:minecraft:air>'
[00:00:02.191][INFO]: Adding 'thermal:press' recipe, with name: 'crafttweaker:decompress_iron_1_to_vanilla' that outputs: '<item:minecraft:air>'
[00:00:02.192][INFO]: Adding 'thermal:press' recipe, with name: 'crafttweaker:decompress_coal_1_to_vanilla' that outputs: '<item:minecraft:air>'
[00:00:02.192][INFO]: Adding 'thermal:press' recipe, with name: 'crafttweaker:decompress_emerald_1_to_vanilla' that outputs: '<item:minecraft:air>'
[00:00:02.192][INFO]: Adding 'thermal:press' recipe, with name: 'crafttweaker:decompress_soulsand_1_to_vanilla' that outputs: '<item:minecraft:air>'
[00:00:02.192][INFO]: Adding 'thermal:press' recipe, with name: 'crafttweaker:decompress_redstone_1_to_vanilla' that outputs: '<item:minecraft:air>'
[00:00:02.192][INFO]: Adding 'minecraft:crafting' recipe, of type: "shaped", with name: 'crafttweaker:cookingforblockheads_sink' that outputs: '<item:cookingforblockheads:sink>'
[00:00:02.193][INFO]: Adding 'create:crushing' recipe, with name: 'crafttweaker:crushed_vaultstone_to_rock' that outputs: '<item:the_vault:vault_rock>'
[00:00:02.194][INFO]: Adding 'create:crushing' recipe, with name: 'crafttweaker:chromatic_ore_to_dust' that outputs: '<item:the_vault:chromatic_iron_dust> * 2'
[00:00:02.194][INFO]: Adding 'create:crushing' recipe, with name: 'crafttweaker:chromatic_raw_to_dust' that outputs: '<item:the_vault:chromatic_iron_dust> * 2'
[00:00:02.194][INFO]: Adding 'create:crushing' recipe, with name: 'crafttweaker:raw_chromatic_block_to_dust' that outputs: '<item:the_vault:chromatic_iron_dust> * 18'
[00:00:02.194][INFO]: Adding 'create:cutting' recipe, with name: 'crafttweaker:crushed' that outputs: '<item:create:shaft> * 2'
[00:00:02.195][INFO]: Adding 'create:deploying' recipe, with name: 'crafttweaker:cogwheel' that outputs: '<item:create:cogwheel>'
[00:00:02.195][INFO]: Adding 'create:deploying' recipe, with name: 'crafttweaker:large_cogwheel' that outputs: '<item:create:large_cogwheel>'
[00:00:02.195][INFO]: Adding 'create:deploying' recipe, with name: 'crafttweaker:andesite_casing' that outputs: '<item:create:andesite_casing>'
[00:00:02.196][INFO]: Adding 'create:item_application' recipe, with name: 'crafttweaker:andesite_casing_in_world' that outputs: '<item:create:andesite_casing>'
[00:00:02.196][INFO]: Adding 'create:deploying' recipe, with name: 'crafttweaker:brass_casing' that outputs: '<item:create:brass_casing>'
[00:00:02.196][INFO]: Adding 'create:item_application' recipe, with name: 'crafttweaker:brass_casing_in_world' that outputs: '<item:create:brass_casing>'
[00:00:02.196][INFO]: Adding 'create:deploying' recipe, with name: 'crafttweaker:copper_casing' that outputs: '<item:create:copper_casing>'
[00:00:02.197][INFO]: Adding 'create:item_application' recipe, with name: 'crafttweaker:copper_casing_in_world' that outputs: '<item:create:copper_casing>'
[00:00:02.197][INFO]: Adding 'create:item_application' recipe, with name: 'crafttweaker:track_signal' that outputs: '<item:create:track_signal>'
[00:00:02.197][INFO]: Adding 'create:item_application' recipe, with name: 'crafttweaker:track_station' that outputs: '<item:create:track_station>'
[00:00:02.201][INFO]: Adding 'create:sequenced_assembly' recipe, with name: 'crafttweaker:sequenced_assembly/seq_blast_brick' that outputs: '<item:create:track> * 64'
[00:00:02.202][INFO]: Adding 'minecraft:crafting' recipe, of type: "shapeless", with name: 'crafttweaker:create_andesite_alloy' that outputs: '<item:create:andesite_alloy> * 2'
[00:00:02.202][INFO]: Adding 'minecraft:crafting' recipe, of type: "shaped", with name: 'crafttweaker:create_shaft' that outputs: '<item:create:shaft> * 5'
[00:00:02.202][INFO]: Adding 'minecraft:crafting' recipe, of type: "shaped", with name: 'crafttweaker:create_belt' that outputs: '<item:create:belt_connector>'
[00:00:02.202][INFO]: Adding 'minecraft:crafting' recipe, of type: "shapeless", with name: 'crafttweaker:create_cogwheel_shapeless' that outputs: '<item:create:cogwheel>'
[00:00:02.203][INFO]: Adding 'minecraft:crafting' recipe, of type: "shapeless", with name: 'crafttweaker:create_large_cogwheel_shapeless' that outputs: '<item:create:large_cogwheel>'
[00:00:02.203][INFO]: Adding 'minecraft:crafting' recipe, of type: "shapeless", with name: 'crafttweaker:create_large_cogwheel_shapeless2' that outputs: '<item:create:large_cogwheel>'
[00:00:02.203][INFO]: Adding 'minecraft:crafting' recipe, of type: "shaped", with name: 'crafttweaker:create_hand_crank' that outputs: '<item:create:hand_crank>'
[00:00:02.203][INFO]: Adding 'minecraft:crafting' recipe, of type: "shaped", with name: 'crafttweaker:create_crushing_wheel' that outputs: '<item:create:crushing_wheel>'
[00:00:02.204][INFO]: Adding 'minecraft:crafting' recipe, of type: "shaped", with name: 'crafttweaker:create_cart_assembler' that outputs: '<item:create:cart_assembler>'
[00:00:02.204][INFO]: Adding 'minecraft:crafting' recipe, of type: "shaped", with name: 'crafttweaker:create_electron_tube' that outputs: '<item:create:electron_tube>'
[00:00:02.204][INFO]: Adding 'minecraft:crafting' recipe, of type: "shaped", with name: 'crafttweaker:create_chute' that outputs: '<item:create:chute> * 2'
[00:00:02.204][INFO]: Adding 'minecraft:crafting' recipe, of type: "shaped", with name: 'crafttweaker:create_smart_chute' that outputs: '<item:create:smart_chute>'
[00:00:02.204][INFO]: Adding 'minecraft:crafting' recipe, of type: "shaped", with name: 'crafttweaker:create_waterwheel' that outputs: '<item:create:water_wheel>'
[00:00:02.205][INFO]: Adding 'minecraft:crafting' recipe, of type: "shaped", with name: 'crafttweaker:create_large_waterwheel' that outputs: '<item:create:large_water_wheel>'
[00:00:02.205][INFO]: Adding 'minecraft:crafting' recipe, of type: "shaped", with name: 'crafttweaker:create_basin' that outputs: '<item:create:basin>'
[00:00:02.205][INFO]: Adding 'minecraft:crafting' recipe, of type: "shaped", with name: 'crafttweaker:create_mechanical_bearing' that outputs: '<item:create:mechanical_bearing>'
[00:00:02.205][INFO]: Adding 'minecraft:crafting' recipe, of type: "shaped", with name: 'crafttweaker:create_linear_chassis' that outputs: '<item:create:linear_chassis> * 2'
[00:00:02.205][INFO]: Adding 'minecraft:crafting' recipe, of type: "shapeless", with name: 'crafttweaker:create_linear_chassis_shapeless' that outputs: '<item:create:linear_chassis>'
[00:00:02.205][INFO]: Adding 'minecraft:crafting' recipe, of type: "shaped", with name: 'crafttweaker:create_radial_chassis' that outputs: '<item:create:radial_chassis> * 2'
[00:00:02.206][INFO]: Adding 'minecraft:crafting' recipe, of type: "shaped", with name: 'crafttweaker:create_mechanical_piston' that outputs: '<item:create:mechanical_piston>'
[00:00:02.206][INFO]: Adding 'minecraft:crafting' recipe, of type: "shaped", with name: 'crafttweaker:create_piston_extension_pole' that outputs: '<item:create:piston_extension_pole>'
[00:00:02.206][INFO]: Adding 'minecraft:crafting' recipe, of type: "shapeless", with name: 'crafttweaker:create_sticky_mechanical_piston' that outputs: '<item:create:sticky_mechanical_piston>'
[00:00:02.207][INFO]: Adding 'minecraft:crafting' recipe, of type: "shaped", with name: 'crafttweaker:create_empty_blaze_burner' that outputs: '<item:create:empty_blaze_burner>'
[00:00:02.207][INFO]: Adding 'minecraft:crafting' recipe, of type: "shaped", with name: 'crafttweaker:create_wrench' that outputs: '<item:create:wrench>'
[00:00:02.207][INFO]: Adding 'minecraft:crafting' recipe, of type: "shaped", with name: 'crafttweaker:create_gantry_shaft' that outputs: '<item:create:gantry_shaft> * 2'
[00:00:02.207][INFO]: Adding 'minecraft:crafting' recipe, of type: "shaped", with name: 'crafttweaker:create_rotation_speed_controller' that outputs: '<item:create:rotation_speed_controller>'
[00:00:02.208][INFO]: Adding 'minecraft:crafting' recipe, of type: "shaped", with name: 'crafttweaker:createwindmill_bearing' that outputs: '<item:create:windmill_bearing>'
[00:00:02.208][INFO]: Adding 'minecraft:crafting' recipe, of type: "shaped", with name: 'crafttweaker:create_gantry_carriage' that outputs: '<item:create:gantry_carriage>'
[00:00:02.208][INFO]: Adding 'minecraft:crafting' recipe, of type: "shaped", with name: 'crafttweaker:create_steam_engine' that outputs: '<item:create:steam_engine>'
[00:00:02.208][INFO]: Adding 'minecraft:crafting' recipe, of type: "shaped", with name: 'crafttweaker:create_vault' that outputs: '<item:create:item_vault> * 3'
[00:00:02.209][INFO]: Adding 'create:mixing' recipe, with name: 'crafttweaker:mixing_healing_potion' that outputs: '<item:minecraft:air>'
[00:00:02.209][INFO]: Adding 'create:mixing' recipe, with name: 'crafttweaker:mixing_healing_potion_2' that outputs: '<item:minecraft:air>'
[00:00:02.210][INFO]: Adding 'minecraft:crafting' recipe, of type: "shapeless", with name: 'crafttweaker:create_veridium_shapeless' that outputs: '<item:create:veridium> * 2'
[00:00:02.210][INFO]: Adding 'minecraft:crafting' recipe, of type: "shapeless", with name: 'crafttweaker:create_crimsite_shapeless' that outputs: '<item:create:crimsite> * 2'
[00:00:02.210][INFO]: Adding 'minecraft:crafting' recipe, of type: "shapeless", with name: 'crafttweaker:create_ochrum_shapeless' that outputs: '<item:create:ochrum> * 2'
[00:00:02.210][INFO]: Adding 'minecraft:crafting' recipe, of type: "shapeless", with name: 'crafttweaker:create_asurine_shapeless' that outputs: '<item:create:asurine> * 2'
[00:00:02.210][INFO]: Adding 'minecraft:crafting' recipe, of type: "shapeless", with name: 'crafttweaker:create_limestone_shapeless' that outputs: '<item:create:limestone> * 2'
[00:00:02.210][INFO]: Adding 'minecraft:crafting' recipe, of type: "shaped", with name: 'crafttweaker:create_schematicannon' that outputs: '<item:create:schematicannon>'
[00:00:02.211][INFO]: Adding 'minecraft:crafting' recipe, of type: "shaped", with name: 'crafttweaker:create_schematic_table' that outputs: '<item:create:schematic_table>'
[00:00:02.211][INFO]: Adding 'minecraft:crafting' recipe, of type: "shapeless", with name: 'crafttweaker:create_empty_schematic' that outputs: '<item:create:empty_schematic>'
[00:00:02.211][INFO]: Adding 'minecraft:crafting' recipe, of type: "shapeless", with name: 'crafttweaker:create_andesite_alloy_unpack' that outputs: '<item:create:andesite_alloy> * 9'
[00:00:02.212][INFO]: Adding 'create:sequenced_assembly' recipe, with name: 'crafttweaker:sequenced_assembly/seq_ashium_key' that outputs: '<item:the_vault:key_ashium>'
[00:00:02.212][INFO]: Adding 'create:sequenced_assembly' recipe, with name: 'crafttweaker:sequenced_assembly/seq_gorginite_key' that outputs: '<item:the_vault:key_gorginite>'
[00:00:02.212][INFO]: Adding 'create:sequenced_assembly' recipe, with name: 'crafttweaker:sequenced_assembly/seq_tubium_key' that outputs: '<item:the_vault:key_tubium>'
[00:00:02.212][INFO]: Adding 'create:sequenced_assembly' recipe, with name: 'crafttweaker:sequenced_assembly/seq_iskallium_key' that outputs: '<item:the_vault:key_iskallium>'
[00:00:02.213][INFO]: Adding 'create:sequenced_assembly' recipe, with name: 'crafttweaker:sequenced_assembly/seq_petzanite_key' that outputs: '<item:the_vault:key_petzanite>'
[00:00:02.213][INFO]: Adding 'create:sequenced_assembly' recipe, with name: 'crafttweaker:sequenced_assembly/seq_upaline_key' that outputs: '<item:the_vault:key_upaline>'
[00:00:02.213][INFO]: Adding 'create:sequenced_assembly' recipe, with name: 'crafttweaker:sequenced_assembly/seq_sparkletine_key' that outputs: '<item:the_vault:key_sparkletine>'
[00:00:02.214][INFO]: Adding 'create:sequenced_assembly' recipe, with name: 'crafttweaker:sequenced_assembly/seq_xenium_key' that outputs: '<item:the_vault:key_xenium>'
[00:00:02.214][INFO]: Adding 'create:sequenced_assembly' recipe, with name: 'crafttweaker:sequenced_assembly/seq_bomignite_key' that outputs: '<item:the_vault:key_bomignite>'
[00:00:02.214][INFO]: Adding 'minecraft:crafting' recipe, of type: "shaped", with name: 'crafttweaker:create_attribute_filter' that outputs: '<item:create:attribute_filter>'
[00:00:02.214][INFO]: Adding 'minecraft:crafting' recipe, of type: "shaped", with name: 'crafttweaker:create_addon_electric_motor' that outputs: '<item:createaddition:electric_motor>'
[00:00:02.215][INFO]: Adding 'minecraft:crafting' recipe, of type: "shaped", with name: 'crafttweaker:create_addon_alternator' that outputs: '<item:createaddition:alternator>'
[00:00:02.215][INFO]: Adding 'minecraft:crafting' recipe, of type: "shaped", with name: 'crafttweaker:create_addon_tesla_coil' that outputs: '<item:createaddition:tesla_coil>'
[00:00:02.215][INFO]: Adding 'create:sequenced_assembly' recipe, with name: 'crafttweaker:sequenced_assembly/seq_railways_birch_track' that outputs: '<item:railways:track_birch>'
[00:00:02.216][INFO]: Adding 'create:sequenced_assembly' recipe, with name: 'crafttweaker:sequenced_assembly/seq_railways_tieless_track' that outputs: '<item:railways:track_tieless>'
[00:00:02.216][INFO]: Adding 'create:sequenced_assembly' recipe, with name: 'crafttweaker:sequenced_assembly/seq_railways_ender_track' that outputs: '<item:railways:track_ender>'
[00:00:02.216][INFO]: Adding 'create:sequenced_assembly' recipe, with name: 'crafttweaker:sequenced_assembly/seq_railways_monorail_track' that outputs: '<item:railways:track_monorail>'
[00:00:02.216][INFO]: Adding 'create:sequenced_assembly' recipe, with name: 'crafttweaker:sequenced_assembly/seq_railways_phantom_track' that outputs: '<item:railways:track_phantom>'
[00:00:02.217][INFO]: Adding 'create:sequenced_assembly' recipe, with name: 'crafttweaker:sequenced_assembly/seq_railways_crimson_track' that outputs: '<item:railways:track_crimson>'
[00:00:02.217][INFO]: Adding 'create:sequenced_assembly' recipe, with name: 'crafttweaker:sequenced_assembly/seq_railways_oak_track' that outputs: '<item:railways:track_oak>'
[00:00:02.217][INFO]: Adding 'create:sequenced_assembly' recipe, with name: 'crafttweaker:sequenced_assembly/seq_railways_acacia_track' that outputs: '<item:railways:track_acacia>'
[00:00:02.217][INFO]: Adding 'create:sequenced_assembly' recipe, with name: 'crafttweaker:sequenced_assembly/seq_railways_warped_track' that outputs: '<item:railways:track_warped>'
[00:00:02.218][INFO]: Adding 'create:sequenced_assembly' recipe, with name: 'crafttweaker:sequenced_assembly/seq_railways_dark_oak_track' that outputs: '<item:railways:track_dark_oak>'
[00:00:02.218][INFO]: Adding 'create:sequenced_assembly' recipe, with name: 'crafttweaker:sequenced_assembly/seq_railways_jungle_track' that outputs: '<item:railways:track_jungle>'
[00:00:02.218][INFO]: Adding 'create:sequenced_assembly' recipe, with name: 'crafttweaker:sequenced_assembly/seq_railways_blackstone_track' that outputs: '<item:railways:track_blackstone>'
[00:00:02.219][INFO]: Adding 'create:sequenced_assembly' recipe, with name: 'crafttweaker:sequenced_assembly/seq_railways_spruce_track' that outputs: '<item:railways:track_spruce>'
[00:00:02.219][INFO]: Adding 'minecraft:crafting' recipe, of type: "shaped", with name: 'crafttweaker:creeperpower_basic_creeper_capsule' that outputs: '<item:creeperpower:basic_creeper_capsule>'
[00:00:02.219][INFO]: Adding 'minecraft:crafting' recipe, of type: "shaped", with name: 'crafttweaker:creeperpower_stable_creeper_capsule' that outputs: '<item:creeperpower:stable_creeper_capsule>'
[00:00:02.219][INFO]: Adding 'minecraft:crafting' recipe, of type: "shaped", with name: 'crafttweaker:creeperpower_basic_blast_chamber' that outputs: '<item:creeperpower:basic_blast_chamber>'
[00:00:02.220][INFO]: Adding 'minecraft:crafting' recipe, of type: "shaped", with name: 'crafttweaker:creeperpower_reinforced_blast_chamber' that outputs: '<item:creeperpower:reinforced_blast_chamber>'
[00:00:02.220][INFO]: Adding 'minecraft:crafting' recipe, of type: "shaped", with name: 'crafttweaker:creeperpower_experimental_blast_chamber' that outputs: '<item:creeperpower:experimental_blast_chamber>'
[00:00:02.220][INFO]: Adding 'minecraft:crafting' recipe, of type: "shaped", with name: 'crafttweaker:creeperpower_nuke' that outputs: '<item:creeperpower:nuke>'
[00:00:02.220][INFO]: Adding 'minecraft:stonecutting' recipe, with name: 'crafttweaker:darkutils_blank_plate' that outputs: '<item:darkutils:blank_plate>'
[00:00:02.220][INFO]: Adding 'minecraft:crafting' recipe, of type: "shaped", with name: 'crafttweaker:darkutils_vector_plate' that outputs: '<item:darkutils:vector_plate> * 4'
[00:00:02.221][INFO]: Adding 'minecraft:crafting' recipe, of type: "shaped", with name: 'crafttweaker:darkutils_vector_plate_fast' that outputs: '<item:darkutils:vector_plate_fast> * 6'
[00:00:02.221][INFO]: Adding 'minecraft:crafting' recipe, of type: "shaped", with name: 'crafttweaker:darkutils_vector_plate_extreme' that outputs: '<item:darkutils:vector_plate_extreme> * 6'
[00:00:02.221][INFO]: Adding 'minecraft:crafting' recipe, of type: "shaped", with name: 'crafttweaker:darkutils_vector_plate_ultra' that outputs: '<item:darkutils:vector_plate_ultra> * 4'
[00:00:02.221][INFO]: Adding 'minecraft:crafting' recipe, of type: "shaped", with name: 'crafttweaker:darkutils_damage_plate' that outputs: '<item:darkutils:damage_plate>'
[00:00:02.221][INFO]: Adding 'minecraft:crafting' recipe, of type: "shaped", with name: 'crafttweaker:darkutils_damage_plate_player' that outputs: '<item:darkutils:damage_plate_player>'
[00:00:02.224][INFO]: Registering new items tag with name <tag:items:drawers:drawers>
[00:00:02.226][INFO]: Adding: [storagedrawers:oak_full_drawers_1, storagedrawers:oak_full_drawers_2, storagedrawers:oak_full_drawers_4, storagedrawers:oak_half_drawers_1, storagedrawers:oak_half_drawers_2, storagedrawers:oak_half_drawers_4, storagedrawers:spruce_full_drawers_1, storagedrawers:spruce_full_drawers_2, storagedrawers:spruce_full_drawers_4, storagedrawers:spruce_half_drawers_1, storagedrawers:spruce_half_drawers_2, storagedrawers:spruce_half_drawers_4, storagedrawers:birch_full_drawers_1, storagedrawers:birch_full_drawers_2, storagedrawers:birch_full_drawers_4, storagedrawers:birch_half_drawers_1, storagedrawers:birch_half_drawers_2, storagedrawers:birch_half_drawers_4, storagedrawers:jungle_full_drawers_1, storagedrawers:jungle_full_drawers_2, storagedrawers:jungle_full_drawers_4, storagedrawers:jungle_half_drawers_1, storagedrawers:jungle_half_drawers_2, storagedrawers:jungle_half_drawers_4, storagedrawers:acacia_full_drawers_1, storagedrawers:acacia_full_drawers_2, storagedrawers:acacia_full_drawers_4, storagedrawers:acacia_half_drawers_1, storagedrawers:acacia_half_drawers_2, storagedrawers:acacia_half_drawers_4, storagedrawers:dark_oak_full_drawers_1, storagedrawers:dark_oak_full_drawers_2, storagedrawers:dark_oak_full_drawers_4, storagedrawers:dark_oak_half_drawers_1, storagedrawers:dark_oak_half_drawers_2, storagedrawers:dark_oak_half_drawers_4, storagedrawers:crimson_full_drawers_1, storagedrawers:crimson_full_drawers_2, storagedrawers:crimson_full_drawers_4, storagedrawers:crimson_half_drawers_1, storagedrawers:crimson_half_drawers_2, storagedrawers:crimson_half_drawers_4, storagedrawers:warped_full_drawers_1, storagedrawers:warped_full_drawers_2, storagedrawers:warped_full_drawers_4, storagedrawers:warped_half_drawers_1, storagedrawers:warped_half_drawers_2, storagedrawers:warped_half_drawers_4, framedcompactdrawers:framed_compact_drawer, framedcompactdrawers:framed_drawer_controller, framedcompactdrawers:framed_slave, framedcompactdrawers:framed_full_one, framedcompactdrawers:framed_full_two, framedcompactdrawers:framed_full_four, framedcompactdrawers:framed_half_one, framedcompactdrawers:framed_half_two, framedcompactdrawers:framed_half_four] to tag: <tag:items:drawers:drawers>
[00:00:02.227][INFO]: Adding 'minecraft:crafting' recipe, of type: "shaped", with name: 'crafttweaker:storagedrawers_dark_oak_full_drawers_1' that outputs: '<item:storagedrawers:dark_oak_full_drawers_1>'
[00:00:02.227][INFO]: Adding 'minecraft:crafting' recipe, of type: "shaped", with name: 'crafttweaker:storagedrawers_dark_oak_full_drawers_2' that outputs: '<item:storagedrawers:dark_oak_full_drawers_2>'
[00:00:02.227][INFO]: Adding 'minecraft:crafting' recipe, of type: "shaped", with name: 'crafttweaker:storagedrawers_dark_oak_full_drawers_4' that outputs: '<item:storagedrawers:dark_oak_full_drawers_4>'
[00:00:02.227][INFO]: Adding 'minecraft:crafting' recipe, of type: "shaped", with name: 'crafttweaker:storagedrawers_dark_oak_half_drawers_1' that outputs: '<item:storagedrawers:dark_oak_half_drawers_1>'
[00:00:02.228][INFO]: Adding 'minecraft:crafting' recipe, of type: "shaped", with name: 'crafttweaker:storagedrawers_dark_oak_half_drawers_2' that outputs: '<item:storagedrawers:dark_oak_half_drawers_2>'
[00:00:02.228][INFO]: Adding 'minecraft:crafting' recipe, of type: "shaped", with name: 'crafttweaker:storagedrawers_dark_oak_half_drawers_4' that outputs: '<item:storagedrawers:dark_oak_half_drawers_4>'
[00:00:02.228][INFO]: Adding 'minecraft:crafting' recipe, of type: "shaped", with name: 'crafttweaker:frameddark_oak_storage_drawer' that outputs: '<item:framedcompactdrawers:framed_full_one>'
[00:00:02.228][INFO]: Adding 'minecraft:crafting' recipe, of type: "shaped", with name: 'crafttweaker:frameddark_oak_storage_drawer_2' that outputs: '<item:framedcompactdrawers:framed_full_two>'
[00:00:02.228][INFO]: Adding 'minecraft:crafting' recipe, of type: "shaped", with name: 'crafttweaker:frameddark_oak_storage_drawer_4' that outputs: '<item:framedcompactdrawers:framed_full_four>'
[00:00:02.228][INFO]: Adding 'minecraft:crafting' recipe, of type: "shaped", with name: 'crafttweaker:frameddark_oak_half_drawer' that outputs: '<item:framedcompactdrawers:framed_half_one>'
[00:00:02.229][INFO]: Adding 'minecraft:crafting' recipe, of type: "shaped", with name: 'crafttweaker:frameddark_oak_half_drawer_2' that outputs: '<item:framedcompactdrawers:framed_half_two>'
[00:00:02.229][INFO]: Adding 'minecraft:crafting' recipe, of type: "shaped", with name: 'crafttweaker:frameddark_oak_half_drawer_4' that outputs: '<item:framedcompactdrawers:framed_half_four>'
[00:00:02.229][INFO]: Adding 'minecraft:crafting' recipe, of type: "shaped", with name: 'crafttweaker:storagedrawers_oak_full_drawers_1' that outputs: '<item:storagedrawers:oak_full_drawers_1>'
[00:00:02.229][INFO]: Adding 'minecraft:crafting' recipe, of type: "shaped", with name: 'crafttweaker:storagedrawers_oak_full_drawers_2' that outputs: '<item:storagedrawers:oak_full_drawers_2>'
[00:00:02.229][INFO]: Adding 'minecraft:crafting' recipe, of type: "shaped", with name: 'crafttweaker:storagedrawers_oak_full_drawers_4' that outputs: '<item:storagedrawers:oak_full_drawers_4>'
[00:00:02.229][INFO]: Adding 'minecraft:crafting' recipe, of type: "shaped", with name: 'crafttweaker:storagedrawers_oak_half_drawers_1' that outputs: '<item:storagedrawers:oak_half_drawers_1>'
[00:00:02.229][INFO]: Adding 'minecraft:crafting' recipe, of type: "shaped", with name: 'crafttweaker:storagedrawers_oak_half_drawers_2' that outputs: '<item:storagedrawers:oak_half_drawers_2>'
[00:00:02.230][INFO]: Adding 'minecraft:crafting' recipe, of type: "shaped", with name: 'crafttweaker:storagedrawers_oak_half_drawers_4' that outputs: '<item:storagedrawers:oak_half_drawers_4>'
[00:00:02.230][INFO]: Adding 'minecraft:crafting' recipe, of type: "shaped", with name: 'crafttweaker:framedoak_storage_drawer' that outputs: '<item:framedcompactdrawers:framed_full_one>'
[00:00:02.230][INFO]: Adding 'minecraft:crafting' recipe, of type: "shaped", with name: 'crafttweaker:framedoak_storage_drawer_2' that outputs: '<item:framedcompactdrawers:framed_full_two>'
[00:00:02.230][INFO]: Adding 'minecraft:crafting' recipe, of type: "shaped", with name: 'crafttweaker:framedoak_storage_drawer_4' that outputs: '<item:framedcompactdrawers:framed_full_four>'
[00:00:02.230][INFO]: Adding 'minecraft:crafting' recipe, of type: "shaped", with name: 'crafttweaker:framedoak_half_drawer' that outputs: '<item:framedcompactdrawers:framed_half_one>'
[00:00:02.230][INFO]: Adding 'minecraft:crafting' recipe, of type: "shaped", with name: 'crafttweaker:framedoak_half_drawer_2' that outputs: '<item:framedcompactdrawers:framed_half_two>'
[00:00:02.231][INFO]: Adding 'minecraft:crafting' recipe, of type: "shaped", with name: 'crafttweaker:framedoak_half_drawer_4' that outputs: '<item:framedcompactdrawers:framed_half_four>'
[00:00:02.231][INFO]: Adding 'minecraft:crafting' recipe, of type: "shaped", with name: 'crafttweaker:storagedrawers_crimson_full_drawers_1' that outputs: '<item:storagedrawers:crimson_full_drawers_1>'
[00:00:02.231][INFO]: Adding 'minecraft:crafting' recipe, of type: "shaped", with name: 'crafttweaker:storagedrawers_crimson_full_drawers_2' that outputs: '<item:storagedrawers:crimson_full_drawers_2>'
[00:00:02.231][INFO]: Adding 'minecraft:crafting' recipe, of type: "shaped", with name: 'crafttweaker:storagedrawers_crimson_full_drawers_4' that outputs: '<item:storagedrawers:crimson_full_drawers_4>'
[00:00:02.231][INFO]: Adding 'minecraft:crafting' recipe, of type: "shaped", with name: 'crafttweaker:storagedrawers_crimson_half_drawers_1' that outputs: '<item:storagedrawers:crimson_half_drawers_1>'
[00:00:02.231][INFO]: Adding 'minecraft:crafting' recipe, of type: "shaped", with name: 'crafttweaker:storagedrawers_crimson_half_drawers_2' that outputs: '<item:storagedrawers:crimson_half_drawers_2>'
[00:00:02.231][INFO]: Adding 'minecraft:crafting' recipe, of type: "shaped", with name: 'crafttweaker:storagedrawers_crimson_half_drawers_4' that outputs: '<item:storagedrawers:crimson_half_drawers_4>'
[00:00:02.232][INFO]: Adding 'minecraft:crafting' recipe, of type: "shaped", with name: 'crafttweaker:framedcrimson_storage_drawer' that outputs: '<item:framedcompactdrawers:framed_full_one>'
[00:00:02.232][INFO]: Adding 'minecraft:crafting' recipe, of type: "shaped", with name: 'crafttweaker:framedcrimson_storage_drawer_2' that outputs: '<item:framedcompactdrawers:framed_full_two>'
[00:00:02.232][INFO]: Adding 'minecraft:crafting' recipe, of type: "shaped", with name: 'crafttweaker:framedcrimson_storage_drawer_4' that outputs: '<item:framedcompactdrawers:framed_full_four>'
[00:00:02.232][INFO]: Adding 'minecraft:crafting' recipe, of type: "shaped", with name: 'crafttweaker:framedcrimson_half_drawer' that outputs: '<item:framedcompactdrawers:framed_half_one>'
[00:00:02.232][INFO]: Adding 'minecraft:crafting' recipe, of type: "shaped", with name: 'crafttweaker:framedcrimson_half_drawer_2' that outputs: '<item:framedcompactdrawers:framed_half_two>'
[00:00:02.232][INFO]: Adding 'minecraft:crafting' recipe, of type: "shaped", with name: 'crafttweaker:framedcrimson_half_drawer_4' that outputs: '<item:framedcompactdrawers:framed_half_four>'
[00:00:02.233][INFO]: Adding 'minecraft:crafting' recipe, of type: "shaped", with name: 'crafttweaker:storagedrawers_acacia_full_drawers_1' that outputs: '<item:storagedrawers:acacia_full_drawers_1>'
[00:00:02.233][INFO]: Adding 'minecraft:crafting' recipe, of type: "shaped", with name: 'crafttweaker:storagedrawers_acacia_full_drawers_2' that outputs: '<item:storagedrawers:acacia_full_drawers_2>'
[00:00:02.233][INFO]: Adding 'minecraft:crafting' recipe, of type: "shaped", with name: 'crafttweaker:storagedrawers_acacia_full_drawers_4' that outputs: '<item:storagedrawers:acacia_full_drawers_4>'
[00:00:02.233][INFO]: Adding 'minecraft:crafting' recipe, of type: "shaped", with name: 'crafttweaker:storagedrawers_acacia_half_drawers_1' that outputs: '<item:storagedrawers:acacia_half_drawers_1>'
[00:00:02.233][INFO]: Adding 'minecraft:crafting' recipe, of type: "shaped", with name: 'crafttweaker:storagedrawers_acacia_half_drawers_2' that outputs: '<item:storagedrawers:acacia_half_drawers_2>'
[00:00:02.233][INFO]: Adding 'minecraft:crafting' recipe, of type: "shaped", with name: 'crafttweaker:storagedrawers_acacia_half_drawers_4' that outputs: '<item:storagedrawers:acacia_half_drawers_4>'
[00:00:02.233][INFO]: Adding 'minecraft:crafting' recipe, of type: "shaped", with name: 'crafttweaker:framedacacia_storage_drawer' that outputs: '<item:framedcompactdrawers:framed_full_one>'
[00:00:02.234][INFO]: Adding 'minecraft:crafting' recipe, of type: "shaped", with name: 'crafttweaker:framedacacia_storage_drawer_2' that outputs: '<item:framedcompactdrawers:framed_full_two>'
[00:00:02.234][INFO]: Adding 'minecraft:crafting' recipe, of type: "shaped", with name: 'crafttweaker:framedacacia_storage_drawer_4' that outputs: '<item:framedcompactdrawers:framed_full_four>'
[00:00:02.234][INFO]: Adding 'minecraft:crafting' recipe, of type: "shaped", with name: 'crafttweaker:framedacacia_half_drawer' that outputs: '<item:framedcompactdrawers:framed_half_one>'
[00:00:02.234][INFO]: Adding 'minecraft:crafting' recipe, of type: "shaped", with name: 'crafttweaker:framedacacia_half_drawer_2' that outputs: '<item:framedcompactdrawers:framed_half_two>'
[00:00:02.234][INFO]: Adding 'minecraft:crafting' recipe, of type: "shaped", with name: 'crafttweaker:framedacacia_half_drawer_4' that outputs: '<item:framedcompactdrawers:framed_half_four>'
[00:00:02.234][INFO]: Adding 'minecraft:crafting' recipe, of type: "shaped", with name: 'crafttweaker:storagedrawers_jungle_full_drawers_1' that outputs: '<item:storagedrawers:jungle_full_drawers_1>'
[00:00:02.235][INFO]: Adding 'minecraft:crafting' recipe, of type: "shaped", with name: 'crafttweaker:storagedrawers_jungle_full_drawers_2' that outputs: '<item:storagedrawers:jungle_full_drawers_2>'
[00:00:02.235][INFO]: Adding 'minecraft:crafting' recipe, of type: "shaped", with name: 'crafttweaker:storagedrawers_jungle_full_drawers_4' that outputs: '<item:storagedrawers:jungle_full_drawers_4>'
[00:00:02.235][INFO]: Adding 'minecraft:crafting' recipe, of type: "shaped", with name: 'crafttweaker:storagedrawers_jungle_half_drawers_1' that outputs: '<item:storagedrawers:jungle_half_drawers_1>'
[00:00:02.235][INFO]: Adding 'minecraft:crafting' recipe, of type: "shaped", with name: 'crafttweaker:storagedrawers_jungle_half_drawers_2' that outputs: '<item:storagedrawers:jungle_half_drawers_2>'
[00:00:02.235][INFO]: Adding 'minecraft:crafting' recipe, of type: "shaped", with name: 'crafttweaker:storagedrawers_jungle_half_drawers_4' that outputs: '<item:storagedrawers:jungle_half_drawers_4>'
[00:00:02.235][INFO]: Adding 'minecraft:crafting' recipe, of type: "shaped", with name: 'crafttweaker:framedjungle_storage_drawer' that outputs: '<item:framedcompactdrawers:framed_full_one>'
[00:00:02.236][INFO]: Adding 'minecraft:crafting' recipe, of type: "shaped", with name: 'crafttweaker:framedjungle_storage_drawer_2' that outputs: '<item:framedcompactdrawers:framed_full_two>'
[00:00:02.236][INFO]: Adding 'minecraft:crafting' recipe, of type: "shaped", with name: 'crafttweaker:framedjungle_storage_drawer_4' that outputs: '<item:framedcompactdrawers:framed_full_four>'
[00:00:02.236][INFO]: Adding 'minecraft:crafting' recipe, of type: "shaped", with name: 'crafttweaker:framedjungle_half_drawer' that outputs: '<item:framedcompactdrawers:framed_half_one>'
[00:00:02.236][INFO]: Adding 'minecraft:crafting' recipe, of type: "shaped", with name: 'crafttweaker:framedjungle_half_drawer_2' that outputs: '<item:framedcompactdrawers:framed_half_two>'
[00:00:02.236][INFO]: Adding 'minecraft:crafting' recipe, of type: "shaped", with name: 'crafttweaker:framedjungle_half_drawer_4' that outputs: '<item:framedcompactdrawers:framed_half_four>'
[00:00:02.236][INFO]: Adding 'minecraft:crafting' recipe, of type: "shaped", with name: 'crafttweaker:storagedrawers_warped_full_drawers_1' that outputs: '<item:storagedrawers:warped_full_drawers_1>'
[00:00:02.236][INFO]: Adding 'minecraft:crafting' recipe, of type: "shaped", with name: 'crafttweaker:storagedrawers_warped_full_drawers_2' that outputs: '<item:storagedrawers:warped_full_drawers_2>'
[00:00:02.237][INFO]: Adding 'minecraft:crafting' recipe, of type: "shaped", with name: 'crafttweaker:storagedrawers_warped_full_drawers_4' that outputs: '<item:storagedrawers:warped_full_drawers_4>'
[00:00:02.237][INFO]: Adding 'minecraft:crafting' recipe, of type: "shaped", with name: 'crafttweaker:storagedrawers_warped_half_drawers_1' that outputs: '<item:storagedrawers:warped_half_drawers_1>'
[00:00:02.237][INFO]: Adding 'minecraft:crafting' recipe, of type: "shaped", with name: 'crafttweaker:storagedrawers_warped_half_drawers_2' that outputs: '<item:storagedrawers:warped_half_drawers_2>'
[00:00:02.237][INFO]: Adding 'minecraft:crafting' recipe, of type: "shaped", with name: 'crafttweaker:storagedrawers_warped_half_drawers_4' that outputs: '<item:storagedrawers:warped_half_drawers_4>'
[00:00:02.237][INFO]: Adding 'minecraft:crafting' recipe, of type: "shaped", with name: 'crafttweaker:framedwarped_storage_drawer' that outputs: '<item:framedcompactdrawers:framed_full_one>'
[00:00:02.237][INFO]: Adding 'minecraft:crafting' recipe, of type: "shaped", with name: 'crafttweaker:framedwarped_storage_drawer_2' that outputs: '<item:framedcompactdrawers:framed_full_two>'
[00:00:02.238][INFO]: Adding 'minecraft:crafting' recipe, of type: "shaped", with name: 'crafttweaker:framedwarped_storage_drawer_4' that outputs: '<item:framedcompactdrawers:framed_full_four>'
[00:00:02.238][INFO]: Adding 'minecraft:crafting' recipe, of type: "shaped", with name: 'crafttweaker:framedwarped_half_drawer' that outputs: '<item:framedcompactdrawers:framed_half_one>'
[00:00:02.238][INFO]: Adding 'minecraft:crafting' recipe, of type: "shaped", with name: 'crafttweaker:framedwarped_half_drawer_2' that outputs: '<item:framedcompactdrawers:framed_half_two>'
[00:00:02.238][INFO]: Adding 'minecraft:crafting' recipe, of type: "shaped", with name: 'crafttweaker:framedwarped_half_drawer_4' that outputs: '<item:framedcompactdrawers:framed_half_four>'
[00:00:02.238][INFO]: Adding 'minecraft:crafting' recipe, of type: "shaped", with name: 'crafttweaker:storagedrawers_spruce_full_drawers_1' that outputs: '<item:storagedrawers:spruce_full_drawers_1>'
[00:00:02.238][INFO]: Adding 'minecraft:crafting' recipe, of type: "shaped", with name: 'crafttweaker:storagedrawers_spruce_full_drawers_2' that outputs: '<item:storagedrawers:spruce_full_drawers_2>'
[00:00:02.239][INFO]: Adding 'minecraft:crafting' recipe, of type: "shaped", with name: 'crafttweaker:storagedrawers_spruce_full_drawers_4' that outputs: '<item:storagedrawers:spruce_full_drawers_4>'
[00:00:02.239][INFO]: Adding 'minecraft:crafting' recipe, of type: "shaped", with name: 'crafttweaker:storagedrawers_spruce_half_drawers_1' that outputs: '<item:storagedrawers:spruce_half_drawers_1>'
[00:00:02.239][INFO]: Adding 'minecraft:crafting' recipe, of type: "shaped", with name: 'crafttweaker:storagedrawers_spruce_half_drawers_2' that outputs: '<item:storagedrawers:spruce_half_drawers_2>'
[00:00:02.239][INFO]: Adding 'minecraft:crafting' recipe, of type: "shaped", with name: 'crafttweaker:storagedrawers_spruce_half_drawers_4' that outputs: '<item:storagedrawers:spruce_half_drawers_4>'
[00:00:02.239][INFO]: Adding 'minecraft:crafting' recipe, of type: "shaped", with name: 'crafttweaker:framedspruce_storage_drawer' that outputs: '<item:framedcompactdrawers:framed_full_one>'
[00:00:02.239][INFO]: Adding 'minecraft:crafting' recipe, of type: "shaped", with name: 'crafttweaker:framedspruce_storage_drawer_2' that outputs: '<item:framedcompactdrawers:framed_full_two>'
[00:00:02.239][INFO]: Adding 'minecraft:crafting' recipe, of type: "shaped", with name: 'crafttweaker:framedspruce_storage_drawer_4' that outputs: '<item:framedcompactdrawers:framed_full_four>'
[00:00:02.240][INFO]: Adding 'minecraft:crafting' recipe, of type: "shaped", with name: 'crafttweaker:framedspruce_half_drawer' that outputs: '<item:framedcompactdrawers:framed_half_one>'
[00:00:02.240][INFO]: Adding 'minecraft:crafting' recipe, of type: "shaped", with name: 'crafttweaker:framedspruce_half_drawer_2' that outputs: '<item:framedcompactdrawers:framed_half_two>'
[00:00:02.240][INFO]: Adding 'minecraft:crafting' recipe, of type: "shaped", with name: 'crafttweaker:framedspruce_half_drawer_4' that outputs: '<item:framedcompactdrawers:framed_half_four>'
[00:00:02.240][INFO]: Adding 'minecraft:crafting' recipe, of type: "shaped", with name: 'crafttweaker:storagedrawers_birch_full_drawers_1' that outputs: '<item:storagedrawers:birch_full_drawers_1>'
[00:00:02.240][INFO]: Adding 'minecraft:crafting' recipe, of type: "shaped", with name: 'crafttweaker:storagedrawers_birch_full_drawers_2' that outputs: '<item:storagedrawers:birch_full_drawers_2>'
[00:00:02.240][INFO]: Adding 'minecraft:crafting' recipe, of type: "shaped", with name: 'crafttweaker:storagedrawers_birch_full_drawers_4' that outputs: '<item:storagedrawers:birch_full_drawers_4>'
[00:00:02.241][INFO]: Adding 'minecraft:crafting' recipe, of type: "shaped", with name: 'crafttweaker:storagedrawers_birch_half_drawers_1' that outputs: '<item:storagedrawers:birch_half_drawers_1>'
[00:00:02.241][INFO]: Adding 'minecraft:crafting' recipe, of type: "shaped", with name: 'crafttweaker:storagedrawers_birch_half_drawers_2' that outputs: '<item:storagedrawers:birch_half_drawers_2>'
[00:00:02.241][INFO]: Adding 'minecraft:crafting' recipe, of type: "shaped", with name: 'crafttweaker:storagedrawers_birch_half_drawers_4' that outputs: '<item:storagedrawers:birch_half_drawers_4>'
[00:00:02.241][INFO]: Adding 'minecraft:crafting' recipe, of type: "shaped", with name: 'crafttweaker:framedbirch_storage_drawer' that outputs: '<item:framedcompactdrawers:framed_full_one>'
[00:00:02.241][INFO]: Adding 'minecraft:crafting' recipe, of type: "shaped", with name: 'crafttweaker:framedbirch_storage_drawer_2' that outputs: '<item:framedcompactdrawers:framed_full_two>'
[00:00:02.241][INFO]: Adding 'minecraft:crafting' recipe, of type: "shaped", with name: 'crafttweaker:framedbirch_storage_drawer_4' that outputs: '<item:framedcompactdrawers:framed_full_four>'
[00:00:02.241][INFO]: Adding 'minecraft:crafting' recipe, of type: "shaped", with name: 'crafttweaker:framedbirch_half_drawer' that outputs: '<item:framedcompactdrawers:framed_half_one>'
[00:00:02.242][INFO]: Adding 'minecraft:crafting' recipe, of type: "shaped", with name: 'crafttweaker:framedbirch_half_drawer_2' that outputs: '<item:framedcompactdrawers:framed_half_two>'
[00:00:02.242][INFO]: Adding 'minecraft:crafting' recipe, of type: "shaped", with name: 'crafttweaker:framedbirch_half_drawer_4' that outputs: '<item:framedcompactdrawers:framed_half_four>'
[00:00:02.242][INFO]: Adding 'minecraft:crafting' recipe, of type: "shaped", with name: 'crafttweaker:storagedrawers_controller' that outputs: '<item:storagedrawers:controller>'
[00:00:02.243][INFO]: Adding 'minecraft:crafting' recipe, of type: "shaped", with name: 'crafttweaker:storagedrawers_controller_slave' that outputs: '<item:storagedrawers:controller_slave>'
[00:00:02.243][INFO]: Adding 'minecraft:crafting' recipe, of type: "shaped", with name: 'crafttweaker:storagedrawers_compacting_drawers_3' that outputs: '<item:storagedrawers:compacting_drawers_3>'
[00:00:02.243][INFO]: Adding 'minecraft:crafting' recipe, of type: "shaped", with name: 'crafttweaker:storagedrawers_key' that outputs: '<item:storagedrawers:drawer_key>'
[00:00:02.243][INFO]: Adding 'minecraft:crafting' recipe, of type: "shaped", with name: 'crafttweaker:storagedrawers_upgrade_template' that outputs: '<item:storagedrawers:upgrade_template> * 4'
[00:00:02.243][INFO]: Adding 'minecraft:crafting' recipe, of type: "shaped", with name: 'crafttweaker:storagedrawers_iron_storage_upgrade' that outputs: '<item:storagedrawers:iron_storage_upgrade>'
[00:00:02.243][INFO]: Adding 'minecraft:crafting' recipe, of type: "shaped", with name: 'crafttweaker:storagedrawers_gold_storage_upgrade' that outputs: '<item:storagedrawers:gold_storage_upgrade>'
[00:00:02.244][INFO]: Adding 'minecraft:crafting' recipe, of type: "shaped", with name: 'crafttweaker:storagedrawers_diamond_storage_upgrade' that outputs: '<item:storagedrawers:diamond_storage_upgrade>'
[00:00:02.244][INFO]: Adding 'minecraft:crafting' recipe, of type: "shaped", with name: 'crafttweaker:storagedrawers_emerald_storage_upgrade' that outputs: '<item:storagedrawers:emerald_storage_upgrade>'
[00:00:02.244][INFO]: Adding 'minecraft:crafting' recipe, of type: "shaped", with name: 'crafttweaker:storagedrawers_void_upgrade' that outputs: '<item:storagedrawers:void_upgrade>'
[00:00:02.244][INFO]: Adding 'minecraft:crafting' recipe, of type: "shapeless", with name: 'crafttweaker:twig_azalea_2_eco_azalea' that outputs: '<item:ecologics:azalea_flower>'
[00:00:02.244][INFO]: Adding 'minecraft:crafting' recipe, of type: "shapeless", with name: 'crafttweaker:eco_azalea_2_twig_azalea' that outputs: '<item:twigs:azalea_flowers>'
[00:00:02.245][INFO]: Adding 'minecraft:crafting' recipe, of type: "shapeless", with name: 'crafttweaker:elevatorid_light_blue_elevator' that outputs: '<item:elevatorid:elevator_light_blue>'
[00:00:02.245][INFO]: Adding 'minecraft:crafting' recipe, of type: "shaped", with name: 'crafttweaker:shaped_elevatorid_light_blue_elevator' that outputs: '<item:elevatorid:elevator_light_blue>'
[00:00:02.245][INFO]: Adding 'minecraft:crafting' recipe, of type: "shapeless", with name: 'crafttweaker:elevatorid_purple_elevator' that outputs: '<item:elevatorid:elevator_purple>'
[00:00:02.245][INFO]: Adding 'minecraft:crafting' recipe, of type: "shaped", with name: 'crafttweaker:shaped_elevatorid_purple_elevator' that outputs: '<item:elevatorid:elevator_purple>'
[00:00:02.246][INFO]: Adding 'minecraft:crafting' recipe, of type: "shapeless", with name: 'crafttweaker:elevatorid_light_gray_elevator' that outputs: '<item:elevatorid:elevator_light_gray>'
[00:00:02.246][INFO]: Adding 'minecraft:crafting' recipe, of type: "shaped", with name: 'crafttweaker:shaped_elevatorid_light_gray_elevator' that outputs: '<item:elevatorid:elevator_light_gray>'
[00:00:02.246][INFO]: Adding 'minecraft:crafting' recipe, of type: "shapeless", with name: 'crafttweaker:elevatorid_green_elevator' that outputs: '<item:elevatorid:elevator_green>'
[00:00:02.246][INFO]: Adding 'minecraft:crafting' recipe, of type: "shaped", with name: 'crafttweaker:shaped_elevatorid_green_elevator' that outputs: '<item:elevatorid:elevator_green>'
[00:00:02.246][INFO]: Adding 'minecraft:crafting' recipe, of type: "shapeless", with name: 'crafttweaker:elevatorid_magenta_elevator' that outputs: '<item:elevatorid:elevator_magenta>'
[00:00:02.246][INFO]: Adding 'minecraft:crafting' recipe, of type: "shaped", with name: 'crafttweaker:shaped_elevatorid_magenta_elevator' that outputs: '<item:elevatorid:elevator_magenta>'
[00:00:02.247][INFO]: Adding 'minecraft:crafting' recipe, of type: "shapeless", with name: 'crafttweaker:elevatorid_red_elevator' that outputs: '<item:elevatorid:elevator_red>'
[00:00:02.247][INFO]: Adding 'minecraft:crafting' recipe, of type: "shaped", with name: 'crafttweaker:shaped_elevatorid_red_elevator' that outputs: '<item:elevatorid:elevator_red>'
[00:00:02.247][INFO]: Adding 'minecraft:crafting' recipe, of type: "shapeless", with name: 'crafttweaker:elevatorid_lime_elevator' that outputs: '<item:elevatorid:elevator_lime>'
[00:00:02.247][INFO]: Adding 'minecraft:crafting' recipe, of type: "shaped", with name: 'crafttweaker:shaped_elevatorid_lime_elevator' that outputs: '<item:elevatorid:elevator_lime>'
[00:00:02.247][INFO]: Adding 'minecraft:crafting' recipe, of type: "shapeless", with name: 'crafttweaker:elevatorid_gray_elevator' that outputs: '<item:elevatorid:elevator_gray>'
[00:00:02.247][INFO]: Adding 'minecraft:crafting' recipe, of type: "shaped", with name: 'crafttweaker:shaped_elevatorid_gray_elevator' that outputs: '<item:elevatorid:elevator_gray>'
[00:00:02.248][INFO]: Adding 'minecraft:crafting' recipe, of type: "shapeless", with name: 'crafttweaker:elevatorid_orange_elevator' that outputs: '<item:elevatorid:elevator_orange>'
[00:00:02.248][INFO]: Adding 'minecraft:crafting' recipe, of type: "shaped", with name: 'crafttweaker:shaped_elevatorid_orange_elevator' that outputs: '<item:elevatorid:elevator_orange>'
[00:00:02.248][INFO]: Adding 'minecraft:crafting' recipe, of type: "shapeless", with name: 'crafttweaker:elevatorid_brown_elevator' that outputs: '<item:elevatorid:elevator_brown>'
[00:00:02.248][INFO]: Adding 'minecraft:crafting' recipe, of type: "shaped", with name: 'crafttweaker:shaped_elevatorid_brown_elevator' that outputs: '<item:elevatorid:elevator_brown>'
[00:00:02.248][INFO]: Adding 'minecraft:crafting' recipe, of type: "shapeless", with name: 'crafttweaker:elevatorid_pink_elevator' that outputs: '<item:elevatorid:elevator_pink>'
[00:00:02.248][INFO]: Adding 'minecraft:crafting' recipe, of type: "shaped", with name: 'crafttweaker:shaped_elevatorid_pink_elevator' that outputs: '<item:elevatorid:elevator_pink>'
[00:00:02.249][INFO]: Adding 'minecraft:crafting' recipe, of type: "shapeless", with name: 'crafttweaker:elevatorid_cyan_elevator' that outputs: '<item:elevatorid:elevator_cyan>'
[00:00:02.249][INFO]: Adding 'minecraft:crafting' recipe, of type: "shaped", with name: 'crafttweaker:shaped_elevatorid_cyan_elevator' that outputs: '<item:elevatorid:elevator_cyan>'
[00:00:02.249][INFO]: Adding 'minecraft:crafting' recipe, of type: "shapeless", with name: 'crafttweaker:elevatorid_white_elevator' that outputs: '<item:elevatorid:elevator_white>'
[00:00:02.249][INFO]: Adding 'minecraft:crafting' recipe, of type: "shaped", with name: 'crafttweaker:shaped_elevatorid_white_elevator' that outputs: '<item:elevatorid:elevator_white>'
[00:00:02.249][INFO]: Adding 'minecraft:crafting' recipe, of type: "shapeless", with name: 'crafttweaker:elevatorid_yellow_elevator' that outputs: '<item:elevatorid:elevator_yellow>'
[00:00:02.249][INFO]: Adding 'minecraft:crafting' recipe, of type: "shaped", with name: 'crafttweaker:shaped_elevatorid_yellow_elevator' that outputs: '<item:elevatorid:elevator_yellow>'
[00:00:02.250][INFO]: Adding 'minecraft:crafting' recipe, of type: "shapeless", with name: 'crafttweaker:elevatorid_blue_elevator' that outputs: '<item:elevatorid:elevator_blue>'
[00:00:02.250][INFO]: Adding 'minecraft:crafting' recipe, of type: "shaped", with name: 'crafttweaker:shaped_elevatorid_blue_elevator' that outputs: '<item:elevatorid:elevator_blue>'
[00:00:02.250][INFO]: Adding 'minecraft:crafting' recipe, of type: "shapeless", with name: 'crafttweaker:elevatorid_black_elevator' that outputs: '<item:elevatorid:elevator_black>'
[00:00:02.250][INFO]: Adding 'minecraft:crafting' recipe, of type: "shaped", with name: 'crafttweaker:shaped_elevatorid_black_elevator' that outputs: '<item:elevatorid:elevator_black>'
[00:00:02.250][INFO]: Adding 'minecraft:crafting' recipe, of type: "shaped", with name: 'crafttweaker:flux_flux_dust' that outputs: '<item:fluxnetworks:flux_dust>'
[00:00:02.251][INFO]: Adding 'minecraft:crafting' recipe, of type: "shaped", with name: 'crafttweaker:flux_flux_core' that outputs: '<item:fluxnetworks:flux_core> * 2'
[00:00:02.251][INFO]: Adding 'minecraft:crafting' recipe, of type: "shaped", with name: 'crafttweaker:flux_flux_block' that outputs: '<item:fluxnetworks:flux_block>'
[00:00:02.251][INFO]: Adding 'minecraft:crafting' recipe, of type: "shaped", with name: 'crafttweaker:flux_flux_point' that outputs: '<item:fluxnetworks:flux_point>'
[00:00:02.251][INFO]: Adding 'minecraft:crafting' recipe, of type: "shaped", with name: 'crafttweaker:flux_flux_plug' that outputs: '<item:fluxnetworks:flux_plug>'
[00:00:02.252][INFO]: Adding: [the_vault:tenos_light_smooth_brick] to tag: <tag:blocks:minecraft:mineable/pickaxe>
[00:00:02.252][INFO]: Adding: [the_vault:tenos_light_smooth_brick] to tag: <tag:blocks:cucumber:mineable/paxel>
[00:00:02.252][INFO]: Adding: [the_vault:tenos_dark_smooth_brick] to tag: <tag:blocks:minecraft:mineable/pickaxe>
[00:00:02.252][INFO]: Adding: [the_vault:tenos_dark_smooth_brick] to tag: <tag:blocks:cucumber:mineable/paxel>
[00:00:02.252][INFO]: Adding: [the_vault:tenos_brick_chiseled] to tag: <tag:blocks:minecraft:mineable/pickaxe>
[00:00:02.252][INFO]: Adding: [the_vault:tenos_brick_chiseled] to tag: <tag:blocks:cucumber:mineable/paxel>
[00:00:02.253][INFO]: Adding: [the_vault:tenos_brick] to tag: <tag:blocks:minecraft:mineable/pickaxe>
[00:00:02.253][INFO]: Adding: [the_vault:tenos_brick] to tag: <tag:blocks:cucumber:mineable/paxel>
[00:00:02.253][INFO]: Adding: [the_vault:idona_gem_block] to tag: <tag:blocks:minecraft:mineable/pickaxe>
[00:00:02.253][INFO]: Adding: [the_vault:idona_gem_block] to tag: <tag:blocks:cucumber:mineable/paxel>
[00:00:02.253][INFO]: Adding: [the_vault:idona_light_smooth_brick] to tag: <tag:blocks:minecraft:mineable/pickaxe>
[00:00:02.253][INFO]: Adding: [the_vault:idona_light_smooth_brick] to tag: <tag:blocks:cucumber:mineable/paxel>
[00:00:02.253][INFO]: Adding: [the_vault:idona_dark_smooth_brick] to tag: <tag:blocks:minecraft:mineable/pickaxe>
[00:00:02.254][INFO]: Adding: [the_vault:idona_dark_smooth_brick] to tag: <tag:blocks:cucumber:mineable/paxel>
[00:00:02.254][INFO]: Adding: [the_vault:idona_brick_chiseled] to tag: <tag:blocks:minecraft:mineable/pickaxe>
[00:00:02.254][INFO]: Adding: [the_vault:idona_brick_chiseled] to tag: <tag:blocks:cucumber:mineable/paxel>
[00:00:02.254][INFO]: Adding: [the_vault:idona_brick] to tag: <tag:blocks:minecraft:mineable/pickaxe>
[00:00:02.254][INFO]: Adding: [the_vault:idona_brick] to tag: <tag:blocks:cucumber:mineable/paxel>
[00:00:02.254][INFO]: Adding: [the_vault:wendarr_jewel_block] to tag: <tag:blocks:minecraft:mineable/pickaxe>
[00:00:02.255][INFO]: Adding: [the_vault:wendarr_jewel_block] to tag: <tag:blocks:cucumber:mineable/paxel>
[00:00:02.255][INFO]: Adding: [the_vault:wendarr_gem_block] to tag: <tag:blocks:minecraft:mineable/pickaxe>
[00:00:02.255][INFO]: Adding: [the_vault:wendarr_gem_block] to tag: <tag:blocks:cucumber:mineable/paxel>
[00:00:02.255][INFO]: Adding: [the_vault:wendarr_light_smooth_brick] to tag: <tag:blocks:minecraft:mineable/pickaxe>
[00:00:02.255][INFO]: Adding: [the_vault:wendarr_light_smooth_brick] to tag: <tag:blocks:cucumber:mineable/paxel>
[00:00:02.255][INFO]: Adding: [the_vault:wendarr_dark_smooth_brick] to tag: <tag:blocks:minecraft:mineable/pickaxe>
[00:00:02.256][INFO]: Adding: [the_vault:wendarr_dark_smooth_brick] to tag: <tag:blocks:cucumber:mineable/paxel>
[00:00:02.256][INFO]: Adding: [the_vault:wendarr_brick_chiseled] to tag: <tag:blocks:minecraft:mineable/pickaxe>
[00:00:02.256][INFO]: Adding: [the_vault:wendarr_brick_chiseled] to tag: <tag:blocks:cucumber:mineable/paxel>
[00:00:02.256][INFO]: Adding: [the_vault:wendarr_brick] to tag: <tag:blocks:minecraft:mineable/pickaxe>
[00:00:02.256][INFO]: Adding: [the_vault:wendarr_brick] to tag: <tag:blocks:cucumber:mineable/paxel>
[00:00:02.256][INFO]: Adding: [the_vault:velara_gem_block] to tag: <tag:blocks:minecraft:mineable/pickaxe>
[00:00:02.257][INFO]: Adding: [the_vault:velara_gem_block] to tag: <tag:blocks:cucumber:mineable/paxel>
[00:00:02.257][INFO]: Adding: [the_vault:velara_light_smooth_brick] to tag: <tag:blocks:minecraft:mineable/pickaxe>
[00:00:02.257][INFO]: Adding: [the_vault:velara_light_smooth_brick] to tag: <tag:blocks:cucumber:mineable/paxel>
[00:00:02.257][INFO]: Adding: [the_vault:velara_dark_smooth_brick] to tag: <tag:blocks:minecraft:mineable/pickaxe>
[00:00:02.257][INFO]: Adding: [the_vault:velara_dark_smooth_brick] to tag: <tag:blocks:cucumber:mineable/paxel>
[00:00:02.257][INFO]: Adding: [the_vault:velara_brick_chiseled] to tag: <tag:blocks:minecraft:mineable/pickaxe>
[00:00:02.257][INFO]: Adding: [the_vault:velara_brick_chiseled] to tag: <tag:blocks:cucumber:mineable/paxel>
[00:00:02.258][INFO]: Adding: [the_vault:velara_brick] to tag: <tag:blocks:minecraft:mineable/pickaxe>
[00:00:02.258][INFO]: Adding: [the_vault:velara_brick] to tag: <tag:blocks:cucumber:mineable/paxel>
[00:00:02.258][INFO]: Adding: [the_vault:tenos_gem_block] to tag: <tag:blocks:minecraft:mineable/pickaxe>
[00:00:02.258][INFO]: Adding: [the_vault:tenos_gem_block] to tag: <tag:blocks:cucumber:mineable/paxel>
[00:00:02.258][INFO]: Adding: [the_vault:wendarr_jewel_glass] to tag: <tag:blocks:forge:glass>
[00:00:02.258][INFO]: Adding: [the_vault:wendarr_jewel_glass_pane] to tag: <tag:blocks:forge:glass>
[00:00:02.259][INFO]: Adding: [the_vault:velara_stripped_log] to tag: <tag:blocks:minecraft:mineable/axe>
[00:00:02.259][INFO]: Adding: [the_vault:velara_stripped_log] to tag: <tag:blocks:cucumber:mineable/paxel>
[00:00:02.259][INFO]: Adding: [the_vault:velara_planks_slab] to tag: <tag:blocks:minecraft:mineable/axe>
[00:00:02.259][INFO]: Adding: [the_vault:velara_planks_slab] to tag: <tag:blocks:cucumber:mineable/paxel>
[00:00:02.259][INFO]: Adding: [the_vault:velara_planks_stairs] to tag: <tag:blocks:minecraft:mineable/axe>
[00:00:02.259][INFO]: Adding: [the_vault:velara_planks_stairs] to tag: <tag:blocks:cucumber:mineable/paxel>
[00:00:02.260][INFO]: Adding: [the_vault:velara_vertical_planks] to tag: <tag:blocks:minecraft:mineable/axe>
[00:00:02.260][INFO]: Adding: [the_vault:velara_vertical_planks] to tag: <tag:blocks:cucumber:mineable/paxel>
[00:00:02.260][INFO]: Adding: [the_vault:velara_planks] to tag: <tag:blocks:minecraft:mineable/axe>
[00:00:02.260][INFO]: Adding: [the_vault:velara_planks] to tag: <tag:blocks:cucumber:mineable/paxel>
[00:00:02.260][INFO]: Adding: [the_vault:velara_log] to tag: <tag:blocks:minecraft:mineable/axe>
[00:00:02.260][INFO]: Adding: [the_vault:velara_log] to tag: <tag:blocks:cucumber:mineable/paxel>
[00:00:02.260][INFO]: Adding: [the_vault:velara_mossy_blooming_log] to tag: <tag:blocks:minecraft:mineable/axe>
[00:00:02.261][INFO]: Adding: [the_vault:velara_mossy_blooming_log] to tag: <tag:blocks:cucumber:mineable/paxel>
[00:00:02.261][INFO]: Adding: [the_vault:velara_mossy_log] to tag: <tag:blocks:minecraft:mineable/axe>
[00:00:02.261][INFO]: Adding: [the_vault:velara_mossy_log] to tag: <tag:blocks:cucumber:mineable/paxel>
[00:00:02.261][INFO]: Adding: [the_vault:tenos_planks] to tag: <tag:blocks:minecraft:mineable/axe>
[00:00:02.261][INFO]: Adding: [the_vault:tenos_planks] to tag: <tag:blocks:cucumber:mineable/paxel>
[00:00:02.261][INFO]: Adding: [the_vault:tenos_vertical_planks] to tag: <tag:blocks:minecraft:mineable/axe>
[00:00:02.262][INFO]: Adding: [the_vault:tenos_vertical_planks] to tag: <tag:blocks:cucumber:mineable/paxel>
[00:00:02.262][INFO]: Adding: [the_vault:tenos_log] to tag: <tag:blocks:minecraft:mineable/axe>
[00:00:02.262][INFO]: Adding: [the_vault:tenos_log] to tag: <tag:blocks:cucumber:mineable/paxel>
[00:00:02.262][INFO]: Adding: [the_vault:tenos_stripped_log] to tag: <tag:blocks:minecraft:mineable/axe>
[00:00:02.262][INFO]: Adding: [the_vault:tenos_stripped_log] to tag: <tag:blocks:cucumber:mineable/paxel>
[00:00:02.262][INFO]: Adding: [the_vault:tenos_bookshelf] to tag: <tag:blocks:minecraft:mineable/axe>
[00:00:02.263][INFO]: Adding: [the_vault:tenos_bookshelf] to tag: <tag:blocks:cucumber:mineable/paxel>
[00:00:02.263][INFO]: Adding: [the_vault:tenos_bookshelf_empty] to tag: <tag:blocks:minecraft:mineable/axe>
[00:00:02.263][INFO]: Adding: [the_vault:tenos_bookshelf_empty] to tag: <tag:blocks:cucumber:mineable/paxel>
[00:00:02.263][INFO]: Adding: [the_vault:velara_bush] to tag: <tag:blocks:minecraft:mineable/hoe>
[00:00:02.263][INFO]: Adding: [the_vault:velara_bush] to tag: <tag:blocks:minecraft:leaves>
[00:00:02.264][INFO]: Adding: [the_vault:velara_bush] to tag: <tag:blocks:cucumber:mineable/paxel>
[00:00:02.264][INFO]: Adding: [the_vault:velara_leaves] to tag: <tag:blocks:minecraft:mineable/hoe>
[00:00:02.264][INFO]: Adding: [the_vault:velara_leaves] to tag: <tag:blocks:minecraft:leaves>
[00:00:02.264][INFO]: Adding: [the_vault:velara_leaves] to tag: <tag:blocks:cucumber:mineable/paxel>
[00:00:02.264][INFO]: Adding: [the_vault:velara_mossy_block] to tag: <tag:blocks:minecraft:mineable/hoe>
[00:00:02.265][INFO]: Adding: [the_vault:velara_mossy_block] to tag: <tag:blocks:minecraft:leaves>
[00:00:02.265][INFO]: Adding: [the_vault:velara_mossy_block] to tag: <tag:blocks:cucumber:mineable/paxel>
[00:00:02.265][INFO]: Adding: [the_vault:velara_vine] to tag: <tag:blocks:minecraft:mineable/axe>
[00:00:02.265][INFO]: Adding: [the_vault:velara_vine] to tag: <tag:blocks:minecraft:climbable>
[00:00:02.265][INFO]: Adding: [the_vault:velara_vine] to tag: <tag:blocks:minecraft:fall_damage_resetting>
[00:00:02.265][INFO]: Adding: [the_vault:velara_vine] to tag: <tag:blocks:cucumber:mineable/paxel>
[00:00:02.266][INFO]: Adding 'minecraft:crafting' recipe, of type: "shaped", with name: 'crafttweaker:macaw_iron_bridge' that outputs: '<item:mcwbridges:iron_bridge>'
[00:00:02.266][INFO]: Removing 'minecraft:crafting' recipe(s) with name(s): '[mcwwindows:dark_prismarine_window]'
[00:00:02.267][INFO]: Adding 'minecraft:crafting' recipe, of type: "shaped", with name: 'crafttweaker:dark_prismarine_window' that outputs: '<item:mcwwindows:dark_prismarine_window> * 8'
[00:00:02.267][INFO]: Removing 'minecraft:crafting' recipe(s) with name(s): '[mcwwindows:prismarine_window]'
[00:00:02.267][INFO]: Adding 'minecraft:crafting' recipe, of type: "shaped", with name: 'crafttweaker:prismarine_window' that outputs: '<item:mcwwindows:prismarine_window> * 8'
[00:00:02.267][INFO]: Removing 'minecraft:crafting' recipe(s) with name(s): '[mcwwindows:blackstone_window]'
[00:00:02.267][INFO]: Adding 'minecraft:crafting' recipe, of type: "shaped", with name: 'crafttweaker:blackstone_window' that outputs: '<item:mcwwindows:blackstone_window> * 8'
[00:00:02.267][INFO]: Removing 'minecraft:crafting' recipe(s) with name(s): '[mcwwindows:granite_window]'
[00:00:02.267][INFO]: Adding 'minecraft:crafting' recipe, of type: "shaped", with name: 'crafttweaker:granite_window' that outputs: '<item:mcwwindows:granite_window> * 8'
[00:00:02.267][INFO]: Removing 'minecraft:crafting' recipe(s) with name(s): '[mcwwindows:andesite_window]'
[00:00:02.268][INFO]: Adding 'minecraft:crafting' recipe, of type: "shaped", with name: 'crafttweaker:andesite_window' that outputs: '<item:mcwwindows:andesite_window> * 8'
[00:00:02.268][INFO]: Removing 'minecraft:crafting' recipe(s) with name(s): '[mcwwindows:diorite_window]'
[00:00:02.268][INFO]: Adding 'minecraft:crafting' recipe, of type: "shaped", with name: 'crafttweaker:diorite_window' that outputs: '<item:mcwwindows:diorite_window> * 8'
[00:00:02.268][INFO]: Removing 'minecraft:crafting' recipe(s) with name(s): '[mcwwindows:stone_window]'
[00:00:02.268][INFO]: Adding 'minecraft:crafting' recipe, of type: "shaped", with name: 'crafttweaker:stone_window' that outputs: '<item:mcwwindows:stone_window> * 8'
[00:00:02.269][INFO]: Adding 'mekanism:crushing' recipe, with name: 'crafttweaker:crush_vaultstone_to_rock' that outputs: '<item:the_vault:vault_rock>'
[00:00:02.271][INFO]: Adding 'mekanism:dissolution' recipe, with name: 'crafttweaker:chromaticore_to_dirty_slurry' that outputs: '<slurry:crafttweaker:the_vault_dirty_chromatic_iron_slurry> * 1000'
[00:00:02.271][INFO]: Adding 'mekanism:dissolution' recipe, with name: 'crafttweaker:chromaticraw_to_dirty_slurry' that outputs: '<slurry:crafttweaker:the_vault_dirty_chromatic_iron_slurry> * 600'
[00:00:02.271][INFO]: Adding 'mekanism:dissolution' recipe, with name: 'crafttweaker:chromaticblock_to_dirty_slurry' that outputs: '<slurry:crafttweaker:the_vault_dirty_chromatic_iron_slurry> * 6000'
[00:00:02.272][INFO]: Adding 'mekanism:washing' recipe, with name: 'crafttweaker:cleaning_chromatic_slurry' that outputs: '<slurry:crafttweaker:the_vault_clean_chromatic_iron_slurry>'
[00:00:02.272][INFO]: Adding 'minecraft:smelting' recipe, with name: 'crafttweaker:recipe_name' that outputs: '<item:the_vault:chromatic_iron_ingot>'
[00:00:02.273][INFO]: Adding 'mekanism:enriching' recipe, with name: 'crafttweaker:dirty_dust_to_clean_dust' that outputs: '<item:the_vault:chromatic_iron_dust>'
[00:00:02.273][INFO]: Adding 'mekanism:enriching' recipe, with name: 'crafttweaker:raw_to_clean_dust' that outputs: '<item:the_vault:chromatic_iron_dust> * 4'
[00:00:02.273][INFO]: Adding 'mekanism:enriching' recipe, with name: 'crafttweaker:raw_ore_block_leaves_to_clean_dust' that outputs: '<item:the_vault:chromatic_iron_dust> * 12'
[00:00:02.273][INFO]: Adding 'mekanism:enriching' recipe, with name: 'crafttweaker:ore_to_clean_dust' that outputs: '<item:the_vault:chromatic_iron_dust> * 2'
[00:00:02.274][INFO]: Adding 'mekanism:crushing' recipe, with name: 'crafttweaker:chromatic_clump_to_dirty_dust' that outputs: '<item:the_vault:chromatic_iron_dirty_dust>'
[00:00:02.274][INFO]: Adding 'mekanism:purifying' recipe, with name: 'crafttweaker:raw_block_to_clump' that outputs: '<item:the_vault:chromatic_iron_clump> * 18'
[00:00:02.274][INFO]: Adding 'mekanism:purifying' recipe, with name: 'crafttweaker:raw_to_clump' that outputs: '<item:the_vault:chromatic_iron_clump> * 2'
[00:00:02.274][INFO]: Adding 'mekanism:purifying' recipe, with name: 'crafttweaker:ore_to_clump' that outputs: '<item:the_vault:chromatic_iron_clump> * 3'
[00:00:02.275][INFO]: Adding 'mekanism:purifying' recipe, with name: 'crafttweaker:shard_to_clump' that outputs: '<item:the_vault:chromatic_iron_clump>'
[00:00:02.275][INFO]: Adding 'mekanism:injecting' recipe, with name: 'crafttweaker:raw_block_to_shard' that outputs: '<item:the_vault:chromatic_iron_shard> * 24'
[00:00:02.275][INFO]: Adding 'mekanism:injecting' recipe, with name: 'crafttweaker:raw_to_shard' that outputs: '<item:the_vault:chromatic_iron_shard> * 8'
[00:00:02.275][INFO]: Adding 'mekanism:injecting' recipe, with name: 'crafttweaker:ore_to_shard' that outputs: '<item:the_vault:chromatic_iron_shard> * 4'
[00:00:02.276][INFO]: Adding 'mekanism:injecting' recipe, with name: 'crafttweaker:crystal_to_shard' that outputs: '<item:the_vault:chromatic_iron_shard>'
[00:00:02.276][INFO]: Adding 'mekanism:crystallizing' recipe, with name: 'crafttweaker:slurry_to_crystal' that outputs: '<item:the_vault:chromatic_iron_crystal>'
[00:00:02.277][INFO]: Adding 'mekanism:infusion_conversion' recipe, with name: 'crafttweaker:infusion_conversion/larimar/from_larimar' that outputs: '<infuse_type:crafttweaker:the_vault_larimar> * 10'
[00:00:02.277][INFO]: Adding 'mekanism:infusion_conversion' recipe, with name: 'crafttweaker:infusion_conversion/larimar/from_perfect_larimar' that outputs: '<infuse_type:crafttweaker:the_vault_larimar> * 50'
[00:00:02.277][INFO]: Adding 'mekanism:infusion_conversion' recipe, with name: 'crafttweaker:infusion_conversion/larimar/from_extraordinary_larimar' that outputs: '<infuse_type:crafttweaker:the_vault_larimar> * 250'
[00:00:02.277][INFO]: Adding 'mekanism:infusion_conversion' recipe, with name: 'crafttweaker:infusion_conversion/larimar/from_echo' that outputs: '<infuse_type:crafttweaker:the_vault_echo> * 75'
[00:00:02.278][INFO]: Adding 'mekanism:infusion_conversion' recipe, with name: 'crafttweaker:infusion_conversion/larimar/from_perfect_echo' that outputs: '<infuse_type:crafttweaker:the_vault_echo> * 375'
[00:00:02.278][INFO]: Adding 'mekanism:infusion_conversion' recipe, with name: 'crafttweaker:infusion_conversion/larimar/from_extraordinary_echo' that outputs: '<infuse_type:crafttweaker:the_vault_echo> * 1875'
[00:00:02.279][INFO]: Adding 'mekanism:metallurgic_infusing' recipe, with name: 'crafttweaker:infused_alloy' that outputs: '<item:mekanism:alloy_infused>'
[00:00:02.279][INFO]: Adding 'mekanism:metallurgic_infusing' recipe, with name: 'crafttweaker:atomic_alloy' that outputs: '<item:mekanism:alloy_atomic>'
[00:00:02.279][INFO]: Adding 'mekanism:metallurgic_infusing' recipe, with name: 'crafttweaker:basic_circuit' that outputs: '<item:mekanism:basic_control_circuit>'
[00:00:02.279][INFO]: Adding 'minecraft:crafting' recipe, of type: "shapeless", with name: 'crafttweaker:mekanism_alloy_reinforced' that outputs: '<item:mekanism:alloy_reinforced>'
[00:00:02.280][INFO]: Adding 'minecraft:crafting' recipe, of type: "shaped", with name: 'crafttweaker:mekanism_metallurgic_infuser' that outputs: '<item:mekanism:metallurgic_infuser>'
[00:00:02.280][INFO]: Adding 'minecraft:crafting' recipe, of type: "shaped", with name: 'crafttweaker:mekanism_basic_thermodynamic_conductor' that outputs: '<item:mekanism:basic_thermodynamic_conductor> * 4'
[00:00:02.280][INFO]: Adding 'minecraft:crafting' recipe, of type: "shaped", with name: 'crafttweaker:mekanism_basic_logistical_transporter' that outputs: '<item:mekanism:basic_logistical_transporter> * 4'
[00:00:02.280][INFO]: Adding 'minecraft:crafting' recipe, of type: "shaped", with name: 'crafttweaker:mekanism_basic_pressurized_tube' that outputs: '<item:mekanism:basic_pressurized_tube> * 4'
[00:00:02.280][INFO]: Adding 'minecraft:crafting' recipe, of type: "shaped", with name: 'crafttweaker:mekanism_basic_mechanical_pipe' that outputs: '<item:mekanism:basic_mechanical_pipe> * 4'
[00:00:02.280][INFO]: Adding 'minecraft:crafting' recipe, of type: "shaped", with name: 'crafttweaker:mekanism_basic_universal_cable' that outputs: '<item:mekanism:basic_universal_cable> * 4'
[00:00:02.280][INFO]: Adding 'minecraft:crafting' recipe, of type: "shaped", with name: 'crafttweaker:mekanism_basic_tier_installer' that outputs: '<item:mekanism:basic_tier_installer>'
[00:00:02.281][INFO]: Adding 'minecraft:crafting' recipe, of type: "shaped", with name: 'crafttweaker:mekanism_advanced_tier_installer' that outputs: '<item:mekanism:advanced_tier_installer>'
[00:00:02.281][INFO]: Adding 'minecraft:crafting' recipe, of type: "shaped", with name: 'crafttweaker:mekanism_elite_tier_installer' that outputs: '<item:mekanism:elite_tier_installer>'
[00:00:02.281][INFO]: Adding 'minecraft:crafting' recipe, of type: "shaped", with name: 'crafttweaker:mekanism_ultimate_tier_installer' that outputs: '<item:mekanism:ultimate_tier_installer>'
[00:00:02.281][INFO]: Adding 'minecraft:crafting' recipe, of type: "shaped", with name: 'crafttweaker:mekanism_upgrade_speed' that outputs: '<item:mekanism:upgrade_speed> * 2'
[00:00:02.281][INFO]: Adding 'minecraft:crafting' recipe, of type: "shaped", with name: 'crafttweaker:mekanism_upgrade_energy' that outputs: '<item:mekanism:upgrade_energy> * 2'
[00:00:02.281][INFO]: Adding 'minecraft:crafting' recipe, of type: "shaped", with name: 'crafttweaker:mekanism_upgrade_filter' that outputs: '<item:mekanism:upgrade_filter> * 2'
[00:00:02.281][INFO]: Adding 'minecraft:crafting' recipe, of type: "shaped", with name: 'crafttweaker:mekanism_upgrade_gas' that outputs: '<item:mekanism:upgrade_gas> * 2'
[00:00:02.282][INFO]: Adding 'minecraft:crafting' recipe, of type: "shaped", with name: 'crafttweaker:mekanism_upgrade_stone_generator' that outputs: '<item:mekanism:upgrade_stone_generator>'
[00:00:02.282][INFO]: Adding 'minecraft:crafting' recipe, of type: "shaped", with name: 'crafttweaker:mekanism_energy_tablet' that outputs: '<item:mekanism:energy_tablet>'
[00:00:02.282][INFO]: Adding 'minecraft:crafting' recipe, of type: "shaped", with name: 'crafttweaker:mekanism_digital_miner' that outputs: '<item:mekanism:digital_miner>'
[00:00:02.282][INFO]: Adding 'minecraft:crafting' recipe, of type: "shaped", with name: 'crafttweaker:mekanism_basic_energy_cube' that outputs: '<item:mekanism:basic_energy_cube>'
[00:00:02.282][INFO]: Adding 'minecraft:crafting' recipe, of type: "shaped", with name: 'crafttweaker:mekanism_steel_casing' that outputs: '<item:mekanism:steel_casing>'
[00:00:02.282][INFO]: Adding 'minecraft:crafting' recipe, of type: "shaped", with name: 'crafttweaker:mekanism_basic_tank' that outputs: '<item:mekanism:basic_fluid_tank>'
[00:00:02.282][INFO]: Adding 'minecraft:crafting' recipe, of type: "shaped", with name: 'crafttweaker:mekanismgenerators_generatorgas_burning' that outputs: '<item:mekanismgenerators:gas_burning_generator>'
[00:00:02.283][INFO]: Adding 'mekanism:crushing' recipe, with name: 'crafttweaker:buildinggadgets_block_to_paste_mekanism' that outputs: '<item:buildinggadgets:construction_paste> * 4'
[00:00:02.283][INFO]: Adding 'minecraft:crafting' recipe, of type: "shaped", with name: 'crafttweaker:mininggadgets_mininggadget' that outputs: '<item:mininggadgets:mininggadget>'
[00:00:02.283][INFO]: Adding 'minecraft:crafting' recipe, of type: "shapeless", with name: 'crafttweaker:mininggadgets_shapeless_mininggadget_simple' that outputs: '<item:mininggadgets:mininggadget_simple>'
[00:00:02.283][INFO]: Adding 'minecraft:crafting' recipe, of type: "shapeless", with name: 'crafttweaker:mininggadgets_shapeless_mininggadget_fancy' that outputs: '<item:mininggadgets:mininggadget_fancy>'
[00:00:02.283][INFO]: Adding 'minecraft:crafting' recipe, of type: "shapeless", with name: 'crafttweaker:mininggadgets_shapeless_mininggadget_2' that outputs: '<item:mininggadgets:mininggadget>'
[00:00:02.284][INFO]: Adding 'minecraft:crafting' recipe, of type: "shaped", with name: 'crafttweaker:mininggadgets_table' that outputs: '<item:mininggadgets:modificationtable>'
[00:00:02.284][INFO]: Adding 'minecraft:crafting' recipe, of type: "shaped", with name: 'crafttweaker:mininggadgets_upgrade_module' that outputs: '<item:mininggadgets:upgrade_empty>'
[00:00:02.284][INFO]: Adding 'minecraft:crafting' recipe, of type: "shaped", with name: 'crafttweaker:mininggadgets_efficiency1_upgrade' that outputs: '<item:mininggadgets:upgrade_efficiency_1>'
[00:00:02.284][INFO]: Adding 'minecraft:crafting' recipe, of type: "shaped", with name: 'crafttweaker:mininggadgets_efficiency2_upgrade' that outputs: '<item:mininggadgets:upgrade_efficiency_2>'
[00:00:02.284][INFO]: Adding 'minecraft:crafting' recipe, of type: "shaped", with name: 'crafttweaker:mininggadgets_efficiency3_upgrade' that outputs: '<item:mininggadgets:upgrade_efficiency_3>'
[00:00:02.284][INFO]: Adding 'minecraft:crafting' recipe, of type: "shaped", with name: 'crafttweaker:mininggadgets_efficiency4_upgrade' that outputs: '<item:mininggadgets:upgrade_efficiency_4>'
[00:00:02.285][INFO]: Adding 'minecraft:crafting' recipe, of type: "shaped", with name: 'crafttweaker:mininggadgets_efficiency5_upgrade' that outputs: '<item:mininggadgets:upgrade_efficiency_5>'
[00:00:02.285][INFO]: Adding 'minecraft:crafting' recipe, of type: "shaped", with name: 'crafttweaker:mininggadgets_void_upgrade' that outputs: '<item:mininggadgets:upgrade_void_junk>'
[00:00:02.285][INFO]: Adding 'minecraft:crafting' recipe, of type: "shaped", with name: 'crafttweaker:mininggadgets_magnet_upgrade' that outputs: '<item:mininggadgets:upgrade_magnet>'
[00:00:02.285][INFO]: Adding 'minecraft:crafting' recipe, of type: "shaped", with name: 'crafttweaker:mininggadgets_3x3_upgrade' that outputs: '<item:mininggadgets:upgrade_three_by_three>'
[00:00:02.285][INFO]: Adding 'minecraft:crafting' recipe, of type: "shaped", with name: 'crafttweaker:mininggadgets_fortune_1' that outputs: '<item:mininggadgets:upgrade_fortune_1>'
[00:00:02.286][INFO]: Adding 'minecraft:crafting' recipe, of type: "shaped", with name: 'crafttweaker:mininggadgets_fortune_2' that outputs: '<item:mininggadgets:upgrade_fortune_2>'
[00:00:02.286][INFO]: Adding 'minecraft:crafting' recipe, of type: "shaped", with name: 'crafttweaker:mininggadgets_fortune_3' that outputs: '<item:mininggadgets:upgrade_fortune_3>'
[00:00:02.286][INFO]: Adding 'minecraft:crafting' recipe, of type: "shaped", with name: 'crafttweaker:mininggadgets_range_1' that outputs: '<item:mininggadgets:upgrade_range_1>'
[00:00:02.286][INFO]: Adding 'minecraft:crafting' recipe, of type: "shaped", with name: 'crafttweaker:mininggadgets_range_2' that outputs: '<item:mininggadgets:upgrade_range_2>'
[00:00:02.286][INFO]: Adding 'minecraft:crafting' recipe, of type: "shaped", with name: 'crafttweaker:mininggadgets_range_3' that outputs: '<item:mininggadgets:upgrade_range_3>'
[00:00:02.286][INFO]: Adding 'minecraft:crafting' recipe, of type: "shaped", with name: 'crafttweaker:mininggadgets_battery_1' that outputs: '<item:mininggadgets:upgrade_battery_1>'
[00:00:02.287][INFO]: Adding 'minecraft:crafting' recipe, of type: "shaped", with name: 'crafttweaker:mininggadgets_battery_2' that outputs: '<item:mininggadgets:upgrade_battery_2>'
[00:00:02.287][INFO]: Adding 'minecraft:crafting' recipe, of type: "shaped", with name: 'crafttweaker:mininggadgets_battery_3' that outputs: '<item:mininggadgets:upgrade_battery_3>'
[00:00:02.287][INFO]: Adding 'minecraft:crafting' recipe, of type: "shaped", with name: 'crafttweaker:mininggadgets_silk_upgrade' that outputs: '<item:mininggadgets:upgrade_silk>'
[00:00:02.287][INFO]: Adding 'minecraft:crafting' recipe, of type: "shaped", with name: 'crafttweaker:ultimate_upgrade' that outputs: '<item:pipez:ultimate_upgrade>'
[00:00:02.288][INFO]: Adding 'minecraft:crafting' recipe, of type: "shaped", with name: 'crafttweaker:advanced_upgrade' that outputs: '<item:pipez:advanced_upgrade>'
[00:00:02.288][INFO]: Adding 'minecraft:crafting' recipe, of type: "shaped", with name: 'crafttweaker:improved_upgrade' that outputs: '<item:pipez:improved_upgrade>'
[00:00:02.288][INFO]: Adding 'minecraft:crafting' recipe, of type: "shaped", with name: 'crafttweaker:basic_upgrade' that outputs: '<item:pipez:basic_upgrade>'
[00:00:02.288][INFO]: Adding 'minecraft:crafting' recipe, of type: "shaped", with name: 'crafttweaker:universal_pipe' that outputs: '<item:pipez:universal_pipe> * 6'
[00:00:02.288][INFO]: Adding 'minecraft:crafting' recipe, of type: "shaped", with name: 'crafttweaker:gas_pipe' that outputs: '<item:pipez:gas_pipe> * 16'
[00:00:02.289][INFO]: Adding 'minecraft:crafting' recipe, of type: "shaped", with name: 'crafttweaker:energy_pipe' that outputs: '<item:pipez:energy_pipe> * 16'
[00:00:02.289][INFO]: Adding 'minecraft:crafting' recipe, of type: "shaped", with name: 'crafttweaker:fluid_pipe' that outputs: '<item:pipez:fluid_pipe> * 16'
[00:00:02.289][INFO]: Adding 'minecraft:crafting' recipe, of type: "shaped", with name: 'crafttweaker:item_pipe' that outputs: '<item:pipez:item_pipe> * 16'
[00:00:02.289][INFO]: Adding 'minecraft:crafting' recipe, of type: "shaped", with name: 'crafttweaker:wrench' that outputs: '<item:pipez:wrench>'
[00:00:02.289][INFO]: Adding 'minecraft:crafting' recipe, of type: "shaped", with name: 'crafttweaker:filter_destination_tool' that outputs: '<item:pipez:filter_destination_tool>'
[00:00:02.290][INFO]: Removing 'crafting' recipes with output: 'com.blamejared.crafttweaker.api.item.MCItemStack@2bd61737'
[00:00:02.293][INFO]: Removing 'crafting' recipes with output: 'com.blamejared.crafttweaker.api.item.MCItemStack@8d22e07f'
[00:00:02.296][INFO]: Removing 'crafting' recipes with output: 'com.blamejared.crafttweaker.api.item.MCItemStack@af9ff15'
[00:00:02.299][INFO]: Removing 'crafting' recipes with output: 'com.blamejared.crafttweaker.api.item.MCItemStack@d17858a8'
[00:00:02.300][INFO]: Removing 'crafting' recipes with output: 'com.blamejared.crafttweaker.api.item.MCItemStack@ea36f877'
[00:00:02.301][INFO]: Removing 'crafting' recipes with output: 'com.blamejared.crafttweaker.api.item.MCItemStack@cab15120'
[00:00:02.302][INFO]: Removing 'crafting' recipes with output: 'com.blamejared.crafttweaker.api.item.MCItemStack@770d5970'
[00:00:02.303][INFO]: Removing 'crafting' recipes with output: 'com.blamejared.crafttweaker.api.item.MCItemStack@8faa224b'
[00:00:02.303][INFO]: Removing 'crafting' recipes with output: 'com.blamejared.crafttweaker.api.item.MCItemStack@7e6b1381'
[00:00:02.304][INFO]: Removing 'crafting' recipes with output: 'com.blamejared.crafttweaker.api.item.MCItemStack@2819d2f5'
[00:00:02.306][INFO]: Removing 'crafting' recipes with output: 'com.blamejared.crafttweaker.api.item.MCItemStack@2045c409'
[00:00:02.307][INFO]: Removing 'crafting' recipes with output: 'com.blamejared.crafttweaker.api.item.MCItemStack@67159d06'
[00:00:02.308][INFO]: Removing 'crafting' recipes with output: 'com.blamejared.crafttweaker.api.item.MCItemStack@420e0078'
[00:00:02.309][INFO]: Removing 'crafting' recipes with output: 'com.blamejared.crafttweaker.api.item.MCItemStack@19c595a0'
[00:00:02.310][INFO]: Removing 'crafting' recipes with output: 'com.blamejared.crafttweaker.api.item.MCItemStack@18c1a9af'
[00:00:02.311][INFO]: Removing 'crafting' recipes with output: 'com.blamejared.crafttweaker.api.item.MCItemStack@977ca607'
[00:00:02.312][INFO]: Removing 'crafting' recipes with output: 'com.blamejared.crafttweaker.api.item.MCItemStack@4a2b8c64'
[00:00:02.313][INFO]: Removing 'crafting' recipes with output: 'com.blamejared.crafttweaker.api.item.MCItemStack@b4bc3c03'
[00:00:02.314][INFO]: Removing 'crafting' recipes with output: 'com.blamejared.crafttweaker.api.item.MCItemStack@a23f31e'
[00:00:02.316][INFO]: Adding 'powah:energizing' recipe, with name: 'crafttweaker:crystal_nitro' that outputs: '<item:powah:crystal_nitro> * 3'
[00:00:02.316][INFO]: Adding 'powah:energizing' recipe, with name: 'crafttweaker:crystal_spirited' that outputs: '<item:powah:crystal_spirited> * 3'
[00:00:02.316][INFO]: Adding 'powah:energizing' recipe, with name: 'crafttweaker:crystal_niotic' that outputs: '<item:powah:crystal_niotic> * 3'
[00:00:02.316][INFO]: Adding 'powah:energizing' recipe, with name: 'crafttweaker:crystal_blazing' that outputs: '<item:powah:crystal_blazing> * 2'
[00:00:02.317][INFO]: Adding 'powah:energizing' recipe, with name: 'crafttweaker:crystal_blazing2' that outputs: '<item:powah:crystal_blazing> * 2'
[00:00:02.317][INFO]: Adding 'powah:energizing' recipe, with name: 'crafttweaker:steel_energized' that outputs: '<item:powah:steel_energized> * 4'
[00:00:02.317][INFO]: Adding 'powah:energizing' recipe, with name: 'crafttweaker:steel_energized_block' that outputs: '<item:powah:energized_steel_block> * 4'
[00:00:02.317][INFO]: Adding 'powah:energizing' recipe, with name: 'crafttweaker:ender_core' that outputs: '<item:powah:ender_core>'
[00:00:02.318][INFO]: Adding 'powah:energizing' recipe, with name: 'crafttweaker:charged_snowball' that outputs: '<item:powah:charged_snowball>'
[00:00:02.318][INFO]: Adding 'powah:energizing' recipe, with name: 'crafttweaker:dry_ice' that outputs: '<item:powah:dry_ice>'
[00:00:02.318][INFO]: Adding 'minecraft:crafting' recipe, of type: "shapeless", with name: 'crafttweaker:powah_dielectric_paste' that outputs: '<item:powah:dielectric_paste> * 4'
[00:00:02.318][INFO]: Adding 'minecraft:crafting' recipe, of type: "shaped", with name: 'crafttweaker:powah_dielectric_rod' that outputs: '<item:powah:dielectric_rod> * 2'
[00:00:02.319][INFO]: Adding 'minecraft:crafting' recipe, of type: "shaped", with name: 'crafttweaker:powah_dielectric_rod_horizontal' that outputs: '<item:powah:dielectric_rod_horizontal> * 2'
[00:00:02.319][INFO]: Adding 'minecraft:crafting' recipe, of type: "shaped", with name: 'crafttweaker:powah_dielectric_casing' that outputs: '<item:powah:dielectric_casing>'
[00:00:02.319][INFO]: Adding 'minecraft:crafting' recipe, of type: "shaped", with name: 'crafttweaker:powah_solar_panel_starter' that outputs: '<item:powah:solar_panel_starter>'
[00:00:02.319][INFO]: Adding 'minecraft:crafting' recipe, of type: "shaped", with name: 'crafttweaker:powah_solar_panel_basic' that outputs: '<item:powah:solar_panel_basic>'
[00:00:02.319][INFO]: Adding 'minecraft:crafting' recipe, of type: "shaped", with name: 'crafttweaker:powah_solar_panel_hardened' that outputs: '<item:powah:solar_panel_hardened>'
[00:00:02.320][INFO]: Adding 'minecraft:crafting' recipe, of type: "shaped", with name: 'crafttweaker:powah_solar_panel_blazing' that outputs: '<item:powah:solar_panel_blazing>'
[00:00:02.320][INFO]: Adding 'minecraft:crafting' recipe, of type: "shaped", with name: 'crafttweaker:powah_solar_panel_niotic' that outputs: '<item:powah:solar_panel_niotic>'
[00:00:02.320][INFO]: Adding 'minecraft:crafting' recipe, of type: "shaped", with name: 'crafttweaker:powah_solar_panel_spirited' that outputs: '<item:powah:solar_panel_spirited>'
[00:00:02.320][INFO]: Adding 'minecraft:crafting' recipe, of type: "shaped", with name: 'crafttweaker:powah_solar_panel_nitro' that outputs: '<item:powah:solar_panel_nitro>'
[00:00:02.320][INFO]: Adding 'minecraft:crafting' recipe, of type: "shaped", with name: 'crafttweaker:powah_thermoelectric_plate' that outputs: '<item:powah:thermoelectric_plate>'
[00:00:02.320][INFO]: Adding 'minecraft:crafting' recipe, of type: "shaped", with name: 'crafttweaker:powah_energizing_orb' that outputs: '<item:powah:energizing_orb>'
[00:00:02.321][INFO]: Adding 'minecraft:crafting' recipe, of type: "shaped", with name: 'crafttweaker:powah_photoelectric_pane' that outputs: '<item:powah:photoelectric_pane>'
[00:00:02.321][INFO]: Adding 'minecraft:crafting' recipe, of type: "shaped", with name: 'crafttweaker:powah_tiny_basic_capacitor' that outputs: '<item:powah:capacitor_basic_tiny> * 2'
[00:00:02.321][INFO]: Adding 'minecraft:crafting' recipe, of type: "shaped", with name: 'crafttweaker:powah_large_basic_capacitor' that outputs: '<item:powah:capacitor_basic_large>'
[00:00:02.321][INFO]: Adding 'minecraft:crafting' recipe, of type: "shaped", with name: 'crafttweaker:powah_capacitor_basic' that outputs: '<item:powah:capacitor_basic>'
[00:00:02.321][INFO]: Adding 'minecraft:crafting' recipe, of type: "shaped", with name: 'crafttweaker:powah_capacitor_blazing' that outputs: '<item:powah:capacitor_blazing>'
[00:00:02.321][INFO]: Adding 'minecraft:crafting' recipe, of type: "shaped", with name: 'crafttweaker:powah_capacitor_niotic' that outputs: '<item:powah:capacitor_niotic>'
[00:00:02.322][INFO]: Adding 'minecraft:crafting' recipe, of type: "shaped", with name: 'crafttweaker:powah_capacitor_spirited' that outputs: '<item:powah:capacitor_spirited>'
[00:00:02.322][INFO]: Adding 'minecraft:crafting' recipe, of type: "shaped", with name: 'crafttweaker:powah_capacitor_nitro' that outputs: '<item:powah:capacitor_nitro>'
[00:00:02.322][INFO]: Adding 'minecraft:crafting' recipe, of type: "shapeless", with name: 'crafttweaker:powah_block_to_ingots' that outputs: '<item:powah:steel_energized> * 9'
[00:00:02.322][INFO]: Adding 'minecraft:crafting' recipe, of type: "shaped", with name: 'crafttweaker:powah_energy_cell_starter' that outputs: '<item:powah:energy_cell_starter>'
[00:00:02.322][INFO]: Adding 'minecraft:crafting' recipe, of type: "shaped", with name: 'crafttweaker:powah_ender_cell_starter' that outputs: '<item:powah:ender_cell_starter> * 2'
[00:00:02.322][INFO]: Adding 'minecraft:crafting' recipe, of type: "shaped", with name: 'crafttweaker:powah_cable_starter' that outputs: '<item:powah:energy_cable_starter> * 12'
[00:00:02.323][INFO]: Adding 'minecraft:crafting' recipe, of type: "shaped", with name: 'crafttweaker:powah_battery_basic' that outputs: '<item:powah:battery_basic>'
[00:00:02.323][INFO]: Adding 'minecraft:crafting' recipe, of type: "shaped", with name: 'crafttweaker:powah_energy_cell_basic' that outputs: '<item:powah:energy_cell_basic>'
[00:00:02.323][INFO]: Adding 'minecraft:crafting' recipe, of type: "shaped", with name: 'crafttweaker:powah_energy_cell_basic_2' that outputs: '<item:powah:energy_cell_basic>'
[00:00:02.323][INFO]: Adding 'minecraft:crafting' recipe, of type: "shaped", with name: 'crafttweaker:powah_energy_cell_hardened' that outputs: '<item:powah:energy_cell_hardened>'
[00:00:02.323][INFO]: Adding 'minecraft:crafting' recipe, of type: "shaped", with name: 'crafttweaker:powah_energy_cell_blazing' that outputs: '<item:powah:energy_cell_blazing>'
[00:00:02.323][INFO]: Adding 'minecraft:crafting' recipe, of type: "shaped", with name: 'crafttweaker:powah_energy_cell_niotic' that outputs: '<item:powah:energy_cell_niotic>'
[00:00:02.324][INFO]: Adding 'minecraft:crafting' recipe, of type: "shaped", with name: 'crafttweaker:powah_energy_cell_spirited' that outputs: '<item:powah:energy_cell_spirited>'
[00:00:02.324][INFO]: Adding 'minecraft:crafting' recipe, of type: "shaped", with name: 'crafttweaker:powah_energy_cell_nitro' that outputs: '<item:powah:energy_cell_nitro>'
[00:00:02.324][INFO]: Adding 'minecraft:crafting' recipe, of type: "shaped", with name: 'crafttweaker:powah_cable_basic' that outputs: '<item:powah:energy_cable_basic> * 6'
[00:00:02.324][INFO]: Adding 'minecraft:crafting' recipe, of type: "shaped", with name: 'crafttweaker:powah_cable_basic_2' that outputs: '<item:powah:energy_cable_basic> * 12'
[00:00:02.324][INFO]: Adding 'minecraft:crafting' recipe, of type: "shaped", with name: 'crafttweaker:powah_furnator_basic' that outputs: '<item:powah:furnator_basic>'
[00:00:02.324][INFO]: Adding 'minecraft:crafting' recipe, of type: "shaped", with name: 'crafttweaker:powah_magmator_basic' that outputs: '<item:powah:magmator_basic>'
[00:00:02.325][INFO]: Adding 'minecraft:crafting' recipe, of type: "shaped", with name: 'crafttweaker:powah_thermo_generator_basic' that outputs: '<item:powah:thermo_generator_basic>'
[00:00:02.325][INFO]: Adding 'minecraft:crafting' recipe, of type: "shaped", with name: 'crafttweaker:powah_reactor_basic' that outputs: '<item:powah:reactor_basic> * 4'
[00:00:02.325][INFO]: Adding 'minecraft:crafting' recipe, of type: "shaped", with name: 'crafttweaker:powah_reactor_niotic' that outputs: '<item:powah:reactor_niotic> * 4'
[00:00:02.325][INFO]: Adding 'minecraft:crafting' recipe, of type: "shaped", with name: 'crafttweaker:powah_reactor_hardened' that outputs: '<item:powah:reactor_hardened> * 4'
[00:00:02.325][INFO]: Adding 'minecraft:crafting' recipe, of type: "shaped", with name: 'crafttweaker:powah_reactor_blazing' that outputs: '<item:powah:reactor_blazing> * 4'
[00:00:02.325][INFO]: Adding 'minecraft:crafting' recipe, of type: "shaped", with name: 'crafttweaker:powah_reactor_spirited' that outputs: '<item:powah:reactor_spirited> * 4'
[00:00:02.326][INFO]: Adding 'minecraft:crafting' recipe, of type: "shaped", with name: 'crafttweaker:powah_reactor_nitro' that outputs: '<item:powah:reactor_nitro> * 4'
[00:00:02.326][INFO]: Adding 'minecraft:crafting' recipe, of type: "shapeless", with name: 'crafttweaker:powah_rod_to_horizontal' that outputs: '<item:powah:dielectric_rod_horizontal>'
[00:00:02.326][INFO]: Adding 'minecraft:crafting' recipe, of type: "shapeless", with name: 'crafttweaker:powah_horizontal_to_rod' that outputs: '<item:powah:dielectric_rod>'
[00:00:02.327][INFO]: Adding 'minecraft:smithing' recipe, with name: 'crafttweaker:quark_flamerang' that outputs: '<item:quark:flamerang>'
[00:00:02.327][INFO]: Adding 'minecraft:crafting' recipe, of type: "shaped", with name: 'crafttweaker:quark_pickarang' that outputs: '<item:quark:pickarang>'
[00:00:02.327][INFO]: Adding 'minecraft:crafting' recipe, of type: "shaped", with name: 'crafttweaker:quark_ender_watcher' that outputs: '<item:quark:ender_watcher>'
[00:00:02.327][INFO]: Adding 'minecraft:crafting' recipe, of type: "shaped", with name: 'crafttweaker:quark_grate' that outputs: '<item:quark:grate>.withTag({RepairCost: 0 as int, display: {Name: "{\"text\":\"Harry's special\"}" as string}}) * 4'
[00:00:02.328][INFO]: Adding 'minecraft:crafting' recipe, of type: "shaped", with name: 'crafttweaker:quark_blank_rune' that outputs: '<item:quark:blank_rune>'
[00:00:02.328][INFO]: Adding 'minecraft:crafting' recipe, of type: "shapeless", with name: 'crafttweaker:quark_uncraft_carrot_crate' that outputs: '<item:minecraft:carrot> * 9'
[00:00:02.328][INFO]: Adding 'minecraft:crafting' recipe, of type: "shapeless", with name: 'crafttweaker:quark_blue_corundum' that outputs: '<item:quark:blue_corundum>'
[00:00:02.328][INFO]: Adding 'minecraft:crafting' recipe, of type: "shapeless", with name: 'crafttweaker:quark_blue_corundum_sheet' that outputs: '<item:quark:blue_corundum_pane>'
[00:00:02.328][INFO]: Adding 'minecraft:crafting' recipe, of type: "shapeless", with name: 'crafttweaker:quark_waxed_blue_corundum' that outputs: '<item:quark:waxed_blue_corundum>'
[00:00:02.328][INFO]: Adding 'minecraft:crafting' recipe, of type: "shapeless", with name: 'crafttweaker:quark_violet_corundum' that outputs: '<item:quark:violet_corundum>'
[00:00:02.329][INFO]: Adding 'minecraft:crafting' recipe, of type: "shapeless", with name: 'crafttweaker:quark_violet_corundum_sheet' that outputs: '<item:quark:violet_corundum_pane>'
[00:00:02.329][INFO]: Adding 'minecraft:crafting' recipe, of type: "shapeless", with name: 'crafttweaker:quark_waxed_violet_corundum' that outputs: '<item:quark:waxed_violet_corundum>'
[00:00:02.329][INFO]: Adding 'minecraft:crafting' recipe, of type: "shapeless", with name: 'crafttweaker:quark_orange_corundum' that outputs: '<item:quark:orange_corundum>'
[00:00:02.329][INFO]: Adding 'minecraft:crafting' recipe, of type: "shapeless", with name: 'crafttweaker:quark_orange_corundum_sheet' that outputs: '<item:quark:orange_corundum_pane>'
[00:00:02.329][INFO]: Adding 'minecraft:crafting' recipe, of type: "shapeless", with name: 'crafttweaker:quark_waxed_orange_corundum' that outputs: '<item:quark:waxed_orange_corundum>'
[00:00:02.330][INFO]: Adding 'minecraft:crafting' recipe, of type: "shapeless", with name: 'crafttweaker:quark_indigo_corundum' that outputs: '<item:quark:indigo_corundum>'
[00:00:02.330][INFO]: Adding 'minecraft:crafting' recipe, of type: "shapeless", with name: 'crafttweaker:quark_indigo_corundum_sheet' that outputs: '<item:quark:indigo_corundum_pane>'
[00:00:02.330][INFO]: Adding 'minecraft:crafting' recipe, of type: "shapeless", with name: 'crafttweaker:quark_waxed_indigo_corundum' that outputs: '<item:quark:waxed_indigo_corundum>'
[00:00:02.330][INFO]: Adding 'minecraft:crafting' recipe, of type: "shapeless", with name: 'crafttweaker:quark_green_corundum' that outputs: '<item:quark:green_corundum>'
[00:00:02.330][INFO]: Adding 'minecraft:crafting' recipe, of type: "shapeless", with name: 'crafttweaker:quark_green_corundum_sheet' that outputs: '<item:quark:green_corundum_pane>'
[00:00:02.330][INFO]: Adding 'minecraft:crafting' recipe, of type: "shapeless", with name: 'crafttweaker:quark_waxed_green_corundum' that outputs: '<item:quark:waxed_green_corundum>'
[00:00:02.331][INFO]: Adding 'minecraft:crafting' recipe, of type: "shapeless", with name: 'crafttweaker:quark_white_corundum' that outputs: '<item:quark:white_corundum>'
[00:00:02.331][INFO]: Adding 'minecraft:crafting' recipe, of type: "shapeless", with name: 'crafttweaker:quark_white_corundum_sheet' that outputs: '<item:quark:white_corundum_pane>'
[00:00:02.331][INFO]: Adding 'minecraft:crafting' recipe, of type: "shapeless", with name: 'crafttweaker:quark_waxed_white_corundum' that outputs: '<item:quark:waxed_white_corundum>'
[00:00:02.331][INFO]: Adding 'minecraft:crafting' recipe, of type: "shapeless", with name: 'crafttweaker:quark_black_corundum' that outputs: '<item:quark:black_corundum>'
[00:00:02.331][INFO]: Adding 'minecraft:crafting' recipe, of type: "shapeless", with name: 'crafttweaker:quark_black_corundum_sheet' that outputs: '<item:quark:black_corundum_pane>'
[00:00:02.331][INFO]: Adding 'minecraft:crafting' recipe, of type: "shapeless", with name: 'crafttweaker:quark_waxed_black_corundum' that outputs: '<item:quark:waxed_black_corundum>'
[00:00:02.332][INFO]: Adding 'minecraft:crafting' recipe, of type: "shapeless", with name: 'crafttweaker:quark_red_corundum' that outputs: '<item:quark:red_corundum>'
[00:00:02.332][INFO]: Adding 'minecraft:crafting' recipe, of type: "shapeless", with name: 'crafttweaker:quark_red_corundum_sheet' that outputs: '<item:quark:red_corundum_pane>'
[00:00:02.332][INFO]: Adding 'minecraft:crafting' recipe, of type: "shapeless", with name: 'crafttweaker:quark_waxed_red_corundum' that outputs: '<item:quark:waxed_red_corundum>'
[00:00:02.332][INFO]: Adding 'minecraft:crafting' recipe, of type: "shapeless", with name: 'crafttweaker:quark_yellow_corundum' that outputs: '<item:quark:yellow_corundum>'
[00:00:02.332][INFO]: Adding 'minecraft:crafting' recipe, of type: "shapeless", with name: 'crafttweaker:quark_yellow_corundum_sheet' that outputs: '<item:quark:yellow_corundum_pane>'
[00:00:02.332][INFO]: Adding 'minecraft:crafting' recipe, of type: "shapeless", with name: 'crafttweaker:quark_waxed_yellow_corundum' that outputs: '<item:quark:waxed_yellow_corundum>'
[00:00:02.333][INFO]: Adding 'minecraft:crafting' recipe, of type: "shaped", with name: 'crafttweaker:rftoolsbase_machine_frame' that outputs: '<item:rftoolsbase:machine_frame>'
[00:00:02.333][INFO]: Adding 'minecraft:crafting' recipe, of type: "shaped", with name: 'crafttweaker:rs_basic_processor' that outputs: '<item:refinedstorage:basic_processor>'
[00:00:02.334][INFO]: Adding 'minecraft:crafting' recipe, of type: "shaped", with name: 'crafttweaker:rs_improved_processor' that outputs: '<item:refinedstorage:improved_processor>'
[00:00:02.334][INFO]: Adding 'minecraft:crafting' recipe, of type: "shaped", with name: 'crafttweaker:rs_advanced_processor' that outputs: '<item:refinedstorage:advanced_processor>'
[00:00:02.334][INFO]: Adding 'minecraft:crafting' recipe, of type: "shaped", with name: 'crafttweaker:rs_construction' that outputs: '<item:refinedstorage:destruction_core>'
[00:00:02.334][INFO]: Adding 'minecraft:crafting' recipe, of type: "shaped", with name: 'crafttweaker:rs_destruction' that outputs: '<item:refinedstorage:construction_core>'
[00:00:02.334][INFO]: Adding 'minecraft:crafting' recipe, of type: "shaped", with name: 'crafttweaker:rs_storage_housing' that outputs: '<item:refinedstorage:storage_housing>'
[00:00:02.335][INFO]: Adding 'minecraft:crafting' recipe, of type: "shaped", with name: 'crafttweaker:rs_1k_storage_part' that outputs: '<item:refinedstorage:1k_storage_part>'
[00:00:02.335][INFO]: Adding 'minecraft:crafting' recipe, of type: "shapeless", with name: 'crafttweaker:rs_1k_storage_disk_shapeless' that outputs: '<item:refinedstorage:1k_storage_disk>'
[00:00:02.335][INFO]: Adding 'minecraft:crafting' recipe, of type: "shaped", with name: 'crafttweaker:rs_4k_storage_part' that outputs: '<item:refinedstorage:4k_storage_part>'
[00:00:02.335][INFO]: Adding 'minecraft:crafting' recipe, of type: "shapeless", with name: 'crafttweaker:rs_4k_storage_disk_shapeless' that outputs: '<item:refinedstorage:4k_storage_disk>'
[00:00:02.335][INFO]: Adding 'minecraft:crafting' recipe, of type: "shaped", with name: 'crafttweaker:rs_16k_storage_part' that outputs: '<item:refinedstorage:16k_storage_part>'
[00:00:02.335][INFO]: Adding 'minecraft:crafting' recipe, of type: "shapeless", with name: 'crafttweaker:rs_16k_storage_disk_shapeless' that outputs: '<item:refinedstorage:16k_storage_disk>'
[00:00:02.336][INFO]: Adding 'minecraft:crafting' recipe, of type: "shaped", with name: 'crafttweaker:rs_64k_storage_part' that outputs: '<item:refinedstorage:64k_storage_part>'
[00:00:02.336][INFO]: Adding 'minecraft:crafting' recipe, of type: "shapeless", with name: 'crafttweaker:rs_64k_storage_disk_shapeless' that outputs: '<item:refinedstorage:64k_storage_disk>'
[00:00:02.336][INFO]: Adding 'minecraft:crafting' recipe, of type: "shaped", with name: 'crafttweaker:rs_quartz_enriched_iron' that outputs: '<item:refinedstorage:quartz_enriched_iron> * 2'
[00:00:02.336][INFO]: Adding 'minecraft:crafting' recipe, of type: "shapeless", with name: 'crafttweaker:rs_shapeless_quartz_enriched_iron' that outputs: '<item:refinedstorage:quartz_enriched_iron> * 9'
[00:00:02.336][INFO]: Adding 'minecraft:crafting' recipe, of type: "shaped", with name: 'crafttweaker:rs_machine_casing' that outputs: '<item:refinedstorage:machine_casing>'
[00:00:02.336][INFO]: Adding 'minecraft:crafting' recipe, of type: "shaped", with name: 'crafttweaker:rs_disk_drive' that outputs: '<item:refinedstorage:disk_drive>'
[00:00:02.337][INFO]: Adding 'minecraft:crafting' recipe, of type: "shaped", with name: 'crafttweaker:rs_grid' that outputs: '<item:refinedstorage:grid>'
[00:00:02.337][INFO]: Adding 'minecraft:crafting' recipe, of type: "shapeless", with name: 'crafttweaker:rs_shapeless_grid' that outputs: '<item:refinedstorage:grid>'
[00:00:02.337][INFO]: Adding 'minecraft:crafting' recipe, of type: "shaped", with name: 'crafttweaker:rs_crafting_grid' that outputs: '<item:refinedstorage:crafting_grid>'
[00:00:02.337][INFO]: Adding 'minecraft:crafting' recipe, of type: "shapeless", with name: 'crafttweaker:rs_shapeless_crafting_grid' that outputs: '<item:refinedstorage:crafting_grid>'
[00:00:02.337][INFO]: Adding 'minecraft:crafting' recipe, of type: "shapeless", with name: 'crafttweaker:rs_shapeless_detector' that outputs: '<item:refinedstorage:detector>'
[00:00:02.338][INFO]: Adding 'minecraft:crafting' recipe, of type: "shapeless", with name: 'crafttweaker:rs_shapeless_wireless_transmitter' that outputs: '<item:refinedstorage:wireless_transmitter>'
[00:00:02.338][INFO]: Adding 'minecraft:crafting' recipe, of type: "shapeless", with name: 'crafttweaker:rs_purple_grid' that outputs: '<item:refinedstorage:purple_grid>'
[00:00:02.338][INFO]: Adding 'minecraft:crafting' recipe, of type: "shapeless", with name: 'crafttweaker:rs_purple_crafting_grid' that outputs: '<item:refinedstorage:purple_crafting_grid>'
[00:00:02.338][INFO]: Adding 'minecraft:crafting' recipe, of type: "shapeless", with name: 'crafttweaker:rs_purple_detector' that outputs: '<item:refinedstorage:purple_detector>'
[00:00:02.338][INFO]: Adding 'minecraft:crafting' recipe, of type: "shapeless", with name: 'crafttweaker:rs_purple_wireless_transmitter' that outputs: '<item:refinedstorage:purple_wireless_transmitter>'
[00:00:02.339][INFO]: Adding 'minecraft:crafting' recipe, of type: "shapeless", with name: 'crafttweaker:rs_purple_controller' that outputs: '<item:refinedstorage:purple_controller>'
[00:00:02.339][INFO]: Adding 'minecraft:crafting' recipe, of type: "shapeless", with name: 'crafttweaker:rs_light_gray_grid' that outputs: '<item:refinedstorage:light_gray_grid>'
[00:00:02.339][INFO]: Adding 'minecraft:crafting' recipe, of type: "shapeless", with name: 'crafttweaker:rs_light_gray_crafting_grid' that outputs: '<item:refinedstorage:light_gray_crafting_grid>'
[00:00:02.339][INFO]: Adding 'minecraft:crafting' recipe, of type: "shapeless", with name: 'crafttweaker:rs_light_gray_detector' that outputs: '<item:refinedstorage:light_gray_detector>'
[00:00:02.339][INFO]: Adding 'minecraft:crafting' recipe, of type: "shapeless", with name: 'crafttweaker:rs_light_gray_wireless_transmitter' that outputs: '<item:refinedstorage:light_gray_wireless_transmitter>'
[00:00:02.340][INFO]: Adding 'minecraft:crafting' recipe, of type: "shapeless", with name: 'crafttweaker:rs_light_gray_controller' that outputs: '<item:refinedstorage:light_gray_controller>'
[00:00:02.340][INFO]: Adding 'minecraft:crafting' recipe, of type: "shapeless", with name: 'crafttweaker:rs_green_grid' that outputs: '<item:refinedstorage:green_grid>'
[00:00:02.340][INFO]: Adding 'minecraft:crafting' recipe, of type: "shapeless", with name: 'crafttweaker:rs_green_crafting_grid' that outputs: '<item:refinedstorage:green_crafting_grid>'
[00:00:02.340][INFO]: Adding 'minecraft:crafting' recipe, of type: "shapeless", with name: 'crafttweaker:rs_green_detector' that outputs: '<item:refinedstorage:green_detector>'
[00:00:02.340][INFO]: Adding 'minecraft:crafting' recipe, of type: "shapeless", with name: 'crafttweaker:rs_green_wireless_transmitter' that outputs: '<item:refinedstorage:green_wireless_transmitter>'
[00:00:02.341][INFO]: Adding 'minecraft:crafting' recipe, of type: "shapeless", with name: 'crafttweaker:rs_green_controller' that outputs: '<item:refinedstorage:green_controller>'
[00:00:02.341][INFO]: Adding 'minecraft:crafting' recipe, of type: "shapeless", with name: 'crafttweaker:rs_magenta_grid' that outputs: '<item:refinedstorage:magenta_grid>'
[00:00:02.341][INFO]: Adding 'minecraft:crafting' recipe, of type: "shapeless", with name: 'crafttweaker:rs_magenta_crafting_grid' that outputs: '<item:refinedstorage:magenta_crafting_grid>'
[00:00:02.341][INFO]: Adding 'minecraft:crafting' recipe, of type: "shapeless", with name: 'crafttweaker:rs_magenta_detector' that outputs: '<item:refinedstorage:magenta_detector>'
[00:00:02.341][INFO]: Adding 'minecraft:crafting' recipe, of type: "shapeless", with name: 'crafttweaker:rs_magenta_wireless_transmitter' that outputs: '<item:refinedstorage:magenta_wireless_transmitter>'
[00:00:02.342][INFO]: Adding 'minecraft:crafting' recipe, of type: "shapeless", with name: 'crafttweaker:rs_magenta_controller' that outputs: '<item:refinedstorage:magenta_controller>'
[00:00:02.342][INFO]: Adding 'minecraft:crafting' recipe, of type: "shapeless", with name: 'crafttweaker:rs_red_grid' that outputs: '<item:refinedstorage:red_grid>'
[00:00:02.342][INFO]: Adding 'minecraft:crafting' recipe, of type: "shapeless", with name: 'crafttweaker:rs_red_crafting_grid' that outputs: '<item:refinedstorage:red_crafting_grid>'
[00:00:02.342][INFO]: Adding 'minecraft:crafting' recipe, of type: "shapeless", with name: 'crafttweaker:rs_red_detector' that outputs: '<item:refinedstorage:red_detector>'
[00:00:02.342][INFO]: Adding 'minecraft:crafting' recipe, of type: "shapeless", with name: 'crafttweaker:rs_red_wireless_transmitter' that outputs: '<item:refinedstorage:red_wireless_transmitter>'
[00:00:02.343][INFO]: Adding 'minecraft:crafting' recipe, of type: "shapeless", with name: 'crafttweaker:rs_red_controller' that outputs: '<item:refinedstorage:red_controller>'
[00:00:02.343][INFO]: Adding 'minecraft:crafting' recipe, of type: "shapeless", with name: 'crafttweaker:rs_lime_grid' that outputs: '<item:refinedstorage:lime_grid>'
[00:00:02.343][INFO]: Adding 'minecraft:crafting' recipe, of type: "shapeless", with name: 'crafttweaker:rs_lime_crafting_grid' that outputs: '<item:refinedstorage:lime_crafting_grid>'
[00:00:02.343][INFO]: Adding 'minecraft:crafting' recipe, of type: "shapeless", with name: 'crafttweaker:rs_lime_detector' that outputs: '<item:refinedstorage:lime_detector>'
[00:00:02.343][INFO]: Adding 'minecraft:crafting' recipe, of type: "shapeless", with name: 'crafttweaker:rs_lime_wireless_transmitter' that outputs: '<item:refinedstorage:lime_wireless_transmitter>'
[00:00:02.343][INFO]: Adding 'minecraft:crafting' recipe, of type: "shapeless", with name: 'crafttweaker:rs_lime_controller' that outputs: '<item:refinedstorage:lime_controller>'
[00:00:02.344][INFO]: Adding 'minecraft:crafting' recipe, of type: "shapeless", with name: 'crafttweaker:rs_gray_grid' that outputs: '<item:refinedstorage:gray_grid>'
[00:00:02.344][INFO]: Adding 'minecraft:crafting' recipe, of type: "shapeless", with name: 'crafttweaker:rs_gray_crafting_grid' that outputs: '<item:refinedstorage:gray_crafting_grid>'
[00:00:02.344][INFO]: Adding 'minecraft:crafting' recipe, of type: "shapeless", with name: 'crafttweaker:rs_gray_detector' that outputs: '<item:refinedstorage:gray_detector>'
[00:00:02.344][INFO]: Adding 'minecraft:crafting' recipe, of type: "shapeless", with name: 'crafttweaker:rs_gray_wireless_transmitter' that outputs: '<item:refinedstorage:gray_wireless_transmitter>'
[00:00:02.344][INFO]: Adding 'minecraft:crafting' recipe, of type: "shapeless", with name: 'crafttweaker:rs_gray_controller' that outputs: '<item:refinedstorage:gray_controller>'
[00:00:02.345][INFO]: Adding 'minecraft:crafting' recipe, of type: "shapeless", with name: 'crafttweaker:rs_orange_grid' that outputs: '<item:refinedstorage:orange_grid>'
[00:00:02.345][INFO]: Adding 'minecraft:crafting' recipe, of type: "shapeless", with name: 'crafttweaker:rs_orange_crafting_grid' that outputs: '<item:refinedstorage:orange_crafting_grid>'
[00:00:02.345][INFO]: Adding 'minecraft:crafting' recipe, of type: "shapeless", with name: 'crafttweaker:rs_orange_detector' that outputs: '<item:refinedstorage:orange_detector>'
[00:00:02.345][INFO]: Adding 'minecraft:crafting' recipe, of type: "shapeless", with name: 'crafttweaker:rs_orange_wireless_transmitter' that outputs: '<item:refinedstorage:orange_wireless_transmitter>'
[00:00:02.345][INFO]: Adding 'minecraft:crafting' recipe, of type: "shapeless", with name: 'crafttweaker:rs_orange_controller' that outputs: '<item:refinedstorage:orange_controller>'
[00:00:02.345][INFO]: Adding 'minecraft:crafting' recipe, of type: "shapeless", with name: 'crafttweaker:rs_brown_grid' that outputs: '<item:refinedstorage:brown_grid>'
[00:00:02.346][INFO]: Adding 'minecraft:crafting' recipe, of type: "shapeless", with name: 'crafttweaker:rs_brown_crafting_grid' that outputs: '<item:refinedstorage:brown_crafting_grid>'
[00:00:02.346][INFO]: Adding 'minecraft:crafting' recipe, of type: "shapeless", with name: 'crafttweaker:rs_brown_detector' that outputs: '<item:refinedstorage:brown_detector>'
[00:00:02.346][INFO]: Adding 'minecraft:crafting' recipe, of type: "shapeless", with name: 'crafttweaker:rs_brown_wireless_transmitter' that outputs: '<item:refinedstorage:brown_wireless_transmitter>'
[00:00:02.346][INFO]: Adding 'minecraft:crafting' recipe, of type: "shapeless", with name: 'crafttweaker:rs_brown_controller' that outputs: '<item:refinedstorage:brown_controller>'
[00:00:02.346][INFO]: Adding 'minecraft:crafting' recipe, of type: "shapeless", with name: 'crafttweaker:rs_pink_grid' that outputs: '<item:refinedstorage:pink_grid>'
[00:00:02.347][INFO]: Adding 'minecraft:crafting' recipe, of type: "shapeless", with name: 'crafttweaker:rs_pink_crafting_grid' that outputs: '<item:refinedstorage:pink_crafting_grid>'
[00:00:02.347][INFO]: Adding 'minecraft:crafting' recipe, of type: "shapeless", with name: 'crafttweaker:rs_pink_detector' that outputs: '<item:refinedstorage:pink_detector>'
[00:00:02.347][INFO]: Adding 'minecraft:crafting' recipe, of type: "shapeless", with name: 'crafttweaker:rs_pink_wireless_transmitter' that outputs: '<item:refinedstorage:pink_wireless_transmitter>'
[00:00:02.347][INFO]: Adding 'minecraft:crafting' recipe, of type: "shapeless", with name: 'crafttweaker:rs_pink_controller' that outputs: '<item:refinedstorage:pink_controller>'
[00:00:02.347][INFO]: Adding 'minecraft:crafting' recipe, of type: "shapeless", with name: 'crafttweaker:rs_cyan_grid' that outputs: '<item:refinedstorage:cyan_grid>'
[00:00:02.347][INFO]: Adding 'minecraft:crafting' recipe, of type: "shapeless", with name: 'crafttweaker:rs_cyan_crafting_grid' that outputs: '<item:refinedstorage:cyan_crafting_grid>'
[00:00:02.348][INFO]: Adding 'minecraft:crafting' recipe, of type: "shapeless", with name: 'crafttweaker:rs_cyan_detector' that outputs: '<item:refinedstorage:cyan_detector>'
[00:00:02.348][INFO]: Adding 'minecraft:crafting' recipe, of type: "shapeless", with name: 'crafttweaker:rs_cyan_wireless_transmitter' that outputs: '<item:refinedstorage:cyan_wireless_transmitter>'
[00:00:02.348][INFO]: Adding 'minecraft:crafting' recipe, of type: "shapeless", with name: 'crafttweaker:rs_cyan_controller' that outputs: '<item:refinedstorage:cyan_controller>'
[00:00:02.348][INFO]: Adding 'minecraft:crafting' recipe, of type: "shapeless", with name: 'crafttweaker:rs_white_grid' that outputs: '<item:refinedstorage:white_grid>'
[00:00:02.348][INFO]: Adding 'minecraft:crafting' recipe, of type: "shapeless", with name: 'crafttweaker:rs_white_crafting_grid' that outputs: '<item:refinedstorage:white_crafting_grid>'
[00:00:02.349][INFO]: Adding 'minecraft:crafting' recipe, of type: "shapeless", with name: 'crafttweaker:rs_white_detector' that outputs: '<item:refinedstorage:white_detector>'
[00:00:02.349][INFO]: Adding 'minecraft:crafting' recipe, of type: "shapeless", with name: 'crafttweaker:rs_white_wireless_transmitter' that outputs: '<item:refinedstorage:white_wireless_transmitter>'
[00:00:02.349][INFO]: Adding 'minecraft:crafting' recipe, of type: "shapeless", with name: 'crafttweaker:rs_white_controller' that outputs: '<item:refinedstorage:white_controller>'
[00:00:02.349][INFO]: Adding 'minecraft:crafting' recipe, of type: "shapeless", with name: 'crafttweaker:rs_yellow_grid' that outputs: '<item:refinedstorage:yellow_grid>'
[00:00:02.349][INFO]: Adding 'minecraft:crafting' recipe, of type: "shapeless", with name: 'crafttweaker:rs_yellow_crafting_grid' that outputs: '<item:refinedstorage:yellow_crafting_grid>'
[00:00:02.350][INFO]: Adding 'minecraft:crafting' recipe, of type: "shapeless", with name: 'crafttweaker:rs_yellow_detector' that outputs: '<item:refinedstorage:yellow_detector>'
[00:00:02.350][INFO]: Adding 'minecraft:crafting' recipe, of type: "shapeless", with name: 'crafttweaker:rs_yellow_wireless_transmitter' that outputs: '<item:refinedstorage:yellow_wireless_transmitter>'
[00:00:02.350][INFO]: Adding 'minecraft:crafting' recipe, of type: "shapeless", with name: 'crafttweaker:rs_yellow_controller' that outputs: '<item:refinedstorage:yellow_controller>'
[00:00:02.350][INFO]: Adding 'minecraft:crafting' recipe, of type: "shapeless", with name: 'crafttweaker:rs_blue_grid' that outputs: '<item:refinedstorage:blue_grid>'
[00:00:02.350][INFO]: Adding 'minecraft:crafting' recipe, of type: "shapeless", with name: 'crafttweaker:rs_blue_crafting_grid' that outputs: '<item:refinedstorage:blue_crafting_grid>'
[00:00:02.350][INFO]: Adding 'minecraft:crafting' recipe, of type: "shapeless", with name: 'crafttweaker:rs_blue_detector' that outputs: '<item:refinedstorage:blue_detector>'
[00:00:02.351][INFO]: Adding 'minecraft:crafting' recipe, of type: "shapeless", with name: 'crafttweaker:rs_blue_wireless_transmitter' that outputs: '<item:refinedstorage:blue_wireless_transmitter>'
[00:00:02.351][INFO]: Adding 'minecraft:crafting' recipe, of type: "shapeless", with name: 'crafttweaker:rs_blue_controller' that outputs: '<item:refinedstorage:blue_controller>'
[00:00:02.351][INFO]: Adding 'minecraft:crafting' recipe, of type: "shapeless", with name: 'crafttweaker:rs_black_grid' that outputs: '<item:refinedstorage:black_grid>'
[00:00:02.351][INFO]: Adding 'minecraft:crafting' recipe, of type: "shapeless", with name: 'crafttweaker:rs_black_crafting_grid' that outputs: '<item:refinedstorage:black_crafting_grid>'
[00:00:02.351][INFO]: Adding 'minecraft:crafting' recipe, of type: "shapeless", with name: 'crafttweaker:rs_black_detector' that outputs: '<item:refinedstorage:black_detector>'
[00:00:02.352][INFO]: Adding 'minecraft:crafting' recipe, of type: "shapeless", with name: 'crafttweaker:rs_black_wireless_transmitter' that outputs: '<item:refinedstorage:black_wireless_transmitter>'
[00:00:02.352][INFO]: Adding 'minecraft:crafting' recipe, of type: "shapeless", with name: 'crafttweaker:rs_black_controller' that outputs: '<item:refinedstorage:black_controller>'
[00:00:02.352][INFO]: Adding 'minecraft:crafting' recipe, of type: "shaped", with name: 'crafttweaker:rs_detector' that outputs: '<item:refinedstorage:detector>'
[00:00:02.352][INFO]: Adding 'minecraft:crafting' recipe, of type: "shaped", with name: 'crafttweaker:rs_wireless_transmitter' that outputs: '<item:refinedstorage:wireless_transmitter>'
[00:00:02.352][INFO]: Adding 'minecraft:crafting' recipe, of type: "shaped", with name: 'crafttweaker:rs_external_storage' that outputs: '<item:refinedstorage:external_storage>'
[00:00:02.353][INFO]: Adding 'minecraft:crafting' recipe, of type: "shaped", with name: 'crafttweaker:rs_speed_upgrade' that outputs: '<item:refinedstorage:speed_upgrade>'
[00:00:02.353][INFO]: Adding 'minecraft:crafting' recipe, of type: "shaped", with name: 'crafttweaker:rs_crafting_upgrade' that outputs: '<item:refinedstorage:crafting_upgrade>'
[00:00:02.353][INFO]: Adding 'minecraft:crafting' recipe, of type: "shaped", with name: 'crafttweaker:rs_stack_upgrade' that outputs: '<item:refinedstorage:stack_upgrade>'
[00:00:02.353][INFO]: Adding 'minecraft:crafting' recipe, of type: "shapeless", with name: 'crafttweaker:rs_wireless_crafting_grid' that outputs: '<item:refinedstorageaddons:wireless_crafting_grid>'
[00:00:02.353][INFO]: Adding 'minecraft:crafting' recipe, of type: "shapeless", with name: 'crafttweaker:rs_pattern_grid' that outputs: '<item:refinedstorage:pattern_grid>'
[00:00:02.353][INFO]: Adding 'minecraft:crafting' recipe, of type: "shaped", with name: 'crafttweaker:rs_controller' that outputs: '<item:refinedstorage:controller>'
[00:00:02.354][INFO]: Adding 'minecraft:crafting' recipe, of type: "shaped", with name: 'crafttweaker:rs_crafter' that outputs: '<item:refinedstorage:crafter>'
[00:00:02.354][INFO]: Adding 'minecraft:crafting' recipe, of type: "shaped", with name: 'crafttweaker:rs_crafter_manager' that outputs: '<item:refinedstorage:crafter_manager>'
[00:00:02.354][INFO]: Adding 'minecraft:crafting' recipe, of type: "shaped", with name: 'crafttweaker:rs_pattern' that outputs: '<item:refinedstorage:pattern>'
[00:00:02.354][INFO]: Adding 'minecraft:crafting' recipe, of type: "shaped", with name: 'crafttweaker:rs_network_card' that outputs: '<item:refinedstorage:network_card>'
[00:00:02.355][INFO]: Adding 'minecraft:crafting' recipe, of type: "shaped", with name: 'crafttweaker:rs_network_receiver' that outputs: '<item:refinedstorage:network_receiver>'
[00:00:02.355][INFO]: Adding 'minecraft:crafting' recipe, of type: "shaped", with name: 'crafttweaker:rs_network_transmitter' that outputs: '<item:refinedstorage:network_transmitter>'
[00:00:02.355][INFO]: Adding 'minecraft:crafting' recipe, of type: "shaped", with name: 'crafttweaker:rs_security_card' that outputs: '<item:refinedstorage:security_card>'
[00:00:02.355][INFO]: Adding 'minecraft:crafting' recipe, of type: "shapeless", with name: 'crafttweaker:rs_64k_fluid_disk_shapeless' that outputs: '<item:refinedstorage:64k_fluid_storage_disk>'
[00:00:02.355][INFO]: Adding 'minecraft:crafting' recipe, of type: "shapeless", with name: 'crafttweaker:rs_256k_fluid_disk_shapeless' that outputs: '<item:refinedstorage:256k_fluid_storage_disk>'
[00:00:02.356][INFO]: Adding 'minecraft:crafting' recipe, of type: "shapeless", with name: 'crafttweaker:rs_1024k_fluide_disk_shapeless' that outputs: '<item:refinedstorage:1024k_fluid_storage_disk>'
[00:00:02.356][INFO]: Adding 'minecraft:crafting' recipe, of type: "shapeless", with name: 'crafttweaker:rs_4096k_fluid_disk_shapeless' that outputs: '<item:refinedstorage:4096k_fluid_storage_disk>'
[00:00:02.356][INFO]: Adding 'minecraft:crafting' recipe, of type: "shaped", with name: 'crafttweaker:rs_wireless_grid' that outputs: '<item:refinedstorage:wireless_grid>'
[00:00:02.357][INFO]: Adding 'minecraft:crafting' recipe, of type: "shaped", with name: 'crafttweaker:modularrouters_sender_module_1' that outputs: '<item:modularrouters:sender_module_1>'
[00:00:02.357][INFO]: Adding 'minecraft:crafting' recipe, of type: "shaped", with name: 'crafttweaker:modularrouters_sender_module_2' that outputs: '<item:modularrouters:sender_module_2>'
[00:00:02.357][INFO]: Adding 'minecraft:crafting' recipe, of type: "shapeless", with name: 'crafttweaker:modularrouters_sender_module_3' that outputs: '<item:modularrouters:sender_module_3>'
[00:00:02.358][INFO]: Adding 'minecraft:crafting' recipe, of type: "shaped", with name: 'crafttweaker:modularroutersdistributor_module' that outputs: '<item:modularrouters:distributor_module>'
[00:00:02.358][INFO]: Adding 'minecraft:crafting' recipe, of type: "shapeless", with name: 'crafttweaker:modularroutersvacuum_hopper' that outputs: '<item:modularrouters:vacuum_module>'
[00:00:02.358][INFO]: Adding 'minecraft:crafting' recipe, of type: "shaped", with name: 'crafttweaker:modularrouters_router' that outputs: '<item:modularrouters:modular_router> * 2'
[00:00:02.358][INFO]: Adding 'minecraft:crafting' recipe, of type: "shaped", with name: 'crafttweaker:modularrouters_blank_module' that outputs: '<item:modularrouters:blank_module> * 3'
[00:00:02.358][INFO]: Adding 'minecraft:crafting' recipe, of type: "shaped", with name: 'crafttweaker:modularrouters_blank_upgrade' that outputs: '<item:modularrouters:blank_upgrade> * 2'
[00:00:02.359][INFO]: Adding 'minecraft:crafting' recipe, of type: "shapeless", with name: 'crafttweaker:modularrouters_stack_augment' that outputs: '<item:modularrouters:stack_augment>'
[00:00:02.359][INFO]: Adding 'minecraft:crafting' recipe, of type: "shaped", with name: 'crafttweaker:modularrouters_augment_core' that outputs: '<item:modularrouters:augment_core> * 8'
[00:00:02.359][INFO]: Adding 'minecraft:crafting' recipe, of type: "shapeless", with name: 'crafttweaker:modularrouters_void_module' that outputs: '<item:modularrouters:void_module>'
[00:00:02.359][INFO]: Adding 'minecraft:crafting' recipe, of type: "shaped", with name: 'crafttweaker:modularrouters_puller_module_1' that outputs: '<item:modularrouters:puller_module_1>'
[00:00:02.360][INFO]: Adding 'minecraft:crafting' recipe, of type: "shaped", with name: 'crafttweaker:modularrouters_puller_module_2' that outputs: '<item:modularrouters:puller_module_2>'
[00:00:02.360][INFO]: Adding 'minecraft:crafting' recipe, of type: "shapeless", with name: 'crafttweaker:modularrouters_extruder_module_2' that outputs: '<item:modularrouters:extruder_module_2>'
[00:00:02.360][INFO]: Adding 'minecraft:crafting' recipe, of type: "shaped", with name: 'crafttweaker:modularrouters_speed_upgrade' that outputs: '<item:modularrouters:speed_upgrade> * 9'
[00:00:02.360][INFO]: Adding 'minecraft:crafting' recipe, of type: "shaped", with name: 'crafttweaker:modularrouters_stack_upgrade' that outputs: '<item:modularrouters:stack_upgrade> * 6'
[00:00:02.360][INFO]: Adding 'minecraft:crafting' recipe, of type: "shaped", with name: 'crafttweaker:modularrouters_muffler_upgrade' that outputs: '<item:modularrouters:muffler_upgrade> * 4'
[00:00:02.360][INFO]: Adding 'minecraft:crafting' recipe, of type: "shaped", with name: 'crafttweaker:modularrouters_camo_upgrade' that outputs: '<item:modularrouters:camouflage_upgrade>'
[00:00:02.361][INFO]: Adding 'minecraft:crafting' recipe, of type: "shaped", with name: 'crafttweaker:simplestorage_network_cable' that outputs: '<item:storagenetwork:kabel> * 6'
[00:00:02.361][INFO]: Adding 'minecraft:crafting' recipe, of type: "shaped", with name: 'crafttweaker:simplestorage_storage_cable' that outputs: '<item:storagenetwork:storage_kabel> * 4'
[00:00:02.361][INFO]: Adding 'minecraft:crafting' recipe, of type: "shaped", with name: 'crafttweaker:simplestorage_storage_inventory' that outputs: '<item:storagenetwork:inventory>'
[00:00:02.361][INFO]: Adding 'minecraft:crafting' recipe, of type: "shaped", with name: 'crafttweaker:simplestorage_controller' that outputs: '<item:storagenetwork:master>'
[00:00:02.362][INFO]: Registering loot modifier with name 'crafttweaker:snad'
[00:00:02.362][INFO]: Registering loot modifier with name 'crafttweaker:redsnad'
[00:00:02.362][INFO]: Registering loot modifier with name 'crafttweaker:suolsnad'
[00:00:02.362][INFO]: Adding 'minecraft:crafting' recipe, of type: "shaped", with name: 'crafttweaker:snad_snad' that outputs: '<item:snad:snad>'
[00:00:02.363][INFO]: Adding 'minecraft:crafting' recipe, of type: "shaped", with name: 'crafttweaker:snad_red_snad' that outputs: '<item:snad:red_snad>'
[00:00:02.363][INFO]: Adding 'minecraft:crafting' recipe, of type: "shaped", with name: 'crafttweaker:snad_soul_snad' that outputs: '<item:snad:suol_snad>'
[00:00:02.363][INFO]: Adding: [compressium:dirt_1, compressium:dirt_2, compressium:dirt_3, compressium:dirt_4, compressium:dirt_5, compressium:dirt_6, compressium:dirt_7, compressium:dirt_8, compressium:dirt_9] to tag: <tag:blocks:minecraft:mineable/shovel>
[00:00:02.364][INFO]: Adding: [compressium:dirt_1, compressium:dirt_2, compressium:dirt_3, compressium:dirt_4, compressium:dirt_5, compressium:dirt_6, compressium:dirt_7, compressium:dirt_8, compressium:dirt_9, cfm:post_box] to tag: <tag:blocks:minecraft:mineable/pickaxe>
[00:00:02.364][INFO]: Adding: [sophisticatedbackpacks:iron_backpack, sophisticatedbackpacks:backpack, sophisticatedbackpacks:gold_backpack, sophisticatedbackpacks:diamond_backpack, sophisticatedbackpacks:netherite_backpack] to tag: <tag:blocks:buildinggadgets:blacklist/generic>
[00:00:02.364][INFO]: Adding: [compressium:dirt_2, compressium:cobblestone_2, compressium:stone_2, compressium:sand_2, compressium:gravel_2, compressium:andesite_2, compressium:snow_2, compressium:diorite_2, compressium:granite_2, compressium:netherrack_2, compressium:obsidian_2, compressium:soulsand_2, compressium:endstone_2, compressium:clay_2, compressium:dirt_3, compressium:cobblestone_3, compressium:stone_3, compressium:sand_3, compressium:gravel_3, compressium:andesite_3, compressium:snow_3, compressium:diorite_3, compressium:granite_3, compressium:netherrack_3, compressium:obsidian_3, compressium:soulsand_3, compressium:endstone_3, compressium:clay_3, compressium:dirt_4, compressium:cobblestone_4, compressium:stone_4, compressium:sand_4, compressium:gravel_4, compressium:andesite_4, compressium:snow_4, compressium:diorite_4, compressium:granite_4, compressium:netherrack_4, compressium:obsidian_4, compressium:soulsand_4, compressium:endstone_4, compressium:clay_4] to tag: <tag:blocks:the_vault:voidmine_exclusions>
[00:00:02.364][INFO]: Adding: [alexsmobs:spawn_egg_flutter] to tag: <tag:items:the_vault:spawnegg>
[00:00:02.365][INFO]: Adding: [alexsmobs:spawn_egg_flutter] to tag: <tag:items:the_vault:passiveegg>
[00:00:02.365][INFO]: Removing "thermal:press" recipes with outputs: [com.blamejared.crafttweaker.api.item.MCItemStack@a9f4228e]" and fluid outputs: "[]"
[00:00:02.366][INFO]: Adding 'thermal:press' recipe, with name: 'crafttweaker:thermal_nickel_gear_press_vh' that outputs: '<item:minecraft:air>'
[00:00:02.366][INFO]: Adding 'minecraft:crafting' recipe, of type: "shaped", with name: 'crafttweaker:thermal_nickel_gear' that outputs: '<item:thermal:nickel_gear>'
[00:00:02.367][INFO]: Adding 'minecraft:crafting' recipe, of type: "shaped", with name: 'crafttweaker:thermal_nickel_plate' that outputs: '<item:thermal:nickel_plate>'
[00:00:02.367][INFO]: Removing "thermal:press" recipes with outputs: [com.blamejared.crafttweaker.api.item.MCItemStack@a8ed1b32]" and fluid outputs: "[]"
[00:00:02.367][INFO]: Adding 'thermal:press' recipe, with name: 'crafttweaker:thermal_electrum_gear_press_vh' that outputs: '<item:minecraft:air>'
[00:00:02.367][INFO]: Adding 'minecraft:crafting' recipe, of type: "shaped", with name: 'crafttweaker:thermal_electrum_gear' that outputs: '<item:thermal:electrum_gear>'
[00:00:02.367][INFO]: Adding 'minecraft:crafting' recipe, of type: "shaped", with name: 'crafttweaker:thermal_electrum_plate' that outputs: '<item:thermal:electrum_plate>'
[00:00:02.367][INFO]: Removing "thermal:press" recipes with outputs: [com.blamejared.crafttweaker.api.item.MCItemStack@a38cf042]" and fluid outputs: "[]"
[00:00:02.368][INFO]: Adding 'thermal:press' recipe, with name: 'crafttweaker:thermal_constantan_gear_press_vh' that outputs: '<item:minecraft:air>'
[00:00:02.368][INFO]: Adding 'minecraft:crafting' recipe, of type: "shaped", with name: 'crafttweaker:thermal_constantan_gear' that outputs: '<item:thermal:constantan_gear>'
[00:00:02.368][INFO]: Adding 'minecraft:crafting' recipe, of type: "shaped", with name: 'crafttweaker:thermal_constantan_plate' that outputs: '<item:thermal:constantan_plate>'
[00:00:02.368][INFO]: Removing "thermal:press" recipes with outputs: [com.blamejared.crafttweaker.api.item.MCItemStack@71230e4b]" and fluid outputs: "[]"
[00:00:02.369][INFO]: Adding 'thermal:press' recipe, with name: 'crafttweaker:thermal_lead_gear_press_vh' that outputs: '<item:minecraft:air>'
[00:00:02.369][INFO]: Adding 'minecraft:crafting' recipe, of type: "shaped", with name: 'crafttweaker:thermal_lead_gear' that outputs: '<item:thermal:lead_gear>'
[00:00:02.370][INFO]: Adding 'minecraft:crafting' recipe, of type: "shaped", with name: 'crafttweaker:thermal_lead_plate' that outputs: '<item:thermal:lead_plate>'
[00:00:02.370][INFO]: Removing "thermal:press" recipes with outputs: [com.blamejared.crafttweaker.api.item.MCItemStack@1db5d57b]" and fluid outputs: "[]"
[00:00:02.370][INFO]: Adding 'thermal:press' recipe, with name: 'crafttweaker:thermal_bronze_gear_press_vh' that outputs: '<item:minecraft:air>'
[00:00:02.370][INFO]: Adding 'minecraft:crafting' recipe, of type: "shaped", with name: 'crafttweaker:thermal_bronze_gear' that outputs: '<item:thermal:bronze_gear>'
[00:00:02.370][INFO]: Adding 'minecraft:crafting' recipe, of type: "shaped", with name: 'crafttweaker:thermal_bronze_plate' that outputs: '<item:thermal:bronze_plate>'
[00:00:02.370][INFO]: Removing "thermal:press" recipes with outputs: [com.blamejared.crafttweaker.api.item.MCItemStack@da9b35e2]" and fluid outputs: "[]"
[00:00:02.371][INFO]: Adding 'thermal:press' recipe, with name: 'crafttweaker:thermal_netherite_gear_press_vh' that outputs: '<item:minecraft:air>'
[00:00:02.371][INFO]: Adding 'minecraft:crafting' recipe, of type: "shaped", with name: 'crafttweaker:thermal_netherite_gear' that outputs: '<item:thermal:netherite_gear>'
[00:00:02.371][INFO]: Adding 'minecraft:crafting' recipe, of type: "shaped", with name: 'crafttweaker:thermal_netherite_plate' that outputs: '<item:thermal:netherite_plate>'
[00:00:02.371][INFO]: Removing "thermal:press" recipes with outputs: [com.blamejared.crafttweaker.api.item.MCItemStack@6e987ed1]" and fluid outputs: "[]"
[00:00:02.371][INFO]: Adding 'thermal:press' recipe, with name: 'crafttweaker:thermal_gold_gear_press_vh' that outputs: '<item:minecraft:air>'
[00:00:02.372][INFO]: Adding 'minecraft:crafting' recipe, of type: "shaped", with name: 'crafttweaker:thermal_gold_gear' that outputs: '<item:thermal:gold_gear>'
[00:00:02.372][INFO]: Adding 'minecraft:crafting' recipe, of type: "shaped", with name: 'crafttweaker:thermal_gold_plate' that outputs: '<item:thermal:gold_plate>'
[00:00:02.372][INFO]: Removing "thermal:press" recipes with outputs: [com.blamejared.crafttweaker.api.item.MCItemStack@354c52ad]" and fluid outputs: "[]"
[00:00:02.372][INFO]: Adding 'thermal:press' recipe, with name: 'crafttweaker:thermal_lumium_gear_press_vh' that outputs: '<item:minecraft:air>'
[00:00:02.372][INFO]: Adding 'minecraft:crafting' recipe, of type: "shaped", with name: 'crafttweaker:thermal_lumium_gear' that outputs: '<item:thermal:lumium_gear>'
[00:00:02.372][INFO]: Adding 'minecraft:crafting' recipe, of type: "shaped", with name: 'crafttweaker:thermal_lumium_plate' that outputs: '<item:thermal:lumium_plate>'
[00:00:02.372][INFO]: Removing "thermal:press" recipes with outputs: [com.blamejared.crafttweaker.api.item.MCItemStack@9026cf42]" and fluid outputs: "[]"
[00:00:02.373][INFO]: Adding 'thermal:press' recipe, with name: 'crafttweaker:thermal_signalum_gear_press_vh' that outputs: '<item:minecraft:air>'
[00:00:02.373][INFO]: Adding 'minecraft:crafting' recipe, of type: "shaped", with name: 'crafttweaker:thermal_signalum_gear' that outputs: '<item:thermal:signalum_gear>'
[00:00:02.373][INFO]: Adding 'minecraft:crafting' recipe, of type: "shaped", with name: 'crafttweaker:thermal_signalum_plate' that outputs: '<item:thermal:signalum_plate>'
[00:00:02.373][INFO]: Removing "thermal:press" recipes with outputs: [com.blamejared.crafttweaker.api.item.MCItemStack@48bacbab]" and fluid outputs: "[]"
[00:00:02.373][INFO]: Adding 'thermal:press' recipe, with name: 'crafttweaker:thermal_enderium_gear_press_vh' that outputs: '<item:minecraft:air>'
[00:00:02.374][INFO]: Adding 'minecraft:crafting' recipe, of type: "shaped", with name: 'crafttweaker:thermal_enderium_gear' that outputs: '<item:thermal:enderium_gear>'
[00:00:02.374][INFO]: Adding 'minecraft:crafting' recipe, of type: "shaped", with name: 'crafttweaker:thermal_enderium_plate' that outputs: '<item:thermal:enderium_plate>'
[00:00:02.374][INFO]: Removing "thermal:press" recipes with outputs: [com.blamejared.crafttweaker.api.item.MCItemStack@f56bb556]" and fluid outputs: "[]"
[00:00:02.374][INFO]: Adding 'thermal:press' recipe, with name: 'crafttweaker:thermal_tin_gear_press_vh' that outputs: '<item:minecraft:air>'
[00:00:02.374][INFO]: Adding 'minecraft:crafting' recipe, of type: "shaped", with name: 'crafttweaker:thermal_tin_gear' that outputs: '<item:thermal:tin_gear>'
[00:00:02.374][INFO]: Adding 'minecraft:crafting' recipe, of type: "shaped", with name: 'crafttweaker:thermal_tin_plate' that outputs: '<item:thermal:tin_plate>'
[00:00:02.374][INFO]: Removing "thermal:press" recipes with outputs: [com.blamejared.crafttweaker.api.item.MCItemStack@6780e229]" and fluid outputs: "[]"
[00:00:02.375][INFO]: Adding 'thermal:press' recipe, with name: 'crafttweaker:thermal_iron_gear_press_vh' that outputs: '<item:minecraft:air>'
[00:00:02.375][INFO]: Adding 'minecraft:crafting' recipe, of type: "shaped", with name: 'crafttweaker:thermal_iron_gear' that outputs: '<item:thermal:iron_gear>'
[00:00:02.375][INFO]: Adding 'minecraft:crafting' recipe, of type: "shaped", with name: 'crafttweaker:thermal_iron_plate' that outputs: '<item:thermal:iron_plate>'
[00:00:02.375][INFO]: Removing "thermal:press" recipes with outputs: [com.blamejared.crafttweaker.api.item.MCItemStack@72dffc8b]" and fluid outputs: "[]"
[00:00:02.375][INFO]: Adding 'thermal:press' recipe, with name: 'crafttweaker:thermal_copper_gear_press_vh' that outputs: '<item:minecraft:air>'
[00:00:02.376][INFO]: Adding 'minecraft:crafting' recipe, of type: "shaped", with name: 'crafttweaker:thermal_copper_gear' that outputs: '<item:thermal:copper_gear>'
[00:00:02.376][INFO]: Adding 'minecraft:crafting' recipe, of type: "shaped", with name: 'crafttweaker:thermal_copper_plate' that outputs: '<item:thermal:copper_plate>'
[00:00:02.376][INFO]: Removing "thermal:press" recipes with outputs: [com.blamejared.crafttweaker.api.item.MCItemStack@3a4e9f26]" and fluid outputs: "[]"
[00:00:02.376][INFO]: Adding 'thermal:press' recipe, with name: 'crafttweaker:thermal_invar_gear_press_vh' that outputs: '<item:minecraft:air>'
[00:00:02.376][INFO]: Adding 'minecraft:crafting' recipe, of type: "shaped", with name: 'crafttweaker:thermal_invar_gear' that outputs: '<item:thermal:invar_gear>'
[00:00:02.377][INFO]: Adding 'minecraft:crafting' recipe, of type: "shaped", with name: 'crafttweaker:thermal_invar_plate' that outputs: '<item:thermal:invar_plate>'
[00:00:02.377][INFO]: Removing "thermal:press" recipes with outputs: [com.blamejared.crafttweaker.api.item.MCItemStack@875e1a0d]" and fluid outputs: "[]"
[00:00:02.377][INFO]: Adding 'thermal:press' recipe, with name: 'crafttweaker:thermal_silver_gear_press_vh' that outputs: '<item:minecraft:air>'
[00:00:02.377][INFO]: Adding 'minecraft:crafting' recipe, of type: "shaped", with name: 'crafttweaker:thermal_silver_gear' that outputs: '<item:thermal:silver_gear>'
[00:00:02.377][INFO]: Adding 'minecraft:crafting' recipe, of type: "shaped", with name: 'crafttweaker:thermal_silver_plate' that outputs: '<item:thermal:silver_plate>'
[00:00:02.377][INFO]: Adding 'thermal:press' recipe, with name: 'crafttweaker:thermal_tin_gear_gear_press_vh_2' that outputs: '<item:minecraft:air>'
[00:00:02.378][INFO]: Adding 'thermal:press' recipe, with name: 'crafttweaker:thermal_lead_gear_press_vh_2' that outputs: '<item:minecraft:air>'
[00:00:02.378][INFO]: Adding 'thermal:press' recipe, with name: 'crafttweaker:thermal_bronze_gear_press_vh_2' that outputs: '<item:minecraft:air>'
[00:00:02.378][INFO]: Adding 'minecraft:crafting' recipe, of type: "shaped", with name: 'crafttweaker:thermal_diamond_gear' that outputs: '<item:thermal:diamond_gear>'
[00:00:02.378][INFO]: Adding 'minecraft:crafting' recipe, of type: "shaped", with name: 'crafttweaker:thermal_quartz_gear' that outputs: '<item:thermal:quartz_gear>'
[00:00:02.378][INFO]: Adding 'minecraft:crafting' recipe, of type: "shaped", with name: 'crafttweaker:thermal_lapis_gear' that outputs: '<item:thermal:lapis_gear>'
[00:00:02.379][INFO]: Adding 'minecraft:crafting' recipe, of type: "shaped", with name: 'crafttweaker:thermal_emerald_gear' that outputs: '<item:thermal:emerald_gear>'
[00:00:02.379][INFO]: Adding 'thermal:pulverizer' recipe, with name: 'crafttweaker:ore_to_dust' that outputs: '<item:minecraft:air>'
[00:00:02.379][INFO]: Adding 'thermal:pulverizer' recipe, with name: 'crafttweaker:raw_to_dust' that outputs: '<item:minecraft:air>'
[00:00:02.379][INFO]: Adding 'thermal:pulverizer' recipe, with name: 'crafttweaker:ingot_to_dust' that outputs: '<item:minecraft:air>'
[00:00:02.379][INFO]: Adding 'thermal:pulverizer' recipe, with name: 'crafttweaker:vaultstone_to_rock' that outputs: '<item:minecraft:air>'
[00:00:02.379][INFO]: Adding 'minecraft:crafting' recipe, of type: "shaped", with name: 'crafttweaker:thermal_rf_coil' that outputs: '<item:thermal:rf_coil>'
[00:00:02.380][INFO]: Adding 'minecraft:crafting' recipe, of type: "shaped", with name: 'crafttweaker:thermal_redstone_servo' that outputs: '<item:thermal:redstone_servo>'
[00:00:02.380][INFO]: Adding 'minecraft:crafting' recipe, of type: "shaped", with name: 'crafttweaker:thermal_machine_frame' that outputs: '<item:thermal:machine_frame>'
[00:00:02.380][INFO]: Adding 'minecraft:crafting' recipe, of type: "shaped", with name: 'crafttweaker:thermal_fluid_cell_frame' that outputs: '<item:thermal:fluid_cell_frame>'
[00:00:02.380][INFO]: Adding 'minecraft:crafting' recipe, of type: "shaped", with name: 'crafttweaker:thermal_fluid_cell' that outputs: '<item:thermal:fluid_cell>'
[00:00:02.380][INFO]: Adding 'minecraft:crafting' recipe, of type: "shaped", with name: 'crafttweaker:thermal_energy_cell_frame' that outputs: '<item:thermal:energy_cell_frame>'
[00:00:02.381][INFO]: Adding 'minecraft:crafting' recipe, of type: "shaped", with name: 'crafttweaker:thermal_energy_cell' that outputs: '<item:thermal:energy_cell>'
[00:00:02.381][INFO]: Adding 'minecraft:crafting' recipe, of type: "shaped", with name: 'crafttweaker:thermal_wrench' that outputs: '<item:thermal:wrench>'
[00:00:02.381][INFO]: Adding 'minecraft:crafting' recipe, of type: "shaped", with name: 'crafttweaker:thermal_magmatic_dynamo' that outputs: '<item:thermal:dynamo_magmatic>'
[00:00:02.381][INFO]: Adding 'minecraft:crafting' recipe, of type: "shaped", with name: 'crafttweaker:thermal_numismatic_dynamo' that outputs: '<item:thermal:dynamo_numismatic>'
[00:00:02.381][INFO]: Adding 'minecraft:crafting' recipe, of type: "shaped", with name: 'crafttweaker:thermal_lapidary_dynamo' that outputs: '<item:thermal:dynamo_lapidary>'
[00:00:02.381][INFO]: Adding 'minecraft:crafting' recipe, of type: "shaped", with name: 'crafttweaker:thermal_disenchantment_dynamo' that outputs: '<item:thermal:dynamo_disenchantment>'
[00:00:02.382][INFO]: Adding 'minecraft:crafting' recipe, of type: "shaped", with name: 'crafttweaker:thermal_gourmand_dynamo' that outputs: '<item:thermal:dynamo_gourmand>'
[00:00:02.382][INFO]: Adding 'minecraft:crafting' recipe, of type: "shaped", with name: 'crafttweaker:thermal_stirling_dynamo' that outputs: '<item:thermal:dynamo_stirling>'
[00:00:02.382][INFO]: Adding 'minecraft:crafting' recipe, of type: "shaped", with name: 'crafttweaker:thermal_compression_dynamo' that outputs: '<item:thermal:dynamo_compression>'
[00:00:02.382][INFO]: Adding 'minecraft:crafting' recipe, of type: "shaped", with name: 'crafttweaker:thermal_phyto_insolator' that outputs: '<item:thermal:machine_insolator>'
[00:00:02.382][INFO]: Adding 'minecraft:crafting' recipe, of type: "shaped", with name: 'crafttweaker:thermal_pulverizor' that outputs: '<item:thermal:machine_pulverizer>'
[00:00:02.383][INFO]: Adding 'minecraft:crafting' recipe, of type: "shaped", with name: 'crafttweaker:thermal_vacuumulator' that outputs: '<item:thermal:device_collector>'
[00:00:02.383][INFO]: Adding 'minecraft:crafting' recipe, of type: "shaped", with name: 'crafttweaker:thermal_igneous_extruder' that outputs: '<item:thermal:device_rock_gen>'
[00:00:02.383][INFO]: Adding 'minecraft:crafting' recipe, of type: "shaped", with name: 'crafttweaker:thermal_aqueous_accumulator' that outputs: '<item:thermal:device_water_gen>'
[00:00:02.383][INFO]: Adding 'minecraft:crafting' recipe, of type: "shaped", with name: 'crafttweaker:thermal_satchel' that outputs: '<item:thermal:satchel>'
[00:00:02.384][INFO]: Adding 'thermal:brewer' recipe, with name: 'crafttweaker:healing_pot' that outputs: '<item:minecraft:air>'
[00:00:02.384][INFO]: Adding 'thermal:insolator' recipe, with name: 'crafttweaker:insolator_spore_blossom' that outputs: '<item:minecraft:air>'
[00:00:02.384][INFO]: Adding 'thermal:insolator' recipe, with name: 'crafttweaker:insolator_crimson_fungi' that outputs: '<item:minecraft:air>'
[00:00:02.385][INFO]: Adding 'thermal:insolator' recipe, with name: 'crafttweaker:insolator_warped_fungi' that outputs: '<item:minecraft:air>'
[00:00:02.385][INFO]: Adding 'thermal:pulverizer' recipe, with name: 'crafttweaker:fluix_to_dust' that outputs: '<item:minecraft:air>'
[00:00:02.385][INFO]: Adding 'thermal:pulverizer' recipe, with name: 'crafttweaker:certus_to_dust' that outputs: '<item:minecraft:air>'
[00:00:02.385][INFO]: Adding 'thermal:pulverizer' recipe, with name: 'crafttweaker:ender_to_dust' that outputs: '<item:minecraft:air>'
[00:00:02.385][INFO]: Adding 'thermal:insolator' recipe, with name: 'crafttweaker:insolator_seagrass' that outputs: '<item:minecraft:air>'
[00:00:02.386][INFO]: Adding 'thermal:insolator' recipe, with name: 'crafttweaker:insolator_bigdrip' that outputs: '<item:minecraft:air>'
[00:00:02.386][INFO]: Adding 'thermal:insolator' recipe, with name: 'crafttweaker:insolator_smalldrip' that outputs: '<item:minecraft:air>'
[00:00:02.386][INFO]: Adding 'thermal:pulverizer' recipe, with name: 'crafttweaker:buildinggadgets_block_to_paste_thermal' that outputs: '<item:minecraft:air>'
[00:00:02.386][INFO]: Adding 'thermal:press' recipe, with name: 'crafttweaker:press_ashium_key' that outputs: '<item:minecraft:air>'
[00:00:02.386][INFO]: Adding 'thermal:press' recipe, with name: 'crafttweaker:press_gorginite_key' that outputs: '<item:minecraft:air>'
[00:00:02.386][INFO]: Adding 'thermal:press' recipe, with name: 'crafttweaker:press_tubium_key' that outputs: '<item:minecraft:air>'
[00:00:02.387][INFO]: Adding 'thermal:press' recipe, with name: 'crafttweaker:press_iskallium_key' that outputs: '<item:minecraft:air>'
[00:00:02.387][INFO]: Adding 'thermal:press' recipe, with name: 'crafttweaker:press_petzanite_key' that outputs: '<item:minecraft:air>'
[00:00:02.387][INFO]: Adding 'thermal:press' recipe, with name: 'crafttweaker:press_upaline_key' that outputs: '<item:minecraft:air>'
[00:00:02.387][INFO]: Adding 'thermal:press' recipe, with name: 'crafttweaker:press_sparkletine_key' that outputs: '<item:minecraft:air>'
[00:00:02.387][INFO]: Adding 'thermal:press' recipe, with name: 'crafttweaker:press_xenium_key' that outputs: '<item:minecraft:air>'
[00:00:02.388][INFO]: Adding 'thermal:press' recipe, with name: 'crafttweaker:press_bomignite_key' that outputs: '<item:minecraft:air>'
[00:00:02.388][INFO]: Adding 'minecraft:crafting' recipe, of type: "shaped", with name: 'crafttweaker:torchmaster_feral_flare_lantern' that outputs: '<item:torchmaster:feral_flare_lantern>'
[00:00:02.388][INFO]: Adding 'minecraft:crafting' recipe, of type: "shaped", with name: 'crafttweaker:torchmaster_dreadlamp' that outputs: '<item:torchmaster:dreadlamp>'
[00:00:02.388][INFO]: Adding 'minecraft:crafting' recipe, of type: "shaped", with name: 'crafttweaker:torchmaster_megatorch' that outputs: '<item:torchmaster:megatorch>'
[00:00:02.389][INFO]: Adding 'minecraft:crafting' recipe, of type: "shaped", with name: 'crafttweaker:easy_piglin_barterer' that outputs: '<item:easy_piglins:barterer>'
[00:00:02.389][INFO]: Adding 'minecraft:crafting' recipe, of type: "shaped", with name: 'crafttweaker:easy_trader' that outputs: '<item:easy_villagers:trader>'
[00:00:02.389][INFO]: Adding 'minecraft:crafting' recipe, of type: "shaped", with name: 'crafttweaker:easy_auto_trader' that outputs: '<item:easy_villagers:auto_trader>'
[00:00:02.389][INFO]: Adding 'minecraft:crafting' recipe, of type: "shaped", with name: 'crafttweaker:easy_farmer' that outputs: '<item:easy_villagers:farmer>'
[00:00:02.389][INFO]: Adding 'minecraft:crafting' recipe, of type: "shaped", with name: 'crafttweaker:easy_iron_farm' that outputs: '<item:easy_villagers:iron_farm>'
[00:00:02.390][INFO]: Adding 'minecraft:crafting' recipe, of type: "shaped", with name: 'crafttweaker:minecraft_light_blue_concrete_powder' that outputs: '<item:minecraft:light_blue_concrete_powder> * 8'
[00:00:02.391][INFO]: Adding 'minecraft:crafting' recipe, of type: "shaped", with name: 'crafttweaker:minecraft_light_blue_concrete' that outputs: '<item:minecraft:light_blue_concrete> * 8'
[00:00:02.391][INFO]: Adding 'minecraft:crafting' recipe, of type: "shaped", with name: 'crafttweaker:minecraft_purple_concrete_powder' that outputs: '<item:minecraft:purple_concrete_powder> * 8'
[00:00:02.391][INFO]: Adding 'minecraft:crafting' recipe, of type: "shaped", with name: 'crafttweaker:minecraft_purple_concrete' that outputs: '<item:minecraft:purple_concrete> * 8'
[00:00:02.391][INFO]: Adding 'minecraft:crafting' recipe, of type: "shaped", with name: 'crafttweaker:minecraft_light_gray_concrete_powder' that outputs: '<item:minecraft:light_gray_concrete_powder> * 8'
[00:00:02.392][INFO]: Adding 'minecraft:crafting' recipe, of type: "shaped", with name: 'crafttweaker:minecraft_light_gray_concrete' that outputs: '<item:minecraft:light_gray_concrete> * 8'
[00:00:02.392][INFO]: Adding 'minecraft:crafting' recipe, of type: "shaped", with name: 'crafttweaker:minecraft_green_concrete_powder' that outputs: '<item:minecraft:green_concrete_powder> * 8'
[00:00:02.392][INFO]: Adding 'minecraft:crafting' recipe, of type: "shaped", with name: 'crafttweaker:minecraft_green_concrete' that outputs: '<item:minecraft:green_concrete> * 8'
[00:00:02.392][INFO]: Adding 'minecraft:crafting' recipe, of type: "shaped", with name: 'crafttweaker:minecraft_magenta_concrete_powder' that outputs: '<item:minecraft:magenta_concrete_powder> * 8'
[00:00:02.392][INFO]: Adding 'minecraft:crafting' recipe, of type: "shaped", with name: 'crafttweaker:minecraft_magenta_concrete' that outputs: '<item:minecraft:magenta_concrete> * 8'
[00:00:02.393][INFO]: Adding 'minecraft:crafting' recipe, of type: "shaped", with name: 'crafttweaker:minecraft_red_concrete_powder' that outputs: '<item:minecraft:red_concrete_powder> * 8'
[00:00:02.393][INFO]: Adding 'minecraft:crafting' recipe, of type: "shaped", with name: 'crafttweaker:minecraft_red_concrete' that outputs: '<item:minecraft:red_concrete> * 8'
[00:00:02.393][INFO]: Adding 'minecraft:crafting' recipe, of type: "shaped", with name: 'crafttweaker:minecraft_lime_concrete_powder' that outputs: '<item:minecraft:lime_concrete_powder> * 8'
[00:00:02.393][INFO]: Adding 'minecraft:crafting' recipe, of type: "shaped", with name: 'crafttweaker:minecraft_lime_concrete' that outputs: '<item:minecraft:lime_concrete> * 8'
[00:00:02.394][INFO]: Adding 'minecraft:crafting' recipe, of type: "shaped", with name: 'crafttweaker:minecraft_gray_concrete_powder' that outputs: '<item:minecraft:gray_concrete_powder> * 8'
[00:00:02.394][INFO]: Adding 'minecraft:crafting' recipe, of type: "shaped", with name: 'crafttweaker:minecraft_gray_concrete' that outputs: '<item:minecraft:gray_concrete> * 8'
[00:00:02.394][INFO]: Adding 'minecraft:crafting' recipe, of type: "shaped", with name: 'crafttweaker:minecraft_orange_concrete_powder' that outputs: '<item:minecraft:orange_concrete_powder> * 8'
[00:00:02.394][INFO]: Adding 'minecraft:crafting' recipe, of type: "shaped", with name: 'crafttweaker:minecraft_orange_concrete' that outputs: '<item:minecraft:orange_concrete> * 8'
[00:00:02.395][INFO]: Adding 'minecraft:crafting' recipe, of type: "shaped", with name: 'crafttweaker:minecraft_brown_concrete_powder' that outputs: '<item:minecraft:brown_concrete_powder> * 8'
[00:00:02.395][INFO]: Adding 'minecraft:crafting' recipe, of type: "shaped", with name: 'crafttweaker:minecraft_brown_concrete' that outputs: '<item:minecraft:brown_concrete> * 8'
[00:00:02.395][INFO]: Adding 'minecraft:crafting' recipe, of type: "shaped", with name: 'crafttweaker:minecraft_pink_concrete_powder' that outputs: '<item:minecraft:pink_concrete_powder> * 8'
[00:00:02.395][INFO]: Adding 'minecraft:crafting' recipe, of type: "shaped", with name: 'crafttweaker:minecraft_pink_concrete' that outputs: '<item:minecraft:pink_concrete> * 8'
[00:00:02.395][INFO]: Adding 'minecraft:crafting' recipe, of type: "shaped", with name: 'crafttweaker:minecraft_cyan_concrete_powder' that outputs: '<item:minecraft:cyan_concrete_powder> * 8'
[00:00:02.396][INFO]: Adding 'minecraft:crafting' recipe, of type: "shaped", with name: 'crafttweaker:minecraft_cyan_concrete' that outputs: '<item:minecraft:cyan_concrete> * 8'
[00:00:02.396][INFO]: Adding 'minecraft:crafting' recipe, of type: "shaped", with name: 'crafttweaker:minecraft_white_concrete_powder' that outputs: '<item:minecraft:white_concrete_powder> * 8'
[00:00:02.396][INFO]: Adding 'minecraft:crafting' recipe, of type: "shaped", with name: 'crafttweaker:minecraft_white_concrete' that outputs: '<item:minecraft:white_concrete> * 8'
[00:00:02.396][INFO]: Adding 'minecraft:crafting' recipe, of type: "shaped", with name: 'crafttweaker:minecraft_yellow_concrete_powder' that outputs: '<item:minecraft:yellow_concrete_powder> * 8'
[00:00:02.397][INFO]: Adding 'minecraft:crafting' recipe, of type: "shaped", with name: 'crafttweaker:minecraft_yellow_concrete' that outputs: '<item:minecraft:yellow_concrete> * 8'
[00:00:02.397][INFO]: Adding 'minecraft:crafting' recipe, of type: "shaped", with name: 'crafttweaker:minecraft_blue_concrete_powder' that outputs: '<item:minecraft:blue_concrete_powder> * 8'
[00:00:02.397][INFO]: Adding 'minecraft:crafting' recipe, of type: "shaped", with name: 'crafttweaker:minecraft_blue_concrete' that outputs: '<item:minecraft:blue_concrete> * 8'
[00:00:02.397][INFO]: Adding 'minecraft:crafting' recipe, of type: "shaped", with name: 'crafttweaker:minecraft_black_concrete_powder' that outputs: '<item:minecraft:black_concrete_powder> * 8'
[00:00:02.397][INFO]: Adding 'minecraft:crafting' recipe, of type: "shaped", with name: 'crafttweaker:minecraft_black_concrete' that outputs: '<item:minecraft:black_concrete> * 8'
[00:00:02.398][INFO]: Adding 'minecraft:crafting' recipe, of type: "shaped", with name: 'crafttweaker:goldenapple' that outputs: '<item:minecraft:golden_apple>'
[00:00:02.398][INFO]: Adding 'minecraft:crafting' recipe, of type: "shaped", with name: 'crafttweaker:chunky' that outputs: '<item:chunkymcchunkface:chunk_loader>'
[00:00:02.398][INFO]: Adding 'minecraft:crafting' recipe, of type: "shapeless", with name: 'crafttweaker:weird_to_chunk' that outputs: '<item:chunkymcchunkface:chunk_loader>'
[00:00:02.398][INFO]: Adding 'minecraft:crafting' recipe, of type: "shaped", with name: 'crafttweaker:cage_dust' that outputs: '<item:ispawner:cage_dust>'
[00:00:02.399][INFO]: Adding 'minecraft:crafting' recipe, of type: "shapeless", with name: 'crafttweaker:suspicious_weaknes_red_stew' that outputs: '<item:minecraft:suspicious_stew>.withTag({Effects: [{EffectId: 18 as byte, EffectDuration: 180 as int}]})'
[00:00:02.399][INFO]: Adding 'minecraft:crafting' recipe, of type: "shapeless", with name: 'crafttweaker:suspicious_weaknes_orange_stew' that outputs: '<item:minecraft:suspicious_stew>.withTag({Effects: [{EffectId: 18 as byte, EffectDuration: 180 as int}]})'
[00:00:02.400][INFO]: Adding 'minecraft:crafting' recipe, of type: "shapeless", with name: 'crafttweaker:suspicious_weaknes_white_stew' that outputs: '<item:minecraft:suspicious_stew>.withTag({Effects: [{EffectId: 18 as byte, EffectDuration: 180 as int}]})'
[00:00:02.400][INFO]: Adding 'minecraft:crafting' recipe, of type: "shapeless", with name: 'crafttweaker:suspicious_weaknes_pink_stew' that outputs: '<item:minecraft:suspicious_stew>.withTag({Effects: [{EffectId: 18 as byte, EffectDuration: 180 as int}]})'
[00:00:02.400][INFO]: Adding 'minecraft:crafting' recipe, of type: "shapeless", with name: 'crafttweaker:suspicious_fire_res_stew' that outputs: '<item:minecraft:suspicious_stew>.withTag({Effects: [{EffectId: 12 as byte, EffectDuration: 80 as int}]})'
[00:00:02.400][INFO]: Adding 'minecraft:crafting' recipe, of type: "shapeless", with name: 'crafttweaker:suspicious_wither_stew' that outputs: '<item:minecraft:suspicious_stew>.withTag({Effects: [{EffectId: 12 as byte, EffectDuration: 80 as int}]})'
[00:00:02.400][INFO]: Adding 'minecraft:crafting' recipe, of type: "shapeless", with name: 'crafttweaker:suspicious_blindness_stew' that outputs: '<item:minecraft:suspicious_stew>.withTag({Effects: [{EffectId: 15 as byte, EffectDuration: 160 as int}]})'
[00:00:02.401][INFO]: Adding 'minecraft:crafting' recipe, of type: "shapeless", with name: 'crafttweaker:suspicious_nightvision_stew' that outputs: '<item:minecraft:suspicious_stew>.withTag({Effects: [{EffectId: 16 as byte, EffectDuration: 100 as int}]})'
[00:00:02.401][INFO]: Adding 'minecraft:crafting' recipe, of type: "shapeless", with name: 'crafttweaker:suspicious_saturation_dandelion_stew' that outputs: '<item:minecraft:suspicious_stew>.withTag({Effects: [{EffectId: 23 as byte, EffectDuration: 7 as int}]})'
[00:00:02.401][INFO]: Adding 'minecraft:crafting' recipe, of type: "shapeless", with name: 'crafttweaker:suspicious_saturation_orchid_stew' that outputs: '<item:minecraft:suspicious_stew>.withTag({Effects: [{EffectId: 23 as byte, EffectDuration: 7 as int}]})'
[00:00:02.401][INFO]: Adding 'minecraft:crafting' recipe, of type: "shapeless", with name: 'crafttweaker:suspicious_jump_stew' that outputs: '<item:minecraft:suspicious_stew>.withTag({Effects: [{EffectId: 8 as byte, EffectDuration: 120 as int}]})'
[00:00:02.402][INFO]: Adding 'minecraft:crafting' recipe, of type: "shapeless", with name: 'crafttweaker:suspicious_poison_stew' that outputs: '<item:minecraft:suspicious_stew>.withTag({Effects: [{EffectId: 19 as byte, EffectDuration: 240 as int}]})'
[00:00:02.403][INFO]: Adding a brewing recipe. output: com.blamejared.crafttweaker.api.item.MCItemStackMutable@eb6cc05b, input: com.blamejared.crafttweaker.api.item.MCItemStack@9c6dca54 and ingredient: com.blamejared.crafttweaker.api.item.MCItemStack@17823e45
[00:00:02.403][INFO]: Adding a brewing recipe. output: com.blamejared.crafttweaker.api.item.MCItemStackMutable@76da8947, input: com.blamejared.crafttweaker.api.item.MCItemStack@a155fa2 and ingredient: com.blamejared.crafttweaker.api.item.MCItemStack@17823e45
[00:00:02.403][INFO]: Adding a brewing recipe. output: com.blamejared.crafttweaker.api.item.MCItemStackMutable@1571fa8, input: com.blamejared.crafttweaker.api.item.MCItemStack@82ca173a and ingredient: com.blamejared.crafttweaker.api.item.MCItemStack@295d0076
[00:00:02.403][INFO]: Adding a brewing recipe. output: com.blamejared.crafttweaker.api.item.MCItemStackMutable@faf6706f, input: com.blamejared.crafttweaker.api.item.MCItemStack@1571fa8 and ingredient: com.blamejared.crafttweaker.api.item.MCItemStack@8d7b3702
[00:00:02.404][INFO]: Adding a brewing recipe. output: com.blamejared.crafttweaker.api.item.MCItemStackMutable@33bd3390, input: com.blamejared.crafttweaker.api.item.MCItemStack@b5302b22 and ingredient: com.blamejared.crafttweaker.api.item.MCItemStack@295d0076
[00:00:02.404][INFO]: Adding a brewing recipe. output: com.blamejared.crafttweaker.api.item.MCItemStackMutable@2d5d0477, input: com.blamejared.crafttweaker.api.item.MCItemStack@33bd3390 and ingredient: com.blamejared.crafttweaker.api.item.MCItemStack@8d7b3702
[00:00:02.404][INFO]: Adding a brewing recipe. output: com.blamejared.crafttweaker.api.item.MCItemStackMutable@a2541397, input: com.blamejared.crafttweaker.api.item.MCItemStack@23c70b29 and ingredient: com.blamejared.crafttweaker.api.item.MCItemStack@295d0076
[00:00:02.404][INFO]: Adding a brewing recipe. output: com.blamejared.crafttweaker.api.item.MCItemStackMutable@aacd2550, input: com.blamejared.crafttweaker.api.item.MCItemStack@a2541397 and ingredient: com.blamejared.crafttweaker.api.item.MCItemStack@8d7b3702
[00:00:02.404][INFO]: Adding a brewing recipe. output: com.blamejared.crafttweaker.api.item.MCItemStackMutable@6f064b05, input: com.blamejared.crafttweaker.api.item.MCItemStack@f0794297 and ingredient: com.blamejared.crafttweaker.api.item.MCItemStack@295d0076
[00:00:02.404][INFO]: Adding a brewing recipe. output: com.blamejared.crafttweaker.api.item.MCItemStackMutable@d6060c1f, input: com.blamejared.crafttweaker.api.item.MCItemStack@82ca173a and ingredient: com.blamejared.crafttweaker.api.item.MCItemStack@295d0076
[00:00:02.404][INFO]: Adding a brewing recipe. output: com.blamejared.crafttweaker.api.item.MCItemStackMutable@945cb4f8, input: com.blamejared.crafttweaker.api.item.MCItemStack@d6060c1f and ingredient: com.blamejared.crafttweaker.api.item.MCItemStack@8d7b3702
[00:00:02.404][INFO]: Adding a brewing recipe. output: com.blamejared.crafttweaker.api.item.MCItemStackMutable@a53d7967, input: com.blamejared.crafttweaker.api.item.MCItemStack@26b070f9 and ingredient: com.blamejared.crafttweaker.api.item.MCItemStack@295d0076
[00:00:02.404][INFO]: Adding a brewing recipe. output: com.blamejared.crafttweaker.api.item.MCItemStackMutable@a4335460, input: com.blamejared.crafttweaker.api.item.MCItemStack@a53d7967 and ingredient: com.blamejared.crafttweaker.api.item.MCItemStack@8d7b3702
[00:00:02.404][INFO]: Adding a brewing recipe. output: com.blamejared.crafttweaker.api.item.MCItemStackMutable@67dffd55, input: com.blamejared.crafttweaker.api.item.MCItemStack@e952f4e7 and ingredient: com.blamejared.crafttweaker.api.item.MCItemStack@295d0076
[00:00:02.404][INFO]: Adding a brewing recipe. output: com.blamejared.crafttweaker.api.item.MCItemStackMutable@dff55f2f, input: com.blamejared.crafttweaker.api.item.MCItemStack@616856c1 and ingredient: com.blamejared.crafttweaker.api.item.MCItemStack@295d0076
[00:00:02.404][INFO]: Adding a brewing recipe. output: com.blamejared.crafttweaker.api.item.MCItemStackMutable@e830e316, input: com.blamejared.crafttweaker.api.item.MCItemStack@dff55f2f and ingredient: com.blamejared.crafttweaker.api.item.MCItemStack@8d7b3702
[00:00:02.404][INFO]: Adding a brewing recipe. output: com.blamejared.crafttweaker.api.item.MCItemStackMutable@cd761179, input: com.blamejared.crafttweaker.api.item.MCItemStack@4ee9090b and ingredient: com.blamejared.crafttweaker.api.item.MCItemStack@295d0076
[00:00:02.404][INFO]: Adding a brewing recipe. output: com.blamejared.crafttweaker.api.item.MCItemStackMutable@7dc253b7, input: com.blamejared.crafttweaker.api.item.MCItemStack@ff354b49 and ingredient: com.blamejared.crafttweaker.api.item.MCItemStack@295d0076
[00:00:02.405][INFO]: Adding a brewing recipe. output: com.blamejared.crafttweaker.api.item.MCItemStackMutable@3a392070, input: com.blamejared.crafttweaker.api.item.MCItemStack@7dc253b7 and ingredient: com.blamejared.crafttweaker.api.item.MCItemStack@8d7b3702
[00:00:02.405][INFO]: Adding a brewing recipe. output: com.blamejared.crafttweaker.api.item.MCItemStackMutable@d7a15e17, input: com.blamejared.crafttweaker.api.item.MCItemStack@591455a9 and ingredient: com.blamejared.crafttweaker.api.item.MCItemStack@295d0076
[00:00:02.405][INFO]: Adding a brewing recipe. output: com.blamejared.crafttweaker.api.item.MCItemStackMutable@a0937585, input: com.blamejared.crafttweaker.api.item.MCItemStack@22066d17 and ingredient: com.blamejared.crafttweaker.api.item.MCItemStack@295d0076
[00:00:02.405][INFO]: Adding a brewing recipe. output: com.blamejared.crafttweaker.api.item.MCItemStackMutable@ddd5bc8b, input: com.blamejared.crafttweaker.api.item.MCItemStack@5f48b41d and ingredient: com.blamejared.crafttweaker.api.item.MCItemStack@295d0076
[00:00:02.405][INFO]: Adding a brewing recipe. output: com.blamejared.crafttweaker.api.item.MCItemStackMutable@a68457f9, input: com.blamejared.crafttweaker.api.item.MCItemStack@27f74f8b and ingredient: com.blamejared.crafttweaker.api.item.MCItemStack@295d0076
[00:00:02.405][INFO]: Adding a brewing recipe. output: com.blamejared.crafttweaker.api.item.MCItemStackMutable@b36b013f, input: com.blamejared.crafttweaker.api.item.MCItemStack@34ddf8d1 and ingredient: com.blamejared.crafttweaker.api.item.MCItemStack@295d0076
[00:00:02.405][INFO]: Adding a brewing recipe. output: com.blamejared.crafttweaker.api.item.MCItemStackMutable@6cc9a2e6, input: com.blamejared.crafttweaker.api.item.MCItemStack@b36b013f and ingredient: com.blamejared.crafttweaker.api.item.MCItemStack@8d7b3702
[00:00:02.405][INFO]: Adding a brewing recipe. output: com.blamejared.crafttweaker.api.item.MCItemStackMutable@a57e3789, input: com.blamejared.crafttweaker.api.item.MCItemStack@26f12f1b and ingredient: com.blamejared.crafttweaker.api.item.MCItemStack@295d0076
[00:00:02.405][INFO]: Adding a brewing recipe. output: com.blamejared.crafttweaker.api.item.MCItemStackMutable@94d01b56, input: com.blamejared.crafttweaker.api.item.MCItemStack@164312e8 and ingredient: com.blamejared.crafttweaker.api.item.MCItemStack@295d0076
[00:00:02.405][INFO]: Adding a brewing recipe. output: com.blamejared.crafttweaker.api.item.MCItemStackMutable@7edfae9d, input: com.blamejared.crafttweaker.api.item.MCItemStack@94d01b56 and ingredient: com.blamejared.crafttweaker.api.item.MCItemStack@8d7b3702
[00:00:02.405][INFO]: Adding a brewing recipe. output: com.blamejared.crafttweaker.api.item.MCItemStackMutable@6024dd28, input: com.blamejared.crafttweaker.api.item.MCItemStack@e197d4ba and ingredient: com.blamejared.crafttweaker.api.item.MCItemStack@295d0076
[00:00:02.405][INFO]: Adding a brewing recipe. output: com.blamejared.crafttweaker.api.item.MCItemStackMutable@d8939c8, input: com.blamejared.crafttweaker.api.item.MCItemStack@8efc315a and ingredient: com.blamejared.crafttweaker.api.item.MCItemStack@295d0076
[00:00:02.405][INFO]: Adding a brewing recipe. output: com.blamejared.crafttweaker.api.item.MCItemStackMutable@f5d54d0f, input: com.blamejared.crafttweaker.api.item.MCItemStack@d8939c8 and ingredient: com.blamejared.crafttweaker.api.item.MCItemStack@8d7b3702
[00:00:02.405][INFO]: Adding a brewing recipe. output: com.blamejared.crafttweaker.api.item.MCItemStackMutable@b8b1ed66, input: com.blamejared.crafttweaker.api.item.MCItemStack@3a24e4f8 and ingredient: com.blamejared.crafttweaker.api.item.MCItemStack@295d0076
[00:00:02.405][INFO]: Adding a brewing recipe. output: com.blamejared.crafttweaker.api.item.MCItemStackMutable@fe6f7fbe, input: com.blamejared.crafttweaker.api.item.MCItemStack@7fe27750 and ingredient: com.blamejared.crafttweaker.api.item.MCItemStack@295d0076
[00:00:02.405][INFO]: Adding a brewing recipe. output: com.blamejared.crafttweaker.api.item.MCItemStackMutable@f88f4fa5, input: com.blamejared.crafttweaker.api.item.MCItemStack@fe6f7fbe and ingredient: com.blamejared.crafttweaker.api.item.MCItemStack@8d7b3702
[00:00:02.406][INFO]: Adding 'minecraft:crafting' recipe, of type: "shaped", with name: 'crafttweaker:bundle' that outputs: '<item:minecraft:bundle>'
[00:00:02.406][INFO]: Adding 'minecraft:crafting' recipe, of type: "shaped", with name: 'crafttweaker:enercell' that outputs: '<item:enercell:enercell>'
[00:00:02.406][INFO]: Adding 'minecraft:crafting' recipe, of type: "shaped", with name: 'crafttweaker:bamboo_planks' that outputs: '<item:twigs:stripped_bamboo_planks>'
[00:00:02.406][INFO]: Adding 'minecraft:crafting' recipe, of type: "shaped", with name: 'crafttweaker:quiver' that outputs: '<item:supplementaries:quiver>'
[00:00:02.406][INFO]: Adding 'minecraft:crafting' recipe, of type: "shaped", with name: 'crafttweaker:pink_to_green_azalea' that outputs: '<item:quark:azalea_log> * 3'
[00:00:02.407][INFO]: Adding 'minecraft:crafting' recipe, of type: "shaped", with name: 'crafttweaker:green_to_pink_azalea' that outputs: '<item:ecologics:azalea_log> * 3'
[00:00:02.407][INFO]: Adding 'minecraft:crafting' recipe, of type: "shaped", with name: 'crafttweaker:pebble' that outputs: '<item:twigs:pebble> * 4'
[00:00:02.407][INFO]: Adding 'minecraft:crafting' recipe, of type: "shaped", with name: 'crafttweaker:scaffolding' that outputs: '<item:minecraft:scaffolding> * 6'
[00:00:02.407][INFO]: Adding 'minecraft:crafting' recipe, of type: "shapeless", with name: 'crafttweaker:necrotic_bones' that outputs: '<item:minecraft:bone>'
[00:00:02.407][INFO]: Adding 'minecraft:crafting' recipe, of type: "shapeless", with name: 'crafttweaker:supp_ash' that outputs: '<item:supplementaries:ash> * 8'
[00:00:02.407][INFO]: Adding 'minecraft:crafting' recipe, of type: "shapeless", with name: 'crafttweaker:experience_convert' that outputs: '<item:minecraft:experience_bottle>'
[00:00:02.408][INFO]: Adding 'mekanism:combining' recipe, with name: 'crafttweaker:cobweb' that outputs: '<item:minecraft:cobweb>'
[00:00:02.408][INFO]: Adding 'create:item_application' recipe, with name: 'crafttweaker:cobweb2' that outputs: '<item:minecraft:cobweb>'
[00:00:02.408][INFO]: Adding 'create:item_application' recipe, with name: 'crafttweaker:shroomlight' that outputs: '<item:minecraft:shroomlight>'
[00:00:02.408][INFO]: Adding 'create:item_application' recipe, with name: 'crafttweaker:dead_horn_coral' that outputs: '<item:minecraft:dead_horn_coral_block>'
[00:00:02.409][INFO]: Adding 'create:item_application' recipe, with name: 'crafttweaker:horn_coral' that outputs: '<item:minecraft:horn_coral_block>'
[00:00:02.409][INFO]: Adding 'create:item_application' recipe, with name: 'crafttweaker:hanging_roots' that outputs: '<item:minecraft:hanging_roots>'
[00:00:02.409][INFO]: Adding 'create:item_application' recipe, with name: 'crafttweaker:weeping_vines' that outputs: '<item:minecraft:weeping_vines>'
[00:00:02.409][INFO]: Adding 'create:item_application' recipe, with name: 'crafttweaker:dead_bush' that outputs: '<item:minecraft:dead_bush>'
[00:00:02.409][INFO]: Adding 'create:item_application' recipe, with name: 'crafttweaker:coarse_dirt' that outputs: '<item:minecraft:coarse_dirt>'
[00:00:02.410][INFO]: Adding 'create:item_application' recipe, with name: 'crafttweaker:rooted_dirt' that outputs: '<item:minecraft:rooted_dirt>'
[00:00:02.410][INFO]: Adding 'minecraft:crafting' recipe, of type: "shaped", with name: 'crafttweaker:entangled_block' that outputs: '<item:entangled:block>'
[00:00:02.410][INFO]: Adding 'minecraft:crafting' recipe, of type: "shaped", with name: 'crafttweaker:entangled_item' that outputs: '<item:entangled:item>'
[00:00:02.410][INFO]: Adding 'minecraft:crafting' recipe, of type: "shaped", with name: 'crafttweaker:new_hopper' that outputs: '<item:minecraft:hopper>'
[00:00:02.410][INFO]: Adding 'minecraft:crafting' recipe, of type: "shapeless", with name: 'crafttweaker:black_dye' that outputs: '<item:minecraft:black_dye>'
[00:00:02.410][INFO]: Adding 'minecraft:crafting' recipe, of type: "shapeless", with name: 'crafttweaker:quartz_uncraft' that outputs: '<item:minecraft:quartz> * 4'
[00:00:02.411][INFO]: Adding 'minecraft:crafting' recipe, of type: "shaped", with name: 'crafttweaker:waystones_warp_stone' that outputs: '<item:waystones:warp_stone>'
[00:00:02.411][INFO]: Adding 'minecraft:crafting' recipe, of type: "shapeless", with name: 'crafttweaker:waystones_warp_dust' that outputs: '<item:waystones:warp_dust>'
[00:00:02.411][INFO]: Adding 'minecraft:crafting' recipe, of type: "shaped", with name: 'crafttweaker:waystones_waystone' that outputs: '<item:waystones:waystone>'
[00:00:02.411][INFO]: Adding 'minecraft:crafting' recipe, of type: "shaped", with name: 'crafttweaker:waystones_mossy_waystone' that outputs: '<item:waystones:mossy_waystone>'
[00:00:02.412][INFO]: Adding 'minecraft:crafting' recipe, of type: "shaped", with name: 'crafttweaker:waystones_sandy_waystone' that outputs: '<item:waystones:sandy_waystone>'
[00:00:02.412][INFO]: Adding 'minecraft:crafting' recipe, of type: "shaped", with name: 'crafttweaker:waystones_warp_plate' that outputs: '<item:waystones:warp_plate>'
[00:00:02.412][INFO]: Adding 'minecraft:crafting' recipe, of type: "shaped", with name: 'crafttweaker:xnet_controller' that outputs: '<item:xnet:controller>'
[00:00:02.412][INFO]: Adding 'minecraft:crafting' recipe, of type: "shaped", with name: 'crafttweaker:xnet_router' that outputs: '<item:xnet:router>'
[00:00:02.412][INFO]: Adding 'minecraft:crafting' recipe, of type: "shaped", with name: 'crafttweaker:xnet_wireless_router' that outputs: '<item:xnet:wireless_router>'
[00:00:02.413][INFO]: Adding 'minecraft:crafting' recipe, of type: "shaped", with name: 'crafttweaker:xnet_antenna' that outputs: '<item:xnet:antenna>'
[00:00:02.413][INFO]: Adding 'minecraft:crafting' recipe, of type: "shaped", with name: 'crafttweaker:xnet_antenna_base' that outputs: '<item:xnet:antenna_base>'
[00:00:02.413][INFO]: Adding 'minecraft:crafting' recipe, of type: "shaped", with name: 'crafttweaker:xnet_antenna_dish' that outputs: '<item:xnet:antenna_dish>'
[00:00:02.413][INFO]: Adding 'minecraft:crafting' recipe, of type: "shaped", with name: 'crafttweaker:xnet_routing_cable' that outputs: '<item:xnet:netcable_routing> * 16'
[00:00:02.413][INFO]: Adding 'minecraft:crafting' recipe, of type: "shaped", with name: 'crafttweaker:xnet_connector_cable' that outputs: '<item:xnet:connector_routing>'
[00:00:02.414][INFO]: Adding 'minecraft:crafting' recipe, of type: "shaped", with name: 'crafttweaker:xnet_advanced_connector_cable' that outputs: '<item:xnet:advanced_connector_routing>'
[00:00:02.414][INFO]: Adding 'minecraft:crafting' recipe, of type: "shapeless", with name: 'crafttweaker:xnet_netcable_yellow' that outputs: '<item:xnet:netcable_yellow>'
[00:00:02.414][INFO]: Adding 'minecraft:crafting' recipe, of type: "shapeless", with name: 'crafttweaker:xnet_connector_yellow' that outputs: '<item:xnet:connector_yellow>'
[00:00:02.414][INFO]: Adding 'minecraft:crafting' recipe, of type: "shapeless", with name: 'crafttweaker:xnet_advanced_connector_yellow' that outputs: '<item:xnet:advanced_connector_yellow>'
[00:00:02.414][INFO]: Adding 'minecraft:crafting' recipe, of type: "shapeless", with name: 'crafttweaker:xnet_netcable_green' that outputs: '<item:xnet:netcable_green>'
[00:00:02.414][INFO]: Adding 'minecraft:crafting' recipe, of type: "shapeless", with name: 'crafttweaker:xnet_connector_green' that outputs: '<item:xnet:connector_green>'
[00:00:02.415][INFO]: Adding 'minecraft:crafting' recipe, of type: "shapeless", with name: 'crafttweaker:xnet_advanced_connector_green' that outputs: '<item:xnet:advanced_connector_green>'
[00:00:02.415][INFO]: Adding 'minecraft:crafting' recipe, of type: "shapeless", with name: 'crafttweaker:xnet_netcable_blue' that outputs: '<item:xnet:netcable_blue>'
[00:00:02.415][INFO]: Adding 'minecraft:crafting' recipe, of type: "shapeless", with name: 'crafttweaker:xnet_connector_blue' that outputs: '<item:xnet:connector_blue>'
[00:00:02.415][INFO]: Adding 'minecraft:crafting' recipe, of type: "shapeless", with name: 'crafttweaker:xnet_advanced_connector_blue' that outputs: '<item:xnet:advanced_connector_blue>'
[00:00:02.415][INFO]: Adding 'minecraft:crafting' recipe, of type: "shapeless", with name: 'crafttweaker:xnet_netcable_red' that outputs: '<item:xnet:netcable_red>'
[00:00:02.415][INFO]: Adding 'minecraft:crafting' recipe, of type: "shapeless", with name: 'crafttweaker:xnet_connector_red' that outputs: '<item:xnet:connector_red>'
[00:00:02.416][INFO]: Adding 'minecraft:crafting' recipe, of type: "shapeless", with name: 'crafttweaker:xnet_advanced_connector_red' that outputs: '<item:xnet:advanced_connector_red>'
[00:00:02.416][INFO]: Adding 'minecraft:crafting' recipe, of type: "shaped", with name: 'crafttweaker:ae2_logic_processor' that outputs: '<item:ae2:logic_processor>'
[00:00:02.416][INFO]: Adding 'minecraft:crafting' recipe, of type: "shaped", with name: 'crafttweaker:ae2_engineering_processor' that outputs: '<item:ae2:engineering_processor>'
[00:00:02.417][INFO]: Adding 'minecraft:crafting' recipe, of type: "shaped", with name: 'crafttweaker:ae2_calculation_processor' that outputs: '<item:ae2:calculation_processor>'
[00:00:02.417][INFO]: Adding 'minecraft:crafting' recipe, of type: "shaped", with name: 'crafttweaker:ae2_controller' that outputs: '<item:ae2:controller>'
[00:00:02.417][INFO]: Adding 'minecraft:crafting' recipe, of type: "shaped", with name: 'crafttweaker:ae2_1k_component' that outputs: '<item:ae2:cell_component_1k>'
[00:00:02.417][INFO]: Adding 'minecraft:crafting' recipe, of type: "shapeless", with name: 'crafttweaker:ae2_storage_cell_1k_shapeless' that outputs: '<item:ae2:item_storage_cell_1k>'
[00:00:02.417][INFO]: Adding 'minecraft:crafting' recipe, of type: "shaped", with name: 'crafttweaker:ae2_4k_component' that outputs: '<item:ae2:cell_component_4k>'
[00:00:02.418][INFO]: Adding 'minecraft:crafting' recipe, of type: "shapeless", with name: 'crafttweaker:ae2_storage_cell_4k_shapeless' that outputs: '<item:ae2:item_storage_cell_4k>'
[00:00:02.418][INFO]: Adding 'minecraft:crafting' recipe, of type: "shaped", with name: 'crafttweaker:ae2_16k_component' that outputs: '<item:ae2:cell_component_16k>'
[00:00:02.418][INFO]: Adding 'minecraft:crafting' recipe, of type: "shapeless", with name: 'crafttweaker:ae2_storage_cell_16k_shapeless' that outputs: '<item:ae2:item_storage_cell_16k>'
[00:00:02.418][INFO]: Adding 'minecraft:crafting' recipe, of type: "shaped", with name: 'crafttweaker:ae2_64k_component' that outputs: '<item:ae2:cell_component_64k>'
[00:00:02.418][INFO]: Adding 'minecraft:crafting' recipe, of type: "shapeless", with name: 'crafttweaker:ae2_storage_cell_64k_shapeless' that outputs: '<item:ae2:item_storage_cell_64k>'
[00:00:02.418][INFO]: Adding 'minecraft:crafting' recipe, of type: "shaped", with name: 'crafttweaker:ae2_256k_component' that outputs: '<item:ae2:cell_component_256k>'
[00:00:02.419][INFO]: Adding 'minecraft:crafting' recipe, of type: "shapeless", with name: 'crafttweaker:ae2_storage_cell_256k_shapeless' that outputs: '<item:ae2:item_storage_cell_256k>'
[00:00:02.419][INFO]: Adding 'minecraft:crafting' recipe, of type: "shaped", with name: 'crafttweaker:ae2_cell_housing' that outputs: '<item:ae2:item_cell_housing>'
[00:00:02.419][INFO]: Adding 'minecraft:crafting' recipe, of type: "shaped", with name: 'crafttweaker:ae2_fluid_cell_housing' that outputs: '<item:ae2:fluid_cell_housing>'
[00:00:02.419][INFO]: Adding 'minecraft:crafting' recipe, of type: "shaped", with name: 'crafttweaker:ae2_drive' that outputs: '<item:ae2:drive>'
[00:00:02.419][INFO]: Adding 'minecraft:crafting' recipe, of type: "shaped", with name: 'crafttweaker:ae2_formation_core' that outputs: '<item:ae2:formation_core>'
[00:00:02.419][INFO]: Adding 'minecraft:crafting' recipe, of type: "shaped", with name: 'crafttweaker:ae2_annihilation_core' that outputs: '<item:ae2:annihilation_core>'
[00:00:02.420][INFO]: Adding 'minecraft:crafting' recipe, of type: "shaped", with name: 'crafttweaker:ae2_molecular_assembler' that outputs: '<item:ae2:molecular_assembler>'
[00:00:02.420][INFO]: Adding 'minecraft:crafting' recipe, of type: "shaped", with name: 'crafttweaker:ae2_interface' that outputs: '<item:ae2:interface>'
[00:00:02.420][INFO]: Adding 'minecraft:crafting' recipe, of type: "shapeless", with name: 'crafttweaker:ae2_shapeless_interface' that outputs: '<item:ae2:interface>'
[00:00:02.420][INFO]: Adding 'minecraft:crafting' recipe, of type: "shaped", with name: 'crafttweaker:ae2_inscriber' that outputs: '<item:ae2:inscriber>'
[00:00:02.420][INFO]: Adding 'minecraft:crafting' recipe, of type: "shaped", with name: 'crafttweaker:ae2_quartz_fiber' that outputs: '<item:ae2:quartz_fiber> * 4'
[00:00:02.421][INFO]: Adding 'minecraft:crafting' recipe, of type: "shapeless", with name: 'crafttweaker:ae2_shapeless_terminal' that outputs: '<item:ae2:terminal>'
[00:00:02.421][INFO]: Adding 'minecraft:crafting' recipe, of type: "shaped", with name: 'crafttweaker:ae2_crafting_grid' that outputs: '<item:ae2:crafting_terminal>'
[00:00:02.421][INFO]: Adding 'minecraft:crafting' recipe, of type: "shapeless", with name: 'crafttweaker:ae2_shapeless_pattern_encoding_terminal' that outputs: '<item:ae2:pattern_encoding_terminal>'
[00:00:02.421][INFO]: Adding 'minecraft:crafting' recipe, of type: "shaped", with name: 'crafttweaker:ae2_charger' that outputs: '<item:ae2:charger>'
[00:00:02.422][INFO]: Adding 'minecraft:crafting' recipe, of type: "shapeless", with name: 'crafttweaker:ae2_cable_anchor' that outputs: '<item:ae2:cable_anchor> * 3'
[00:00:02.422][INFO]: Adding 'minecraft:crafting' recipe, of type: "shaped", with name: 'crafttweaker:ae2_basic_card' that outputs: '<item:ae2:basic_card>'
[00:00:02.422][INFO]: Adding 'minecraft:crafting' recipe, of type: "shaped", with name: 'crafttweaker:ae2_advanced_card' that outputs: '<item:ae2:advanced_card>'
[00:00:02.422][INFO]: Adding 'minecraft:crafting' recipe, of type: "shaped", with name: 'crafttweaker:ae2_shapeless_acceleration_card' that outputs: '<item:ae2:speed_card>'
[00:00:02.423][INFO]: Adding 'minecraft:crafting' recipe, of type: "shapeless", with name: 'crafttweaker:ae2_shapeless_crafting_card' that outputs: '<item:ae2:crafting_card>'
[00:00:02.423][INFO]: Adding 'minecraft:crafting' recipe, of type: "shaped", with name: 'crafttweaker:ae2_energy_cell' that outputs: '<item:ae2:energy_cell>'
[00:00:02.423][INFO]: Adding 'minecraft:crafting' recipe, of type: "shaped", with name: 'crafttweaker:ae2_crafting_unit' that outputs: '<item:ae2:crafting_unit>'
[00:00:02.423][INFO]: Adding 'minecraft:crafting' recipe, of type: "shaped", with name: 'crafttweaker:ae2_wireless_crafting_terminal' that outputs: '<item:ae2:wireless_crafting_terminal>'
[00:00:02.423][INFO]: Adding 'minecraft:crafting' recipe, of type: "shapeless", with name: 'crafttweaker:ae2_shapeless_wireless_crafting_terminal' that outputs: '<item:ae2:wireless_crafting_terminal>'
[00:00:02.423][INFO]: Adding 'minecraft:crafting' recipe, of type: "shaped", with name: 'crafttweaker:ae2_energy_acceptor' that outputs: '<item:ae2:energy_acceptor>'
[00:00:02.424][INFO]: Adding 'minecraft:crafting' recipe, of type: "shapeless", with name: 'crafttweaker:ae2_shapeless_energy_acceptor' that outputs: '<item:ae2:energy_acceptor>'
[00:00:02.424][INFO]: Adding 'minecraft:crafting' recipe, of type: "shaped", with name: 'crafttweaker:ae2_wireless_access_point' that outputs: '<item:ae2:wireless_access_point>'
[00:00:02.424][INFO]: Adding 'minecraft:crafting' recipe, of type: "shaped", with name: 'crafttweaker:ae2_wireless_receiver' that outputs: '<item:ae2:wireless_receiver>'
[00:00:02.424][INFO]: Adding 'minecraft:crafting' recipe, of type: "shaped", with name: 'crafttweaker:ae2_quartz_growth_accelerator' that outputs: '<item:ae2:quartz_growth_accelerator>'
[00:00:02.424][INFO]: Adding 'minecraft:crafting' recipe, of type: "shaped", with name: 'crafttweaker:ae2_network_wireless_booster' that outputs: '<item:ae2:wireless_booster>'
[00:00:02.424][INFO]: Adding 'minecraft:crafting' recipe, of type: "shaped", with name: 'crafttweaker:ae2_pattern_provider' that outputs: '<item:ae2:pattern_provider>'
[00:00:02.425][INFO]: Adding 'minecraft:crafting' recipe, of type: "shaped", with name: 'crafttweaker:ae2_pattern' that outputs: '<item:ae2:blank_pattern>'
[00:00:02.425][INFO]: Adding 'minecraft:crafting' recipe, of type: "shaped", with name: 'crafttweaker:quantum_ring' that outputs: '<item:ae2:quantum_ring> * 8'
[00:00:02.425][INFO]: Adding 'minecraft:crafting' recipe, of type: "shaped", with name: 'crafttweaker:singularity' that outputs: '<item:ae2:singularity>'
[00:00:02.425][INFO]: Adding 'minecraft:crafting' recipe, of type: "shaped", with name: 'crafttweaker:io_port' that outputs: '<item:ae2:io_port>'
[00:00:02.425][INFO]: Adding 'minecraft:crafting' recipe, of type: "shaped", with name: 'crafttweaker:security_station' that outputs: '<item:ae2:security_station>'
[00:00:02.426][INFO]: Adding 'minecraft:smithing' recipe, with name: 'crafttweaker:ae2t_disk_smithing' that outputs: '<item:ae2things:disk_housing>'
[00:00:02.426][INFO]: Adding 'minecraft:crafting' recipe, of type: "shapeless", with name: 'crafttweaker:ae2t_storage_cell_1k_shapeless' that outputs: '<item:ae2things:disk_drive_1k>'
[00:00:02.426][INFO]: Adding 'minecraft:crafting' recipe, of type: "shapeless", with name: 'crafttweaker:ae2t_storage_cell_4k_shapeless' that outputs: '<item:ae2things:disk_drive_4k>'
[00:00:02.426][INFO]: Adding 'minecraft:crafting' recipe, of type: "shapeless", with name: 'crafttweaker:ae2t_storage_cell_16k_shapeless' that outputs: '<item:ae2things:disk_drive_16k>'
[00:00:02.426][INFO]: Adding 'minecraft:crafting' recipe, of type: "shapeless", with name: 'crafttweaker:ae2t_storage_cell_64k_shapeless' that outputs: '<item:ae2things:disk_drive_64k>'
[00:00:02.426][INFO]: Adding 'minecraft:crafting' recipe, of type: "shapeless", with name: 'crafttweaker:ae2t_storage_cell_256k_shapeless' that outputs: '<item:ae2things:disk_drive_256k>'
[00:00:02.427][INFO]: Adding 'minecraft:crafting' recipe, of type: "shaped", with name: 'crafttweaker:ae2t_advanced_inscriber' that outputs: '<item:ae2things:advanced_inscriber>'
[00:00:02.427][INFO]: Adding 'minecraft:crafting' recipe, of type: "shapeless", with name: 'crafttweaker:ae2_calculation_processor_press' that outputs: '<item:ae2:calculation_processor_press>'
[00:00:02.427][INFO]: Adding 'minecraft:crafting' recipe, of type: "shapeless", with name: 'crafttweaker:ae2_logic_processor_press' that outputs: '<item:ae2:logic_processor_press>'
[00:00:02.427][INFO]: Adding 'minecraft:crafting' recipe, of type: "shapeless", with name: 'crafttweaker:ae2_silicon_processor_press' that outputs: '<item:ae2:silicon_press>'
[00:00:02.427][INFO]: Adding 'minecraft:crafting' recipe, of type: "shaped", with name: 'crafttweaker:alexsmobs_rainbow_glass' that outputs: '<item:alexsmobs:rainbow_glass> * 9'
[00:00:02.428][INFO]: Registering new items tag with name <tag:items:forge:generators>
[00:00:02.428][INFO]: Adding: [irongenerators:stone_generator, irongenerators:iron_generator, irongenerators:copper_generator, irongenerators:gold_generator, irongenerators:diamond_generator, irongenerators:netherite_generator] to tag: <tag:items:forge:generators>
[00:00:02.428][INFO]: Adding 'minecraft:crafting' recipe, of type: "shaped", with name: 'crafttweaker:irongenerators_irongenerator' that outputs: '<item:irongenerators:iron_generator>'
[00:00:02.428][INFO]: Adding 'minecraft:crafting' recipe, of type: "shaped", with name: 'crafttweaker:irongenerators_copper_generator' that outputs: '<item:irongenerators:copper_generator>'
[00:00:02.429][INFO]: Adding 'minecraft:crafting' recipe, of type: "shaped", with name: 'crafttweaker:irongenerators_gold_generator' that outputs: '<item:irongenerators:gold_generator>'
[00:00:02.429][INFO]: Adding 'minecraft:crafting' recipe, of type: "shaped", with name: 'crafttweaker:irongenerators_diamond_generator' that outputs: '<item:irongenerators:diamond_generator>'
[00:00:02.429][INFO]: Adding 'minecraft:crafting' recipe, of type: "shaped", with name: 'crafttweaker:irongenerators_netherite_generator' that outputs: '<item:irongenerators:netherite_generator>'
[00:00:02.429][INFO]: Adding 'minecraft:crafting' recipe, of type: "shaped", with name: 'crafttweaker:ironfurnaces_heater' that outputs: '<item:ironfurnaces:heater>'
[00:00:02.429][INFO]: Adding 'minecraft:crafting' recipe, of type: "shaped", with name: 'crafttweaker:ironfurnaces_item_heater' that outputs: '<item:ironfurnaces:item_heater>'
[00:00:02.430][INFO]: Adding 'minecraft:crafting' recipe, of type: "shaped", with name: 'crafttweaker:ironfurnaces_item_copy' that outputs: '<item:ironfurnaces:item_copy>'
[00:00:02.430][INFO]: Adding 'minecraft:crafting' recipe, of type: "shaped", with name: 'crafttweaker:ironfurnaces_item_linker' that outputs: '<item:ironfurnaces:item_linker>'
[00:00:02.430][INFO]: Adding 'minecraft:crafting' recipe, of type: "shaped", with name: 'crafttweaker:ironfurnaces_augment_factory' that outputs: '<item:ironfurnaces:augment_factory>'
[00:00:02.430][INFO]: Adding 'minecraft:crafting' recipe, of type: "shaped", with name: 'crafttweaker:ironfurnaces_iron_furnace' that outputs: '<item:ironfurnaces:iron_furnace>'
[00:00:02.430][INFO]: Adding 'minecraft:crafting' recipe, of type: "shaped", with name: 'crafttweaker:ironfurnaces_gold_furnace' that outputs: '<item:ironfurnaces:gold_furnace>'
[00:00:02.430][INFO]: Adding 'minecraft:crafting' recipe, of type: "shaped", with name: 'crafttweaker:ironfurnaces_diamond_furnace' that outputs: '<item:ironfurnaces:diamond_furnace>'
[00:00:02.431][INFO]: Adding 'minecraft:crafting' recipe, of type: "shaped", with name: 'crafttweaker:ironfurnaces_emerald_furnace' that outputs: '<item:ironfurnaces:emerald_furnace>'
[00:00:02.431][INFO]: Adding 'minecraft:crafting' recipe, of type: "shaped", with name: 'crafttweaker:ironfurnaces_crystal_furnace' that outputs: '<item:ironfurnaces:crystal_furnace>'
[00:00:02.431][INFO]: Adding 'minecraft:crafting' recipe, of type: "shaped", with name: 'crafttweaker:ironfurnaces_obsidian_furnace' that outputs: '<item:ironfurnaces:obsidian_furnace>'
[00:00:02.431][INFO]: Adding 'minecraft:crafting' recipe, of type: "shaped", with name: 'crafttweaker:ironfurnaces_netherite_furnace' that outputs: '<item:ironfurnaces:netherite_furnace>'
[00:00:02.431][INFO]: Adding 'minecraft:crafting' recipe, of type: "shaped", with name: 'crafttweaker:ironfurnaces_rainbow_core' that outputs: '<item:ironfurnaces:rainbow_core>'
[00:00:02.431][INFO]: Adding 'minecraft:crafting' recipe, of type: "shapeless", with name: 'crafttweaker:ironfurnaces_nrainbow_plating' that outputs: '<item:ironfurnaces:rainbow_plating> * 8'
[00:00:02.432][INFO]: Adding 'minecraft:crafting' recipe, of type: "shaped", with name: 'crafttweaker:ironfurnaces_augment_generator' that outputs: '<item:ironfurnaces:augment_generator>'
[00:00:02.433][INFO]: Registering event listener for EntityInteract.
[00:00:02.433][INFO]: Adding 'minecraft:smelting' recipe, with name: 'crafttweaker:raw2blocknickel' that outputs: '<item:thermal:nickel_block>'
[00:00:02.433][INFO]: Adding 'minecraft:blasting' recipe, with name: 'crafttweaker:raw_thermal_nickel_block_2_nickel' that outputs: '<item:thermal:nickel_block>'
[00:00:02.434][INFO]: Adding 'minecraft:smelting' recipe, with name: 'crafttweaker:raw2blockosmium' that outputs: '<item:mekanism:block_osmium>'
[00:00:02.434][INFO]: Adding 'minecraft:blasting' recipe, with name: 'crafttweaker:raw_osmium_block_2_osmium' that outputs: '<item:mekanism:block_osmium>'
[00:00:02.434][INFO]: Adding 'minecraft:smelting' recipe, with name: 'crafttweaker:raw2blocklead' that outputs: '<item:thermal:lead_block>'
[00:00:02.434][INFO]: Adding 'minecraft:blasting' recipe, with name: 'crafttweaker:raw_thermal_lead_block_2_lead' that outputs: '<item:thermal:lead_block>'
[00:00:02.434][INFO]: Adding 'minecraft:smelting' recipe, with name: 'crafttweaker:raw2blocktin2' that outputs: '<item:mekanism:block_tin>'
[00:00:02.435][INFO]: Adding 'minecraft:blasting' recipe, with name: 'crafttweaker:raw_tin_block_2_tin' that outputs: '<item:mekanism:block_tin>'
[00:00:02.435][INFO]: Adding 'minecraft:smelting' recipe, with name: 'crafttweaker:raw2blockgold' that outputs: '<item:minecraft:gold_block>'
[00:00:02.435][INFO]: Adding 'minecraft:blasting' recipe, with name: 'crafttweaker:raw_gold_block_3_gold' that outputs: '<item:minecraft:gold_block>'
[00:00:02.435][INFO]: Adding 'minecraft:smelting' recipe, with name: 'crafttweaker:raw2blockchromatic' that outputs: '<item:the_vault:chromatic_iron_block>'
[00:00:02.435][INFO]: Adding 'minecraft:blasting' recipe, with name: 'crafttweaker:raw_chromatic_block_2_chromatic_iron' that outputs: '<item:the_vault:chromatic_iron_block>'
[00:00:02.436][INFO]: Adding 'minecraft:smelting' recipe, with name: 'crafttweaker:raw2blocklead2' that outputs: '<item:mekanism:block_lead>'
[00:00:02.436][INFO]: Adding 'minecraft:blasting' recipe, with name: 'crafttweaker:raw_lead_block_2_lead' that outputs: '<item:mekanism:block_lead>'
[00:00:02.436][INFO]: Adding 'minecraft:smelting' recipe, with name: 'crafttweaker:raw2blocktin' that outputs: '<item:thermal:tin_block>'
[00:00:02.436][INFO]: Adding 'minecraft:blasting' recipe, with name: 'crafttweaker:raw_thermal_tin_block_2_tin' that outputs: '<item:thermal:tin_block>'
[00:00:02.436][INFO]: Adding 'minecraft:smelting' recipe, with name: 'crafttweaker:raw2blockcopper' that outputs: '<item:minecraft:copper_block>'
[00:00:02.437][INFO]: Adding 'minecraft:blasting' recipe, with name: 'crafttweaker:raw_copper_block_2_copper' that outputs: '<item:minecraft:copper_block>'
[00:00:02.437][INFO]: Adding 'minecraft:smelting' recipe, with name: 'crafttweaker:raw2blockiron' that outputs: '<item:minecraft:iron_block>'
[00:00:02.437][INFO]: Adding 'minecraft:blasting' recipe, with name: 'crafttweaker:raw_iron_block_2_iron' that outputs: '<item:minecraft:iron_block>'
[00:00:02.437][INFO]: Adding 'minecraft:smelting' recipe, with name: 'crafttweaker:raw2blocksilver' that outputs: '<item:thermal:silver_block>'
[00:00:02.437][INFO]: Adding 'minecraft:blasting' recipe, with name: 'crafttweaker:raw_thermal_silver_block_2_silver' that outputs: '<item:thermal:silver_block>'
[00:00:02.438][INFO]: Adding 'minecraft:smelting' recipe, with name: 'crafttweaker:raw2blockuranium' that outputs: '<item:mekanism:block_uranium>'
[00:00:02.438][INFO]: Adding 'minecraft:blasting' recipe, with name: 'crafttweaker:raw_uranium_block_2_uranium' that outputs: '<item:mekanism:block_uranium>'
[00:00:02.438][INFO]: Adding 'minecraft:smelting' recipe, with name: 'crafttweaker:raw2blockzinc' that outputs: '<item:create:zinc_block>'
[00:00:02.438][INFO]: Adding 'minecraft:blasting' recipe, with name: 'crafttweaker:raw_zinc_block_2_zinc' that outputs: '<item:create:zinc_block>'
[00:00:02.439][INFO]: Adding 'minecraft:crafting' recipe, of type: "shaped", with name: 'crafttweaker:edge_light' that outputs: '<item:simplylight:edge_light>'
[00:00:02.439][INFO]: Execution for loader 'crafttweaker' completed successfully
